-- phpMyAdmin SQL Dump
-- version 4.8.2
-- https://www.phpmyadmin.net/
--
-- Servidor: 127.0.0.1
-- Tiempo de generación: 25-10-2020 a las 18:15:38
-- Versión del servidor: 10.1.34-MariaDB
-- Versión de PHP: 7.2.8

SET SQL_MODE = "NO_AUTO_VALUE_ON_ZERO";
SET AUTOCOMMIT = 0;
START TRANSACTION;
SET time_zone = "+00:00";


/*!40101 SET @OLD_CHARACTER_SET_CLIENT=@@CHARACTER_SET_CLIENT */;
/*!40101 SET @OLD_CHARACTER_SET_RESULTS=@@CHARACTER_SET_RESULTS */;
/*!40101 SET @OLD_COLLATION_CONNECTION=@@COLLATION_CONNECTION */;
/*!40101 SET NAMES utf8mb4 */;

--
-- Base de datos: `dharma_prod`
--

-- --------------------------------------------------------

--
-- Estructura de tabla para la tabla `anexo`
--

CREATE TABLE `anexo` (
  `anexo_id` int(11) NOT NULL,
  `denominacion` varchar(150) COLLATE utf8_spanish_ci DEFAULT NULL,
  `monto` float DEFAULT NULL,
  `detalle` text COLLATE utf8_spanish_ci
) ENGINE=InnoDB DEFAULT CHARSET=utf8 COLLATE=utf8_spanish_ci;

--
-- Volcado de datos para la tabla `anexo`
--

INSERT INTO `anexo` (`anexo_id`, `denominacion`, `monto`, `detalle`) VALUES
(1, 'ANEXO I', 400, ''),
(2, 'ANEXO II', 500, ''),
(3, 'ANEXO III', 600, ''),
(4, 'ANEXO IV', 700, ''),
(5, 'ANEXO V', 750, ''),
(6, 'ANEXO VI', 800, ''),
(7, 'ANEXO VII', 900, ''),
(8, 'ANEXO VIII', 950, ''),
(9, 'ANEXO IX', 1000, ''),
(10, 'ANEXO X', 1200, ''),
(11, 'ANEXO XI', 1300, ''),
(12, 'ANEXO XII', 1400, ''),
(13, 'ANEXO XIII', 1500, ''),
(14, 'ANEXO I', 600, ''),
(15, 'ANEXO II', 800, ''),
(16, 'ANEXO III', 1000, ''),
(17, 'ANEXO IV', 1200, ''),
(18, 'ANEXO V', 1500, ''),
(19, 'ANEXO VI', 1500, ''),
(20, 'ANEXO I', 500, ''),
(21, 'ANEXO II', 800, ''),
(22, 'ANEXO III', 1000, ''),
(23, 'ANEXO IV', 1200, ''),
(24, 'ANEXO V', 1500, ''),
(25, 'ANEXO I', 600, ''),
(26, 'ANEXO II', 700, ''),
(27, 'ANEXO III', 1000, ''),
(28, 'ANEXO IV', 0, ''),
(29, 'ANEXO V', 1300, ''),
(30, 'ANEXO VI', 1500, ''),
(31, 'ANEXO I', 750, ''),
(32, 'ANEXO II', 900, ''),
(33, 'ANEXO III', 1000, ''),
(34, 'ANEXO IV', 1500, ''),
(35, 'ANEXO I', 350, ''),
(36, 'ANEXO II', 400, ''),
(37, 'ANEXO III', 500, ''),
(38, 'ANEXO IV', 600, ''),
(39, 'ANEXO V', 650, ''),
(40, 'ANEXO VI', 700, ''),
(41, 'ANEXO VII', 750, ''),
(42, 'ANEXO VIII', 800, ''),
(43, 'ANEXO IX', 900, ''),
(44, 'ANEXO X', 950, ''),
(45, 'ANEXO XI', 1000, ''),
(46, 'ANEXO XII', 1400, ''),
(47, 'ANEXO XIII', 1100, ''),
(48, 'ANEXO XIV', 1200, ''),
(49, 'ANEXO XV', 1300, ''),
(50, 'ANEXO XVI', 1500, ''),
(51, 'ANEXO I', 1000, ''),
(52, 'ANEXO II', 1200, ''),
(53, 'ANEXO I', 550, ''),
(54, 'ANEXO II', 600, ''),
(55, 'ANEXO III', 650, ''),
(56, 'ANEXO IV', 700, ''),
(57, 'ANEXO V', 750, ''),
(58, 'ANEXO VI', 800, ''),
(59, 'ANEXO VII', 900, ''),
(60, 'ANEXO I', 400, ''),
(61, 'ANEXO II', 500, ''),
(62, 'ANEXO III', 600, ''),
(63, 'ANEXO IV', 650, ''),
(64, 'ANEXO V', 750, ''),
(65, 'ANEXO VI', 800, ''),
(66, 'ANEXO VII', 1000, ''),
(67, 'ANEXO VIII', 1200, ''),
(68, 'ANEXO IX', 1500, ''),
(69, 'ANEXO I', 600, ''),
(70, 'ANEXO II', 800, ''),
(71, 'ANEXO III', 1500, ''),
(72, 'ANEXO I', 300, ''),
(73, 'ANEXO II', 500, ''),
(74, 'ANEXO III', 600, ''),
(75, 'ANEXO I', 400, ''),
(76, 'ANEXO II', 650, ''),
(77, 'ANEXO III', 700, ''),
(78, 'ANEXO IV', 900, ''),
(79, 'ANEXO V', 1000, ''),
(80, 'ANEXO VI', 1200, ''),
(81, 'ANEXO VII', 1500, ''),
(82, 'ANEXO VIII', 1000, ''),
(83, 'ANEXO IX', 1200, ''),
(84, 'ANEXO X', 1500, ''),
(85, 'ANEXO XIV', 1600, ''),
(86, 'ANEXO XVII', 1600, ''),
(87, 'ANEXO XVIII', 1700, ''),
(88, 'ANEXO XV', 1700, ''),
(89, 'ANEXO X', 1700, ''),
(90, 'ANEXO III', 800, ''),
(91, 'ANEXO VII', 1700, '');

-- --------------------------------------------------------

--
-- Estructura de tabla para la tabla `anexobeca`
--

CREATE TABLE `anexobeca` (
  `anexobeca_id` int(11) NOT NULL,
  `compuesto` int(11) DEFAULT NULL,
  `compositor` int(11) DEFAULT NULL
) ENGINE=InnoDB DEFAULT CHARSET=utf8 COLLATE=utf8_spanish_ci;

--
-- Volcado de datos para la tabla `anexobeca`
--

INSERT INTO `anexobeca` (`anexobeca_id`, `compuesto`, `compositor`) VALUES
(20, 3, 20),
(21, 3, 21),
(22, 3, 22),
(23, 3, 23),
(24, 3, 24),
(25, 4, 25),
(26, 4, 26),
(27, 4, 27),
(28, 4, 28),
(29, 4, 29),
(30, 4, 30),
(31, 5, 31),
(32, 5, 32),
(33, 5, 33),
(34, 5, 34),
(69, 10, 69),
(70, 10, 70),
(71, 10, 71),
(72, 11, 72),
(73, 11, 73),
(74, 11, 74),
(75, 12, 75),
(76, 12, 76),
(77, 12, 77),
(78, 12, 78),
(79, 12, 79),
(80, 12, 80),
(81, 12, 81),
(99, 8, 53),
(100, 8, 54),
(101, 8, 55),
(102, 8, 56),
(103, 8, 57),
(104, 8, 58),
(105, 8, 59),
(106, 8, 82),
(107, 8, 83),
(108, 8, 84),
(140, 6, 35),
(141, 6, 36),
(142, 6, 37),
(143, 6, 38),
(144, 6, 39),
(145, 6, 40),
(146, 6, 41),
(147, 6, 42),
(148, 6, 43),
(149, 6, 44),
(150, 6, 45),
(151, 6, 46),
(152, 6, 47),
(153, 6, 48),
(154, 6, 49),
(155, 6, 50),
(156, 6, 86),
(157, 6, 87),
(158, 1, 1),
(159, 1, 2),
(160, 1, 3),
(161, 1, 4),
(162, 1, 5),
(163, 1, 6),
(164, 1, 7),
(165, 1, 8),
(166, 1, 9),
(167, 1, 10),
(168, 1, 11),
(169, 1, 12),
(170, 1, 13),
(171, 1, 85),
(172, 1, 88),
(173, 9, 60),
(174, 9, 61),
(175, 9, 62),
(176, 9, 63),
(177, 9, 64),
(178, 9, 65),
(179, 9, 66),
(180, 9, 67),
(181, 9, 68),
(182, 9, 89),
(183, 7, 51),
(184, 7, 52),
(185, 7, 90),
(186, 2, 14),
(187, 2, 15),
(188, 2, 16),
(189, 2, 17),
(190, 2, 18),
(191, 2, 19),
(192, 2, 91);

-- --------------------------------------------------------

--
-- Estructura de tabla para la tabla `archivo`
--

CREATE TABLE `archivo` (
  `archivo_id` int(11) NOT NULL,
  `denominacion` varchar(250) COLLATE utf8_spanish_ci DEFAULT NULL,
  `url` varchar(100) COLLATE utf8_spanish_ci DEFAULT NULL,
  `fecha_carga` date DEFAULT NULL,
  `formato` varchar(50) COLLATE utf8_spanish_ci DEFAULT NULL
) ENGINE=InnoDB DEFAULT CHARSET=utf8 COLLATE=utf8_spanish_ci;

-- --------------------------------------------------------

--
-- Estructura de tabla para la tabla `backup`
--

CREATE TABLE `backup` (
  `backup_id` int(11) NOT NULL,
  `denominacion` varchar(250) COLLATE utf8_spanish_ci DEFAULT NULL,
  `usuario` varchar(100) COLLATE utf8_spanish_ci DEFAULT NULL,
  `fecha` date DEFAULT NULL,
  `hora` time DEFAULT NULL,
  `detalle` text COLLATE utf8_spanish_ci NOT NULL
) ENGINE=InnoDB DEFAULT CHARSET=utf8 COLLATE=utf8_spanish_ci;

-- --------------------------------------------------------

--
-- Estructura de tabla para la tabla `beca`
--

CREATE TABLE `beca` (
  `beca_id` int(11) NOT NULL,
  `denominacion` varchar(150) COLLATE utf8_spanish_ci DEFAULT NULL,
  `resolucion` varchar(150) COLLATE utf8_spanish_ci DEFAULT NULL,
  `fecha` date NOT NULL,
  `detalle` text COLLATE utf8_spanish_ci,
  `tipobeca` int(11) DEFAULT NULL,
  `localidad` int(11) DEFAULT NULL,
  `plan` int(11) DEFAULT NULL
) ENGINE=InnoDB DEFAULT CHARSET=utf8 COLLATE=utf8_spanish_ci;

--
-- Volcado de datos para la tabla `beca`
--

INSERT INTO `beca` (`beca_id`, `denominacion`, `resolucion`, `fecha`, `detalle`, `tipobeca`, `localidad`, `plan`) VALUES
(1, 'Becas Laborales 2018', '1.454/18', '2018-05-22', '', 1, 3, 1),
(2, 'Becas Laborales 2018', '1.460/18', '2018-05-22', '', 1, 1, 1),
(3, 'Becas Laborales 2018', '1.457/18', '2018-05-22', '', 1, 6, 1),
(4, 'Becas Laborales 2018', '1.458/18', '2018-05-22', '', 1, 10, 1),
(5, 'Becas Laborales 2018', '1.464/18', '2018-05-22', '', 1, 7, 1),
(6, 'Becas Laborales 2018', '1.455/18', '2018-05-22', '', 1, 4, 1),
(7, 'Becas Laborales 2018', '1.459/18', '2018-05-22', '', 1, 9, 1),
(8, 'Becas Laborales 2018', '1.462/18', '2018-05-22', '', 1, 2, 1),
(9, 'Becas Laborales 2018', '1.461/18', '2018-05-22', '', 1, 5, 1),
(10, 'Becas Laborales 2018', '1.463/18', '2018-05-22', '', 1, 8, 1),
(11, 'Becas Laborales 2018', '1.465/18', '2018-05-22', '', 1, 8, 1),
(12, 'Becas Laborales 2018', '1.456/18', '2018-05-22', '', 1, 11, 1);

-- --------------------------------------------------------

--
-- Estructura de tabla para la tabla `beneficiario`
--

CREATE TABLE `beneficiario` (
  `beneficiario_id` int(11) NOT NULL,
  `apellido` varchar(150) COLLATE utf8_spanish_ci DEFAULT NULL,
  `nombre` varchar(150) COLLATE utf8_spanish_ci DEFAULT NULL,
  `fecha_nacimiento` date DEFAULT NULL,
  `documento` int(11) DEFAULT NULL,
  `cuil` bigint(15) DEFAULT NULL,
  `domicilio` varchar(250) COLLATE utf8_spanish_ci DEFAULT NULL,
  `telefono` bigint(15) DEFAULT NULL,
  `correoelectronico` varchar(250) COLLATE utf8_spanish_ci DEFAULT NULL,
  `localidad` int(11) DEFAULT NULL
) ENGINE=InnoDB DEFAULT CHARSET=utf8 COLLATE=utf8_spanish_ci;

--
-- Volcado de datos para la tabla `beneficiario`
--

INSERT INTO `beneficiario` (`beneficiario_id`, `apellido`, `nombre`, `fecha_nacimiento`, `documento`, `cuil`, `domicilio`, `telefono`, `correoelectronico`, `localidad`) VALUES
(1, 'BARROS  MOLINA ', 'GERARDO JOAQUIN ', '0000-00-00', 39904790, 0, '', 0, '', 3),
(2, 'CHANAMPE SAAVEDRA', ' MAXIMILIANO', '0000-00-00', 37319750, 0, '', 0, '', 3),
(3, 'LOPEZ ', 'ANDREA CECILIA', '0000-00-00', 28484824, 0, '', 0, '', 3),
(4, 'ORMEÑO ', 'CATALINA', '0000-00-00', 0, 0, '', 0, '', 3),
(5, 'FLORES ', 'ANGEL YAMIL', '0000-00-00', 38480726, 0, '', 0, '', 3),
(6, 'PALACIOS', ' FAUSTO JOSE', '0000-00-00', 8018449, 0, '', 0, '', 3),
(7, 'AGUIRRE ', 'RAMONA LORENA', '0000-00-00', 33767000, 0, '', 0, '', 3),
(8, 'BARRERA ', 'DANIEL', '0000-00-00', 26663624, 0, '', 0, '', 3),
(9, 'CALIVA', 'ROMINA', '0000-00-00', 30311912, 0, '', 0, '', 3),
(10, 'CEREZO ', 'ANDRES EDUARDO', '0000-00-00', 31182098, 0, '', 0, '', 3),
(11, 'FLORES ', 'GONZALO DAVID', '0000-00-00', 33234992, 0, '', 0, '', 3),
(12, 'FLORES ', 'SERGIO EXEQUIEL', '0000-00-00', 36502842, 0, '', 0, '', 3),
(13, 'TAPIA', 'LAURA NICOLASA', '0000-00-00', 37494932, 0, '', 0, '', 3),
(14, 'VALLEJO ', 'ANA BELEN', '0000-00-00', 39300822, 0, '', 0, '', 3),
(15, 'VERAGUA ', 'ANGEL DAVID', '0000-00-00', 33394525, 0, '', 0, '', 3),
(16, 'CASTRO ', 'BRAIAN DANIEL', '0000-00-00', 38480859, 0, '', 0, '', 3),
(17, 'DEL CARRIL ', 'ESTEBAN', '0000-00-00', 36502939, 0, '', 0, '', 3),
(18, 'FLORES ', 'GISELLE', '0000-00-00', 33767062, 0, '', 0, '', 3),
(19, 'FLORES ', 'KEYLA', '0000-00-00', 36502852, 0, '', 0, '', 3),
(20, 'FLORES ', 'MAXIMILIANO NORBERTO', '0000-00-00', 35850075, 0, '', 0, '', 3),
(21, 'GALLEGO ', 'BRENDA SAIDA', '0000-00-00', 35064605, 0, '', 0, '', 3),
(22, 'GUERRERO ', 'MARCOS IVAN', '0000-00-00', 28564716, 0, '', 0, '', 3),
(24, 'MUÑOZ ', 'RICARDO HUGO', '0000-00-00', 29387212, 0, '', 0, '', 3),
(25, 'ORMEÑO ', 'CELESTE', '0000-00-00', 39700281, 0, '', 0, '', 3),
(26, 'ORTIZ ', 'MAXIMILIANO RAMON', '0000-00-00', 38480769, 0, '', 0, '', 3),
(27, 'PAEZ ', 'ANA BELEN', '0000-00-00', 33394520, 0, '', 0, '', 3),
(28, 'PAEZ ', 'CARLOS GERARDO', '0000-00-00', 36502874, 0, '', 0, '', 3),
(29, 'PAEZ ', 'GABRIEL NICOLAS', '0000-00-00', 33234944, 0, '', 0, '', 3),
(30, 'PAEZ ', 'MARICEL', '0000-00-00', 36502871, 0, '', 0, '', 3),
(31, 'SORIA ', 'BRIAN NICOLAS', '0000-00-00', 37494514, 0, '', 0, '', 3),
(32, 'SOSA ', 'LAUTARO ARIEL', '0000-00-00', 41845970, 0, '', 0, '', 3),
(33, 'URRICHE ', 'CINDY', '0000-00-00', 41845932, 0, '', 0, '', 3),
(34, 'SOTOMAYOR ', 'LUIS MARIA', '0000-00-00', 8015875, 0, '', 0, '', 3),
(35, 'AGUIRRE ', 'GABRIEL ALEJANDRO', '0000-00-00', 33394533, 0, '', 0, '', 3),
(36, 'ALANIZ ', 'CRISTIAN EMANUEL', '0000-00-00', 36502947, 0, '', 0, '', 3),
(37, 'CEA VALENZUELA ', 'JORGE', '0000-00-00', 92771237, 0, '', 0, '', 3),
(38, 'CERIO', 'SOFIA YANINA', '0000-00-00', 33708237, 0, '', 0, '', 3),
(39, 'DOMINGUEZ ', 'HIPOLITO', '0000-00-00', 6724910, 0, '', 0, '', 3),
(40, 'FLORES ', 'SABRINA MARINE', '0000-00-00', 38480708, 0, '', 0, '', 3),
(41, 'HERRERA ', 'EMANUEL', '0000-00-00', 33502196, 0, '', 0, '', 3),
(42, 'HERRERA ', 'JENNIFER', '0000-00-00', 0, 0, '', 0, '', 3),
(43, 'MURO ', 'MIGUEL ANGEL', '0000-00-00', 24527745, 0, '', 0, '', 3),
(44, 'ORMEÑO TEJADA ', 'VANIA', '0000-00-00', 37319748, 0, '', 0, '', 3),
(45, 'PAEZ ', 'BRENDA', '0000-00-00', 37319742, 0, '', 0, '', 3),
(46, 'PAEZ ', 'MARIA NICOLASA', '0000-00-00', 6341569, 0, '', 0, '', 3),
(47, 'PEREA ', 'SOLEDAD', '0000-00-00', 36502941, 0, '', 0, '', 3),
(48, 'RODRIGUEZ ', 'FERNANDO EMILIO', '0000-00-00', 27045896, 0, '', 0, '', 3),
(49, 'RODRIGUEZ ', 'JOHANA', '0000-00-00', 33394556, 0, '', 0, '', 3),
(50, 'TAPIA RODRIGUEZ ', 'JONATHAN N.', '0000-00-00', 36502838, 0, '', 0, '', 3),
(51, 'TORRES ', 'FLORENCIA', '0000-00-00', 36256023, 0, '', 0, '', 3),
(52, 'VALENZUELA RODRIGUEZ ', 'ANA EMILIA', '0000-00-00', 31902966, 0, '', 0, '', 3),
(53, 'VEGA ', 'CARLOS ELEAZAR', '0000-00-00', 29166759, 0, '', 0, '', 3),
(54, 'YAÑEZ ', 'ESTELA MARIS', '0000-00-00', 37494913, 0, '', 0, '', 3),
(55, 'BARRERA ', 'SHEILA', '0000-00-00', 33394589, 0, '', 0, '', 3),
(56, 'CARPIO ', 'SALOME NICOLASA', '0000-00-00', 28106587, 0, '', 0, '', 3),
(57, 'CARRIZO ', 'MARCELO', '0000-00-00', 36502975, 0, '', 0, '', 3),
(58, 'CEREZO ', 'CLARA ESTHELA', '0000-00-00', 16113620, 0, '', 0, '', 3),
(59, 'CRUZ ', 'VANESA BEATRIZ', '0000-00-00', 32561976, 0, '', 0, '', 3),
(60, 'FLORES ', 'FANNI ADABELLA', '0000-00-00', 36502887, 0, '', 0, '', 3),
(61, 'JUAREZ ', 'CINTIA VANESA', '0000-00-00', 29678129, 0, '', 0, '', 3),
(62, 'ORMEÑO ', 'SAMUEL', '0000-00-00', 25527510, 0, '', 0, '', 3),
(63, 'PAEZ ', 'PAULA IVANA', '0000-00-00', 29049873, 0, '', 0, '', 3),
(64, 'PEREZ ', 'NELSON ALEJANDRO', '0000-00-00', 31902988, 0, '', 0, '', 3),
(65, 'TAPIA ', 'RICARDO SEGUNDO', '0000-00-00', 31902903, 0, '', 0, '', 3),
(66, 'CALA ', 'ANGEL EMILIANO', '0000-00-00', 37319752, 0, '', 0, '', 3),
(67, 'OVIEDO ', 'FABRICIO LEONARDO', '0000-00-00', 29049889, 0, '', 0, '', 3),
(68, 'RAMOS ', 'ROSA', '0000-00-00', 16113612, 0, '', 0, '', 3),
(69, 'BARRERA ', 'IVAN', '0000-00-00', 39904746, 0, '', 0, '', 3),
(70, 'BARRERA ', 'JUAN CRISTOBAL', '0000-00-00', 12393893, 0, '', 0, '', 3),
(71, 'BARRERA ', 'SERGIO', '0000-00-00', 0, 0, '', 0, '', 3),
(72, 'CARRIZO CASTILLO ', 'ESTHER LEONELA', '0000-00-00', 37494994, 0, '', 0, '', 3),
(73, 'CARRIZO ', 'FLORENCIA ANGELICA', '0000-00-00', 41845908, 0, '', 0, '', 3),
(75, 'CASTRO ', 'ROSA ROMINA', '0000-00-00', 32083980, 0, '', 0, '', 3),
(76, 'CEA E. ', 'GISELA AYELEN', '0000-00-00', 39300897, 0, '', 0, '', 3),
(77, 'CEREZO ', 'DOMINGA RAMONA', '0000-00-00', 17916315, 0, '', 0, '', 3),
(78, 'CEREZO GIGENA ', 'EMIR', '0000-00-00', 33394524, 0, '', 0, '', 3),
(79, 'CEREZO ', 'MARIA ROSA', '0000-00-00', 31182076, 0, '', 0, '', 3),
(80, 'CORTEZ ', 'MARIA MICAELA', '0000-00-00', 37649381, 0, '', 0, '', 3),
(81, 'CORTEZ ', 'NORMA CRISTINA', '0000-00-00', 23302077, 0, '', 0, '', 3),
(82, 'DIAZ MUÑOZ ', 'HUGO WALTER', '0000-00-00', 36032302, 0, '', 0, '', 3),
(83, 'DIAZ ', 'NICOLAS ANTONIO', '0000-00-00', 12851310, 0, '', 0, '', 3),
(84, 'DIAZ ', 'WALTER DANIEL', '0000-00-00', 34914807, 0, '', 0, '', 3),
(85, 'DIAZ ', 'WALTER JEREMIAS', '0000-00-00', 41845935, 0, '', 0, '', 3),
(86, 'DOMINGUEZ ', 'EMILIA ANTONIA', '0000-00-00', 28762881, 0, '', 0, '', 3),
(87, 'DOMINGUEZ ', 'GABRIELA BEATRIZ', '0000-00-00', 39300877, 0, '', 0, '', 3),
(88, 'FRANCES ', 'JOAQUIN HUMBERTO', '0000-00-00', 37494949, 0, '', 0, '', 3),
(89, 'GALLEGO ', 'ALBERTO NICOLAS', '0000-00-00', 29819187, 0, '', 0, '', 3),
(90, 'GARROTT ', 'MARIA NOE', '0000-00-00', 35174379, 0, '', 0, '', 3),
(91, 'GODOY ', 'CRISTIAN', '0000-00-00', 26335974, 0, '', 0, '', 3),
(92, 'LOPEZ ', 'IRIS JANNETTE', '0000-00-00', 36032454, 0, '', 0, '', 3),
(93, 'MANRIQUE ', 'LUNA FLORENCIA', '0000-00-00', 37494566, 0, '', 0, '', 3),
(94, 'MUÑOZ ', 'MIRIAN DEOLINDA', '0000-00-00', 26428220, 0, '', 0, '', 3),
(95, 'MUSSO ', 'CARRIZO ANTHONY', '0000-00-00', 38480806, 0, '', 0, '', 3),
(96, 'MUSSO ', 'CARRIZO EVELYN', '0000-00-00', 37494905, 0, '', 0, '', 3),
(97, 'NEYRA SARRUFF ', 'JOSE EMIR', '0000-00-00', 38480775, 0, '', 0, '', 3),
(98, 'ORMEÑO ', 'ANA NOEMI', '0000-00-00', 32588975, 0, '', 0, '', 2),
(99, 'ORMEÑO ', 'SILVIA', '0000-00-00', 0, 0, '', 0, '', 3),
(100, 'PAEZ ', 'EUGENIA DORA', '0000-00-00', 39904737, 0, '', 0, '', 3),
(101, 'PAEZ ', 'GONZALO FRANCISCO', '0000-00-00', 36502933, 0, '', 0, '', 3),
(102, 'PAEZ ', 'JOAQUIN FACUNDO ', '0000-00-00', 36502896, 0, '', 0, '', 3),
(103, 'PATIL ', 'STEFANIA', '0000-00-00', 36436100, 0, '', 0, '', 3),
(104, 'QUIROGA ', 'LAURA', '0000-00-00', 40265020, 0, '', 0, '', 3),
(105, 'RODRIGUEZ ', 'MARIA OLGA', '0000-00-00', 12807440, 0, '', 0, '', 3),
(106, 'TAPIA ', 'MIRIAN NATALIA', '0000-00-00', 31902918, 0, '', 0, '', 3),
(107, 'TINEO ', 'MARIA KARINA', '0000-00-00', 31182013, 0, '', 0, '', 3),
(108, 'TOBAREZ ', 'SOFIA', '0000-00-00', 37494999, 0, '', 0, '', 3),
(109, 'VERAGUA ', 'JORGE ARMANDO', '0000-00-00', 32588966, 0, '', 0, '', 3),
(110, 'BALMACEDA ', 'JESICA PAOLA', '0000-00-00', 33278604, 0, '', 0, '', 3),
(111, 'BARRERA ', 'ARISTOBULO', '0000-00-00', 10461521, 0, '', 0, '', 3),
(112, 'BARRERA ', 'MARGARITA', '0000-00-00', 25002173, 0, '', 0, '', 3),
(113, 'CARRIZO ', 'CECILIA E.', '0000-00-00', 33234959, 0, '', 0, '', 3),
(114, 'CHANAMPE ', 'JEREMIAS SAMUEL', '0000-00-00', 37319777, 0, '', 0, '', 3),
(116, 'CORTEZ OCAMPO ', 'MARIANGELES R.', '0000-00-00', 33883558, 0, '', 0, '', 3),
(117, 'CORTEZ ', 'SILVINA ELIZABETH', '0000-00-00', 26740494, 0, '', 0, '', 3),
(118, 'DEL CASTILLO ', 'SILVANA', '0000-00-00', 31182058, 0, '', 0, '', 3),
(119, 'DOMINGUEZ ', 'GABRIELA', '0000-00-00', 0, 0, '', 0, '', 3),
(120, 'FLORES ', 'YOHANA ALEJANDRA', '0000-00-00', 33766945, 0, '', 0, '', 3),
(121, 'FUENTES ', 'ALBERTO ESTEBAN', '0000-00-00', 28564761, 0, '', 0, '', 3),
(122, 'FUENTES ', 'ANTONIA SOLEDAD', '0000-00-00', 29945078, 0, '', 0, '', 3),
(123, 'GAITAN ', 'JONATHAN', '0000-00-00', 38480832, 0, '', 0, '', 3),
(124, 'GARCIA ', 'GUADALUPE ROSA', '0000-00-00', 26914905, 0, '', 0, '', 3),
(126, 'GONZALEZ ', 'SERGIO MIGUEL', '0000-00-00', 37319791, 0, '', 0, '', 3),
(127, 'GUEVARA ', 'RUTH SAMANTHA', '0000-00-00', 38885088, 0, '', 0, '', 3),
(128, 'LEYES ', 'DANIEL ISRAEL', '0000-00-00', 28762875, 0, '', 0, '', 3),
(129, 'MAYOL ', 'JUAN CARLOS', '0000-00-00', 12847683, 0, '', 0, '', 3),
(130, 'MUÑOZ ', 'PABLO RAFAEL', '0000-00-00', 31902991, 0, '', 0, '', 3),
(131, 'NEYRA ', 'DARIO FELICIANO', '0000-00-00', 33462608, 0, '', 0, '', 3),
(134, 'OVIEDO ', 'MIGUEL OSVALDO ', '0000-00-00', 26095167, 0, '', 0, '', 3),
(136, 'CASTRO ', 'ADRIAN NICOLAS', '0000-00-00', 29149129, 0, '', 0, '', 3),
(137, 'PAEZ CASTRO ', 'ANGEL', '0000-00-00', 37494921, 0, '', 0, '', 3),
(138, 'PAEZ CASTRO ', 'LUIS SEBASTIAN', '0000-00-00', 32588997, 0, '', 0, '', 3),
(139, 'PAEZ CASTRO ', 'MARIA CRISTINA', '0000-00-00', 17916339, 0, '', 0, '', 3),
(141, 'PAEZ ', 'MARIA EUGENIA', '0000-00-00', 29424734, 0, '', 0, '', 3),
(142, 'PAEZ ORMEÑO ', 'JEREMIAS DARIAN', '0000-00-00', 37494947, 0, '', 0, '', 3),
(144, 'PAEZ ', 'SILVANA MARISOL', '0000-00-00', 29351673, 0, '', 0, '', 3),
(145, 'QUINTERO HERRERA ', 'ENZO ALBERTO', '0000-00-00', 41045575, 0, '', 0, '', 3),
(146, 'ROBLEDO ', 'JUAN MANUEL', '0000-00-00', 32588979, 0, '', 0, '', 3),
(147, 'SARRUFF ', 'JUAN MANUEL', '0000-00-00', 36845225, 0, '', 0, '', 3),
(149, 'SORIA ', 'PABLO', '0000-00-00', 29819157, 0, '', 0, '', 3),
(150, 'TAPIA ', 'JESUS LUIS', '0000-00-00', 23983513, 0, '', 0, '', 3),
(152, 'TAPIA ', 'MIRIAN', '0000-00-00', 31902918, 0, '', 0, '', 3),
(153, 'TELLO ', 'PATRICIA ANICETA', '0000-00-00', 22790123, 0, '', 0, '', 3),
(154, 'VENEGA ', 'MIRNA SOLEDAD', '0000-00-00', 33394516, 0, '', 0, '', 3),
(155, 'ALVAREZ ', 'ALAN', '0000-00-00', 36502828, 0, '', 0, '', 3),
(156, 'ALVAREZ ', 'LUIS NICOLAS', '0000-00-00', 25555843, 0, '', 0, '', 3),
(158, 'CASTRO ', 'JULIO JESUS', '0000-00-00', 23270506, 0, '', 0, '', 3),
(159, 'CASTRO ', 'MARIO HECTOR', '0000-00-00', 21356811, 0, '', 0, '', 3),
(160, 'CORTEZ ', 'MARIA SARA', '0000-00-00', 24510602, 0, '', 0, '', 3),
(161, 'GONZALEZ ', 'ALEJANDRO', '0000-00-00', 38677976, 0, '', 0, '', 3),
(162, 'GONZALEZ ', 'TRANSITO NICOLAS', '0000-00-00', 28106223, 0, '', 0, '', 3),
(163, 'GUERRERO ', 'SUSANA', '0000-00-00', 21625647, 0, '', 0, '', 3),
(164, 'HERRERA ', 'MATIAS MAXIMILIANO', '0000-00-00', 36502841, 0, '', 0, '', 3),
(165, 'MORA BARRERA ', 'RENZO', '0000-00-00', 31182082, 0, '', 0, '', 3),
(166, 'MUÑOZ ', 'BRIAN EZEQUIEL', '0000-00-00', 37319712, 0, '', 0, '', 3),
(167, 'OCHOVA ', 'CESAR ISIDRO', '0000-00-00', 37319704, 0, '', 0, '', 3),
(168, 'RODRIGUEZ ', 'JOAQUIN GONZALO', '0000-00-00', 38480729, 0, '', 0, '', 3),
(169, 'RODRIGUEZ ', 'STELLA MARIS', '0000-00-00', 31667370, 0, '', 0, '', 3),
(170, 'SORIA ', 'ENRI WILSON', '0000-00-00', 38480701, 0, '', 0, '', 3),
(171, 'VARAS ', 'JOSE ORLANDO', '0000-00-00', 25304316, 0, '', 0, '', 3),
(172, 'VALLEJO ', 'FABIAN', '0000-00-00', 33394551, 0, '', 0, '', 3),
(173, 'VERAGUA ', 'JUAN ARIEL', '0000-00-00', 29819140, 0, '', 0, '', 3),
(174, 'VERAGUA ', 'PABLO ALEJANDRO', '0000-00-00', 31182095, 0, '', 0, '', 3),
(175, 'VEGA ', 'DAVID ISMAEL', '0000-00-00', 33234941, 0, '', 0, '', 3),
(176, 'CHANQUIA ', 'ROMINA NELIDA', '0000-00-00', 31902904, 0, '', 0, '', 3),
(177, 'PALACIOS ', 'ARIEL NICOLAS', '0000-00-00', 30694937, 0, '', 0, '', 3),
(178, 'PONCE ', 'LEANDRO', '0000-00-00', 38763258, 0, '', 0, '', 3),
(179, 'BARRERA ', 'VIRGINIA', '0000-00-00', 34725201, 0, '', 0, '', 3),
(180, 'ALVAREZ ', 'MATIAS ERIK', '0000-00-00', 37494909, 0, '', 0, '', 3),
(181, 'ALVAREZ ', 'RAMON CARMEN', '0000-00-00', 17916362, 0, '', 0, '', 3),
(182, 'BARRERA ', 'FRANCO HUGO', '0000-00-00', 31275114, 0, '', 0, '', 3),
(183, 'BARRERA ', 'SORIA EXEQUIEL', '0000-00-00', 36256099, 0, '', 0, '', 3),
(184, 'BRIZUELA ', 'FABRIZIO', '0000-00-00', 37494906, 0, '', 0, '', 3),
(185, 'CALIVA ', 'JESUS KEVIN', '0000-00-00', 37494970, 0, '', 0, '', 3),
(186, 'CALIVA ', 'MARIA DEL CARMEN', '0000-00-00', 26469710, 0, '', 0, '', 3),
(187, 'CARPIO ', 'ANGEL GABRIEL', '0000-00-00', 25555814, 0, '', 0, '', 3),
(188, 'CARPIO ', 'ESTHER MARIS', '0000-00-00', 17217539, 0, '', 0, '', 3),
(189, 'CARPIO ', 'JORGE ARIEL', '0000-00-00', 23198343, 0, '', 0, '', 3),
(190, 'CARRIZO ', 'EMILIO ARTEMIO', '0000-00-00', 33234916, 0, '', 0, '', 3),
(191, 'CARRIZO ', 'GABRIEL BERNABE', '0000-00-00', 34025224, 0, '', 0, '', 3),
(192, 'CARRIZO ', 'GASTON', '0000-00-00', 33767025, 0, '', 0, '', 3),
(193, 'CARRIZO ', 'JEREMIAS', '0000-00-00', 32153976, 0, '', 0, '', 3),
(194, 'CARRIZO ', 'JUAN IGNACIO', '0000-00-00', 36502867, 0, '', 0, '', 3),
(195, 'CASTRO ', 'DIEGO RAMON', '0000-00-00', 30243755, 0, '', 0, '', 3),
(196, 'CEREZO GIGENA ', 'IVIS YANINA', '1974-12-24', 24349789, 0, '', 0, '', 3),
(197, 'CIAMPI ', 'OSCAR ALFREDO', '0000-00-00', 18196775, 0, '', 0, '', 3),
(198, 'CORTEZ ', 'ALEJANDRO AMANCIO', '0000-00-00', 36502813, 0, '', 0, '', 3),
(199, 'CORTEZ ', 'LUIS EDUARDO', '0000-00-00', 37319735, 0, '', 0, '', 3),
(200, 'CORTEZ ', 'VERONICA RAQUEL', '0000-00-00', 32588999, 0, '', 0, '', 3),
(201, 'DEL CASTILLO ', 'JESUS EMANUEL', '0000-00-00', 36502826, 0, '', 0, '', 3),
(202, 'DEL CASTILLO ', 'RAMON', '0000-00-00', 21625659, 0, '', 0, '', 3),
(203, 'DEL CASTILLO ', 'SANDRA VIVIANA', '0000-00-00', 25555820, 0, '', 0, '', 3),
(204, 'DIAZ ', 'WALDESMAR ISAIAS', '0000-00-00', 41045505, 0, '', 0, '', 3),
(205, 'DOMINGUEZ ', 'Georgina Lizet', '0000-00-00', 41045538, 0, '', 0, '', 3),
(206, 'DOMINGUEZ ', 'LUCAS MIGUEL', '0000-00-00', 41845904, 0, '', 0, '', 3),
(207, 'FLORES ', 'CLARA', '0000-00-00', 33767064, 0, '', 0, '', 3),
(208, 'FLORES ', 'EDGAR DIEGO', '0000-00-00', 22125335, 0, '', 0, '', 3),
(209, 'FLORES ', 'HUMBERTO', '0000-00-00', 0, 0, '', 0, '', 3),
(210, 'FRIAS ', 'MIGUELA DELICIA', '0000-00-00', 13708167, 0, '', 0, '', 3),
(211, 'GAY ', 'ANA', '0000-00-00', 33234991, 0, '', 0, '', 3),
(212, 'GODOY ', 'JOSE LUIS', '0000-00-00', 33289635, 0, '', 0, '', 3),
(213, 'HERRERA ', 'JULIO LEONARDO', '0000-00-00', 26253270, 0, '', 0, '', 3),
(214, 'HERRERA ', 'LAZARO EDMUNDO', '0000-00-00', 33394571, 0, '', 0, '', 3),
(215, 'LANZONI ', 'DAVID OSCAR', '0000-00-00', 33234937, 0, '', 0, '', 3),
(216, 'MAZA ', 'CESAR ARMANDO', '0000-00-00', 33234957, 0, '', 0, '', 3),
(217, 'MILLER ', 'CAROL JANET', '0000-00-00', 33234980, 0, '', 0, '', 3),
(218, 'MILLER ', 'SILVIA SOLEDAD', '0000-00-00', 30311997, 0, '', 0, '', 3),
(219, 'MUÑOZ ', 'MARTIN GABRIEL', '0000-00-00', 33766950, 0, '', 0, '', 3),
(220, 'MUSSO ORQUERA ', 'CECILIA MARINA', '0000-00-00', 36502983, 0, '', 0, '', 3),
(221, 'NAZAR ', 'MIRNA MELISA', '0000-00-00', 31182085, 0, '', 0, '', 3),
(222, 'OCAMPO ', 'GUADALUPE', '0000-00-00', 39300805, 0, '', 0, '', 3),
(223, 'ORMEÑO ', 'DIEGO ALBERTO', '0000-00-00', 37496175, 0, '', 0, '', 3),
(224, 'PAEZ CASTRO ', 'JOSE EMILIO', '0000-00-00', 32588963, 0, '', 0, '', 3),
(225, 'PAEZ ', 'CLAUDIA SOLEDAD', '0000-00-00', 31182047, 0, '', 0, '', 3),
(226, 'PAEZ ', 'DAYANA EVELYN JORGELINA', '0000-00-00', 33394534, 0, '', 0, '', 3),
(227, 'PAEZ ', 'JUAN EXEQUIEL', '0000-00-00', 36502897, 0, '', 0, '', 3),
(228, 'PAEZ ', 'MARCOS DANIEL', '0000-00-00', 33234912, 0, '', 0, '', 3),
(230, 'PAEZ ', 'SANTIAGO EZEQUIEL', '0000-00-00', 41845976, 0, '', 0, '', 3),
(231, 'REINOSO ', 'WANDA EDITH', '0000-00-00', 38165718, 0, '', 0, '', 3),
(232, 'REYES ', 'FABIANA NICOLASA', '0000-00-00', 24349780, 0, '', 0, '', 3),
(233, 'RODRIGUEZ ', 'MARCOS DANIEL', '0000-00-00', 33766910, 0, '', 0, '', 3),
(234, 'SANTANA ', 'MARIANA ROMINA', '0000-00-00', 30371932, 0, '', 0, '', 3),
(235, 'SILVA ', 'ANGELA MARIA', '0000-00-00', 35540947, 0, '', 0, '', 3),
(236, 'SOSA ', 'ALAN NICOLAS', '0000-00-00', 30311979, 0, '', 0, '', 3),
(237, 'SOSA ', 'LUIS MIGUEL', '0000-00-00', 31771220, 0, '', 0, '', 3),
(238, 'TAPIA ', 'KEVIN AGUSTIN', '0000-00-00', 42584620, 0, '', 0, '', 3),
(239, 'TAPIA ', 'LAZARO EMANUEL', '0000-00-00', 33766963, 0, '', 0, '', 3),
(240, 'TEJADA ', 'ARIANA YANINA', '0000-00-00', 30311939, 0, '', 0, '', 3),
(241, 'TELLO ', 'JUVENCIO DANIEL', '0000-00-00', 18131717, 0, '', 0, '', 3),
(242, 'TORRES ', 'GABRIEL ANTONIO', '0000-00-00', 38480799, 0, '', 0, '', 3),
(243, 'TORRES ', 'MARCOS MIGUEL', '0000-00-00', 37319709, 0, '', 0, '', 3),
(244, 'VALLEJO ', 'ADAN', '0000-00-00', 12212354, 0, '', 0, '', 3),
(245, 'VENEGA ', 'JUAN CARLOS', '0000-00-00', 36502863, 0, '', 0, '', 3),
(246, 'VERA ', 'KEVIN FRANCISCO', '0000-00-00', 36502970, 0, '', 0, '', 3),
(247, 'ARGUELLO ', 'BRENDA CLAUDIA', '0000-00-00', 37319618, 0, '', 0, '', 1),
(248, 'ARGUELLO ', 'DANIELA ANAHI', '0000-00-00', 37319676, 0, '', 0, '', 1),
(249, 'ARGUELLO ', 'JENIFER SABRINA', '0000-00-00', 37495701, 0, '', 0, '', 1),
(250, 'CARREA ', 'MARIA INES', '0000-00-00', 31366315, 0, '', 0, '', 1),
(251, 'MELIAN ', 'MARIA DE LOS ANGELES', '0000-00-00', 35019845, 0, '', 0, '', 1),
(252, 'NARVAEZ ', 'SELVA SOLEDAD', '0000-00-00', 28177906, 0, '', 0, '', 1),
(253, 'ORMEÑO ', 'MERCEDES MARIET', '0000-00-00', 33395439, 0, '', 0, '', 1),
(254, 'ORMEÑO ', 'PATRICIA NICOLASA', '0000-00-00', 29230981, 0, '', 0, '', 1),
(255, 'PAEZ ', 'CLAUDIA ANGELICA', '0000-00-00', 26618889, 0, '', 0, '', 1),
(256, 'PAEZ ', 'SILVIA DEL VALLE', '0000-00-00', 25089571, 0, '', 0, '', 1),
(257, 'ROSALES ', 'ODILA ', '0000-00-00', 37319607, 0, '', 0, '', 1),
(258, 'REYNUABA ', 'CRISTIAN GABRIEL', '0000-00-00', 37495708, 0, '', 0, '', 1),
(259, 'ROSALES ', 'ANTONELLA NAIR', '0000-00-00', 33680763, 0, '', 0, '', 1),
(260, 'ROSALES ', 'YANET LISET', '0000-00-00', 33680791, 0, '', 0, '', 1),
(261, 'NARVAEZ ', 'ERIKA DEL VALLE', '0000-00-00', 33680077, 0, '', 0, '', 1),
(262, 'NARVAEZ ', 'OSCAR NICOLAS', '0000-00-00', 37319670, 0, '', 0, '', 1),
(263, 'PAEZ ', 'MARIA GABRIELA', '0000-00-00', 34684333, 0, '', 0, '', 1),
(264, 'ROSALES ', 'ALAN JOSE', '0000-00-00', 33395437, 0, '', 0, '', 1),
(265, 'NARVAEZ ', 'MIRNA ROSALBA', '0000-00-00', 33395434, 0, '', 0, '', 1),
(266, 'REYNUAVA ', 'MAGALI MARIELA', '0000-00-00', 31386240, 0, '', 0, '', 1),
(267, 'REYNUAVA ', 'VALERIA JOSE', '0000-00-00', 37319601, 0, '', 0, '', 1),
(268, 'CASTRO ', 'HEBER RAUL', '0000-00-00', 14750198, 0, '', 0, '', 1),
(269, 'NARVAEZ ', 'LUCIANO IVAN', '0000-00-00', 32935532, 0, '', 0, '', 1),
(270, 'PAEZ ', 'ROXANA SOLEDAD', '0000-00-00', 24527750, 0, '', 0, '', 1),
(271, 'PAEZ ', 'MIGUEL ANGEL', '0000-00-00', 12887746, 0, '', 0, '', 1),
(272, 'RODRIGUEZ ', 'ALEJANDRO EZEQUIEL', '0000-00-00', 37319743, 0, '', 0, '', 1),
(273, 'ARGUELLO ', 'MIGUEL ANGEL', '0000-00-00', 31902994, 0, '', 0, '', 1),
(274, 'VILLAFAÑE ', 'NICOLAS  JULIO ', '0000-00-00', 32935540, 0, '', 0, '', 1),
(275, 'ORMEÑO ', 'CRISTIAN NICOLAS', '0000-00-00', 33680766, 0, '', 0, '', 1),
(276, 'ARGUELLO ', 'JUAN ', '0000-00-00', 13797532, 0, '', 0, '', 1),
(277, 'BORDON ', 'CARLOS ', '0000-00-00', 26428224, 0, '', 0, '', 1),
(278, 'MARIN ', 'JOSE LUIS', '0000-00-00', 22064756, 0, '', 0, '', 1),
(279, 'MARIN ', 'NESTOR ISIDORO', '0000-00-00', 21359769, 0, '', 0, '', 1),
(280, 'RODRIGUEZ', 'ALEJANDRO', '0000-00-00', 37319743, 0, '', 0, '', 1),
(281, 'NARVAEZ ', 'JUAN CARLOS ', '0000-00-00', 21357217, 0, '', 0, '', 1),
(282, 'NARVAEZ', 'JULIO FRANCISCO', '0000-00-00', 32935548, 0, '', 0, '', 1),
(283, 'NARVAEZ ', 'CRISTIAN JOSE', '0000-00-00', 38591863, 0, '', 0, '', 1),
(284, 'OLIVA ', 'HECTOR HUGO', '0000-00-00', 26972933, 0, '', 0, '', 1),
(285, 'ORMEÑO ', 'CARLOS DANTE', '0000-00-00', 33395417, 0, '', 0, '', 1),
(286, 'ORMEÑO ', 'JOAQUIN EZEQUIEL ', '0000-00-00', 33395428, 0, '', 0, '', 1),
(287, 'ORMEÑO ', 'PEDRO ANTONIO', '0000-00-00', 17643720, 0, '', 0, '', 1),
(288, 'PAEZ ', 'ARNALDO ANDRES', '0000-00-00', 28518881, 0, '', 0, '', 1),
(289, 'PAEZ ', 'CARLOS ALBERTO', '0000-00-00', 17307188, 0, '', 0, '', 1),
(290, 'PAEZ ', 'GUILLERMO JULIO', '0000-00-00', 22123863, 0, '', 0, '', 1),
(291, 'PAEZ ', 'SERGIO ALBERTO', '0000-00-00', 27880580, 0, '', 0, '', 1),
(292, 'PAEZ ', 'ALFREDO', '0000-00-00', 37495710, 0, '', 0, '', 1),
(293, 'REYNUAVA ', 'NOELIA DOMINGA', '0000-00-00', 28896765, 0, '', 0, '', 1),
(294, 'REYNUAVA ', 'PAOLA MERCEDES', '0000-00-00', 30773845, 0, '', 0, '', 1),
(295, 'RIVADERA ', 'NELSON ARIEL', '0000-00-00', 28518876, 0, '', 0, '', 1),
(296, 'RODRIGUEZ ', 'ALONSO FABIO', '0000-00-00', 32771590, 0, '', 0, '', 1),
(297, 'VEGA ', 'CARLOS MARCELO', '0000-00-00', 28896818, 0, '', 0, '', 1),
(298, 'VEGA ', 'JOAQUIN NICOLAS', '0000-00-00', 37319638, 0, '', 0, '', 1),
(299, 'VERGARA ', 'HUGO DANIEL', '0000-00-00', 22389575, 0, '', 0, '', 1),
(300, 'ORMEÑO ', 'JORGELINA AMBROSIA', '0000-00-00', 13662006, 0, '', 0, '', 6),
(301, 'ORMEÑO', 'JOSE LUIS', '0000-00-00', 35890877, 0, '', 0, '', 6),
(302, 'ROSALES ', 'IDALIA', '0000-00-00', 33399795, 0, '', 0, '', 6),
(303, 'ROSALES ', 'VALENTINA INOCENCIA', '0000-00-00', 29839422, 0, '', 0, '', 6),
(304, 'ROSALES ', 'JORGE ERNESTO', '0000-00-00', 35890872, 0, '', 0, '', 6),
(305, 'HERRERA ', 'JUAN DIOS', '0000-00-00', 24049456, 0, '', 0, '', 6),
(306, 'ORMEÑO ', 'MARIA DEL MILAGRO', '0000-00-00', 32756382, 0, '', 0, '', 6),
(307, 'OLIVA ', 'ISABEL ANDREA', '0000-00-00', 29839440, 0, '', 0, '', 6),
(308, 'ORMEÑO ', 'MARILU NELDA', '0000-00-00', 31386131, 0, '', 0, '', 6),
(309, 'ORMEÑO ', 'NATALIA MAVI', '0000-00-00', 33399787, 0, '', 0, '', 6),
(310, 'ORMEÑO ', 'VICTOR GERMAN', '0000-00-00', 23035615, 0, '', 0, '', 6),
(311, 'CORZO ', 'NELSON MARTIN', '0000-00-00', 32349181, 0, '', 0, '', 6),
(313, 'ORMEÑO ', 'ARMANDO ARTEMIO', '0000-00-00', 23307832, 0, '', 0, '', 6),
(314, 'ORMEÑO ', 'EDUARDO ARNALDO', '0000-00-00', 22703371, 0, '', 0, '', 6),
(315, 'ORMEÑO ', 'FABRIZIO NAIM', '0000-00-00', 35890899, 0, '', 0, '', 6),
(316, 'ORMEÑO ', 'FERNANDO EDGAR', '0000-00-00', 31386141, 0, '', 0, '', 6),
(317, 'ORMEÑO ', 'ORLANDO GABRIEL', '0000-00-00', 35890867, 0, '', 0, '', 6),
(318, 'ORMEÑO ', 'PEDRO ISAAC', '0000-00-00', 33399790, 0, '', 0, '', 6),
(319, 'ORMEÑO ', 'LINDOR JONHATAN', '0000-00-00', 34724555, 0, '', 0, '', 6),
(320, 'ORMEÑO ', 'CARLOS EZEQUIEL', '0000-00-00', 35890870, 0, '', 0, '', 6),
(321, 'ORMEÑO ', 'JUAN CARLOS', '0000-00-00', 35890880, 0, '', 0, '', 6),
(322, 'PEREZ ', 'MABEL ALEJANDRA', '0000-00-00', 37187375, 0, '', 0, '', 10),
(323, 'REYES ', 'MIGUEL ANGEL', '0000-00-00', 31632930, 0, '', 0, '', 10),
(324, 'REYES ', 'ROQUE LINDOR', '0000-00-00', 11063913, 0, '', 0, '', 10),
(325, 'TAMBLAY ', 'ANGEL RAFAEL', '0000-00-00', 14843925, 0, '', 0, '', 10),
(326, 'TAMBLAY ', 'JUAN CARLOS', '0000-00-00', 36845270, 0, '', 0, '', 10),
(327, 'TAMBLAY ', 'LUISA MAGDALENA', '0000-00-00', 28514098, 0, '', 0, '', 10),
(328, 'VALLEJO ', 'JORGE ISAAC', '0000-00-00', 26353838, 0, '', 0, '', 10),
(329, 'ALANIZ ', 'LILIANA ZULEMA', '0000-00-00', 22408794, 0, '', 0, '', 10),
(330, 'CAYO ', 'JESUS ALEXIS', '0000-00-00', 39885047, 0, '', 0, '', 10),
(331, 'CAYO ', 'MAYDA ANTONIA', '0000-00-00', 34980947, 0, '', 0, '', 10),
(332, 'PAEZ ', 'NICOLAS EDUARDO', '0000-00-00', 20109243, 0, '', 0, '', 10),
(333, 'PEREZ ', 'FABIAN JESUS', '0000-00-00', 24407469, 0, '', 0, '', 10),
(334, 'PEREZ ', 'MARIO LAHUEN', '0000-00-00', 37494543, 0, '', 0, '', 10),
(335, 'REYES ', 'JORGE LUIS', '0000-00-00', 35540972, 0, '', 0, '', 10),
(336, 'TAMBLAY', 'JOAQUIN DEL SOCORRO', '0000-00-00', 34980963, 0, '', 0, '', 10),
(337, 'TEJADA ', 'PAOLA SOLEDAD', '0000-00-00', 31632975, 0, '', 0, '', 10),
(338, 'AZAR ', 'JOSE ZOE', '0000-00-00', 16664831, 0, '', 0, '', 10),
(339, 'AZAR ', 'JUDAS TADEO', '0000-00-00', 11474760, 0, '', 0, '', 10),
(340, 'BORDON ', 'ADRIAN NICOLAS', '0000-00-00', 0, 0, '', 0, '', 10),
(341, 'BORDON ', 'JAVIER', '0000-00-00', 23302090, 0, '', 0, '', 10),
(342, 'FAJARDO ', 'VANESA ELENA', '0000-00-00', 31632984, 0, '', 0, '', 10),
(343, 'VALLEJO ', 'FEDERICO SAUL', '0000-00-00', 33393987, 0, '', 0, '', 10),
(344, 'VERASAY ', 'OSVALDO JESUS', '0000-00-00', 28514055, 0, '', 0, '', 10),
(345, 'FAJARDO ', 'EDUARDO JUSTO', '0000-00-00', 0, 0, '', 0, '', 10),
(346, 'PEREZ ', 'HECTOR MIGUEL', '0000-00-00', 37187397, 0, '', 0, '', 10),
(347, 'OLIVA ', 'ARMANDO NICOLAS', '0000-00-00', 31386140, 0, '', 0, '', 7),
(348, 'OLIVA ', 'HUGO FERNANDO', '0000-00-00', 31386142, 0, '', 0, '', 7),
(349, 'OLIVA ', 'MIGUEL ANGEL', '0000-00-00', 37319686, 0, '', 0, '', 7),
(350, 'OLIVA ', 'NORMA BEATRIZ', '0000-00-00', 23307804, 0, '', 0, '', 7),
(351, 'OLIVA ', 'PASCUAL ANTONIO', '0000-00-00', 17715238, 0, '', 0, '', 7),
(352, 'ORMEÑO ', 'FRANCO YONATHAN', '0000-00-00', 35890851, 0, '', 0, '', 7),
(353, 'ORMEÑO ', 'VERONICA IGNACIA', '0000-00-00', 31386150, 0, '', 0, '', 7),
(354, 'ORMEÑO ', 'VERONICA YOLANDA', '0000-00-00', 32756390, 0, '', 0, '', 7),
(355, 'GONZALEZ ', 'ANTONIO HORACIO', '0000-00-00', 20111152, 0, '', 0, '', 7),
(356, 'OLIVA ', 'NICASIO FRANCISCO', '0000-00-00', 13662023, 0, '', 0, '', 7),
(357, 'ORMEÑO ', 'ENZO RAMON', '0000-00-00', 32756383, 0, '', 0, '', 7),
(358, 'BAZAN ', 'JUANA LINA', '0000-00-00', 17612366, 0, '', 0, '', 7),
(359, 'MUÑOZ ', 'JOSE INOCENCIO', '0000-00-00', 36845283, 0, '', 0, '', 4),
(360, 'PAEZ ', 'FLORENCIA ANTONIA', '0000-00-00', 37494528, 0, '', 0, '', 4),
(361, 'PAEZ ', 'JAQUELINA SOLEDAD', '0000-00-00', 34980926, 0, '', 0, '', 4),
(362, 'HORCA ', 'DIEGO RODOLFO', '0000-00-00', 29163748, 0, '', 0, '', 4),
(363, 'MOLINA ', 'FACUNDO DAVID', '0000-00-00', 37494547, 0, '', 0, '', 4),
(364, 'MUÑOZ ', 'MANUEL ANDRES', '0000-00-00', 40775809, 0, '', 0, '', 4),
(365, 'PAEZ ', 'ALEXIS MAXIMILIANO', '0000-00-00', 37494520, 0, '', 0, '', 4),
(366, 'ACIAR ', 'MIRTA ALEJANDRA', '0000-00-00', 26994823, 0, '', 0, '', 4),
(367, 'CAMPILLAY ', 'FRANCISCO NAIM', '0000-00-00', 38763117, 0, '', 0, '', 4),
(368, 'MIRANDA ', 'JOHANA EMILSE', '0000-00-00', 35540992, 0, '', 0, '', 4),
(369, 'NEIRA ', 'FERNANDA G.', '0000-00-00', 37494568, 0, '', 0, '', 4),
(370, 'PAEZ ', 'FRANCISCO LEOBALDO', '0000-00-00', 13400848, 0, '', 0, '', 4),
(371, 'PAEZ ', 'LORENZO WASHINGTON', '0000-00-00', 32549791, 0, '', 0, '', 4),
(372, 'ASTORGA ', 'JUAN ALBERTO', '0000-00-00', 32624874, 0, '', 0, '', 4),
(373, 'CAYO ', 'FELIPA CLARA', '0000-00-00', 14627983, 0, '', 0, '', 4),
(374, 'CERDA ', 'JUAN EDISON', '0000-00-00', 40755835, 0, '', 0, '', 4),
(375, 'LOPEZ ', 'MARIA SILVIA', '0000-00-00', 32549741, 0, '', 0, '', 4),
(376, 'LOPEZ ', 'MIRIAM', '0000-00-00', 25603900, 0, '', 0, '', 4),
(377, 'REINOSO ', 'KARINA VERONICA', '0000-00-00', 25603879, 0, '', 0, '', 4),
(378, 'REYES ', 'FRANCO MARIANO', '0000-00-00', 37494536, 0, '', 0, '', 4),
(379, 'VEGA ', 'OSCAR RAFAEL', '0000-00-00', 23465390, 0, '', 0, '', 4),
(380, 'REYES ', 'OSCAR FERMIN', '0000-00-00', 22032478, 0, '', 0, '', 4),
(381, 'ALCARAZ ', 'FABRICIO ELIAN', '0000-00-00', 42058840, 0, '', 0, '', 4),
(382, 'FUENTES ', 'ANGEL ESTEBAN', '0000-00-00', 40775811, 0, '', 0, '', 4),
(383, 'GARRO ', 'LUCAS YAIR', '0000-00-00', 39885086, 0, '', 0, '', 4),
(384, 'GARRO ', 'MIGUEL ANGEL', '0000-00-00', 38763195, 0, '', 0, '', 4),
(385, 'HORCA ', 'ALEJANDRO', '0000-00-00', 0, 0, '', 0, '', 4),
(386, 'HORCA ', 'BRIAN ALEX', '0000-00-00', 42058884, 0, '', 0, '', 4),
(387, 'HORCA ', 'PABLO DANIEL', '0000-00-00', 36845239, 0, '', 0, '', 4),
(388, 'MANRIQUE ', 'JORGE ERNESTO', '0000-00-00', 42058863, 0, '', 0, '', 4),
(389, 'MUÑOZ ', 'ANGEL FACUNDO', '0000-00-00', 40775825, 0, '', 0, '', 4),
(390, 'MUÑOZ ', 'JESUS FERNANDO', '0000-00-00', 37494538, 0, '', 0, '', 4),
(391, 'MUÑOZ ', 'LUISA ANABELA', '0000-00-00', 37187355, 0, '', 0, '', 4),
(392, 'MUÑOZ ', 'MAYRA NICOLASA', '0000-00-00', 38763122, 0, '', 0, '', 4),
(393, 'MUÑOZ ', 'PAOLA EVELYN', '0000-00-00', 42058809, 0, '', 0, '', 4),
(394, 'OLIVERA ', 'NICOLASA MARIELA', '0000-00-00', 23270529, 0, '', 0, '', 4),
(395, 'PAEZ ', 'GUSTAVO RAMON', '0000-00-00', 36845286, 0, '', 0, '', 4),
(396, 'PAEZ ', 'JONATHAN MIGUEL', '0000-00-00', 40775857, 0, '', 0, '', 4),
(397, 'URRICHE ', 'MARIO ABELINO', '0000-00-00', 38763200, 0, '', 0, '', 4),
(398, 'YAÑEZ ', 'RAMONA ANGELICA', '0000-00-00', 29888069, 0, '', 0, '', 4),
(399, 'YAÑEZ ', 'SONIA SOLEDAD', '0000-00-00', 29888090, 0, '', 0, '', 4),
(400, 'VERAZAY ', 'JESICA MARIELA', '0000-00-00', 33393922, 0, '', 0, '', 4),
(401, 'CARRIZO ', 'MARIA DE LOS ANGELES', '0000-00-00', 38763106, 0, '', 0, '', 4),
(402, 'CAYO ', 'JIMENA JUDITH', '0000-00-00', 37187346, 0, '', 0, '', 4),
(403, 'GOMEZ ', 'SERGIO GABRIEL', '0000-00-00', 35540960, 0, '', 0, '', 4),
(404, 'GONZALEZ ', 'GABRIELA JOHANA', '0000-00-00', 37187359, 0, '', 0, '', 4),
(405, 'MALDONADO ', 'JULIETA MARIA', '0000-00-00', 39885072, 0, '', 0, '', 4),
(406, 'MANRRIQUE ', 'JUAN ABEL', '0000-00-00', 26353840, 0, '', 0, '', 4),
(407, 'MOLINA ', 'RAMIRO', '0000-00-00', 0, 0, '', 0, '', 4),
(408, 'ORMEÑO ', 'JOSE LUIS', '0000-00-00', 22032467, 0, '', 0, '', 4),
(409, 'ORTIZ ', 'ANGELICA VALERIA', '0000-00-00', 33393955, 0, '', 0, '', 4),
(410, 'ORTIZ ', 'MARIA ANGELIOCA', '0000-00-00', 17515686, 0, '', 0, '', 4),
(411, 'PAEZ ', 'BETINA BEATRIZ', '0000-00-00', 26353844, 0, '', 0, '', 4),
(412, 'PAEZ ', 'CRISTIAN', '0000-00-00', 33393958, 0, '', 0, '', 4),
(413, 'PAEZ ', 'FRANCO MATIAS', '0000-00-00', 33376067, 0, '', 0, '', 4),
(414, 'PEREZ ', 'ALAIN ARIEL', '0000-00-00', 37494594, 0, '', 0, '', 4),
(415, 'SARRUFF ', 'SONIA MARIA', '0000-00-00', 33393993, 0, '', 0, '', 4),
(416, 'VEGA ', 'DOMINGO ANTONIO', '0000-00-00', 29163734, 0, '', 0, '', 4),
(417, 'VERASAY ', 'FRANCO', '0000-00-00', 32624853, 0, '', 0, '', 4),
(418, 'ORTIZ ', 'KARINA ROXANA', '0000-00-00', 26994825, 0, '', 0, '', 4),
(419, 'FAJARDO ', 'ANTONIO EDUARDO', '0000-00-00', 14627991, 0, '', 0, '', 4),
(420, 'PAEZ ', 'FABIAN NICOLAS', '0000-00-00', 0, 0, '', 0, '', 4),
(421, 'PEREZ ', 'PATRICIA A ELIZABETH', '0000-00-00', 26597941, 0, '', 0, '', 4),
(422, 'URRICHE ', 'ALEJANDRO NICOLAS', '0000-00-00', 37494584, 0, '', 0, '', 4),
(423, 'VEGA ', 'JAVIER MELITON', '0000-00-00', 12512218, 0, '', 0, '', 4),
(424, 'YAÑEZ ', 'PAEZ DANIEL', '0000-00-00', 37494551, 0, '', 0, '', 4),
(425, 'YAÑEZ ', 'PARZ JOHANA', '0000-00-00', 31591125, 0, '', 0, '', 4),
(426, 'LOPEZ ', 'VANESA YANINA', '0000-00-00', 32624866, 0, '', 0, '', 4),
(427, 'SARRUFF ', 'ROSANA BEATRIZ', '0000-00-00', 30346037, 0, '', 0, '', 4),
(428, 'VEGA ', 'CRISTINA DEL VALLE', '0000-00-00', 27700292, 0, '', 0, '', 4),
(429, 'BRIZUELA ', 'SILVIA BEATRIZ', '0000-00-00', 30299581, 0, '', 0, '', 4),
(430, 'CERDA ', 'WALTER LAURENCE', '0000-00-00', 35540926, 0, '', 0, '', 4),
(431, 'FLORES ', 'LEONEL ALEJANDRO', '0000-00-00', 39483655, 0, '', 0, '', 4),
(432, 'GONZALEZ ', 'ANALIA ANTONIA', '0000-00-00', 28084511, 0, '', 0, '', 4),
(433, 'HUMEREZ ', 'TANIA', '0000-00-00', 37187339, 0, '', 0, '', 4),
(434, 'MANRIQUE ', 'JUAN NICOLAS', '0000-00-00', 23270526, 0, '', 0, '', 4),
(435, 'MUÑIZ ', 'SERGIO HERMAN', '0000-00-00', 23465335, 0, '', 0, '', 4),
(436, 'MUÑOZ  ', 'BERNARDO RAFAEL', '0000-00-00', 25603884, 0, '', 0, '', 4),
(437, 'ORTIZ ', 'RAQUEL DEL ROSARIO', '0000-00-00', 25603884, 0, '', 0, '', 4),
(438, 'PAEZ ', 'FRANCISCO CONRADO', '0000-00-00', 10145629, 0, '', 0, '', 4),
(439, 'PAEZ ', 'FRANCO MATIAS', '0000-00-00', 36845299, 0, '', 0, '', 4),
(440, 'PAEZ ', 'MATIAS EMANUEL', '0000-00-00', 38763191, 0, '', 0, '', 4),
(441, 'RECABARREN ', 'NANCY FANNI', '0000-00-00', 12512215, 0, '', 0, '', 4),
(442, 'REYES ', 'CARLOS MARTIN', '0000-00-00', 30299565, 0, '', 0, '', 4),
(443, 'REYES ', 'ELSA DEL TRANSITO', '0000-00-00', 14554139, 0, '', 0, '', 4),
(444, 'REYES ', 'GRACIELA ELMIRA', '0000-00-00', 16637231, 0, '', 0, '', 4),
(445, 'REYES ', 'JUAN EDUARDO', '0000-00-00', 34980912, 0, '', 0, '', 4),
(446, 'SORIA ', 'JUAN LEANDRO', '0000-00-00', 32549723, 0, '', 0, '', 4),
(447, 'TAMBLAY ', 'RAMONA ALICIA', '0000-00-00', 28804521, 0, '', 0, '', 4),
(448, 'TEJADA ', 'IBAR', '0000-00-00', 30400903, 0, '', 0, '', 4),
(449, 'URRICHE ', 'NICOLASA BONIFACIA', '0000-00-00', 26353845, 0, '', 0, '', 4),
(450, 'VEDIA ', 'ROBERTO CARLOS', '0000-00-00', 23465340, 0, '', 0, '', 4),
(452, 'YAÑEZ ', 'LORENA DEL ROSARIO', '0000-00-00', 25888605, 0, '', 0, '', 4),
(453, 'YAÑEZ ', 'VICTOR ALBERTO', '0000-00-00', 23463333, 0, '', 0, '', 4),
(454, 'BARRERA ', 'ADRIAN', '0000-00-00', 23465359, 0, '', 0, '', 4),
(455, 'BRIZUELA ', 'YAÑEZ PABLO', '0000-00-00', 35939723, 0, '', 0, '', 4),
(456, 'BUSTOS ', 'GUZMAN JUAN CRUZ', '0000-00-00', 37166281, 0, '', 0, '', 4),
(457, 'CARRIZO ', 'JESUS DAVID', '0000-00-00', 36845287, 0, '', 0, '', 4),
(458, 'CARRIZO ', 'RAMON BERNARDO', '0000-00-00', 22032499, 0, '', 0, '', 4),
(459, 'CAYO ', 'CLARO OSMAN', '0000-00-00', 24407492, 0, '', 0, '', 4),
(460, 'CAYO ', 'JUAN CARLOS', '0000-00-00', 20724646, 0, '', 0, '', 4),
(461, 'CAYO ', 'NICOLAS ALFREDO', '0000-00-00', 27454352, 0, '', 0, '', 4),
(462, 'CAYO ', 'ROBERTO CARLOS', '0000-00-00', 23983527, 0, '', 0, '', 4),
(463, 'CORTES ', 'ADAM ADRIAN', '0000-00-00', 29888062, 0, '', 0, '', 4),
(464, 'FLORES ', 'CARLOS', '0000-00-00', 36256068, 0, '', 0, '', 4),
(465, 'FLORES ', 'FRANKLIN', '0000-00-00', 28804527, 0, '', 0, '', 4),
(466, 'LOPEZ ', 'EDUARDO SEBASTIAN', '0000-00-00', 36845204, 0, '', 0, '', 4),
(467, 'LOPEZ ', 'MIGUEL ALEJANDRO', '0000-00-00', 34981000, 0, '', 0, '', 4),
(468, 'LOPEZ ', 'RAMON ANDRES', '0000-00-00', 0, 0, '', 0, '', 4),
(469, 'MANRRIQUE ', 'JOSE LUIS', '0000-00-00', 32624900, 0, '', 0, '', 4),
(470, 'MANRRIQUE ', 'LUIS MIRLO', '0000-00-00', 11947450, 0, '', 0, '', 4),
(471, 'MANRRIQUE ', 'RAMON DANIEL', '0000-00-00', 11974488, 0, '', 0, '', 4),
(472, 'MANRRIQUE ', 'RUBEN A.', '0000-00-00', 31005286, 0, '', 0, '', 4),
(473, 'MOLINA ', 'DAVID NICOLAS', '0000-00-00', 33393925, 0, '', 0, '', 4),
(474, 'OLIVERA ', 'SERGIO DANIEL', '0000-00-00', 29888002, 0, '', 0, '', 4),
(475, 'ORTIZ ', 'BENITO E', '0000-00-00', 16241556, 0, '', 0, '', 4),
(476, 'ORTIZ ', 'MIGUEL ANGEL', '0000-00-00', 32549756, 0, '', 0, '', 4),
(477, 'PAEZ ', 'HECTOR FABIAN', '0000-00-00', 29483629, 0, '', 0, '', 4),
(478, 'PAEZ  ', 'MERCEDES', '0000-00-00', 11474786, 0, '', 0, '', 4),
(479, 'PAEZ ', 'ROLANDO', '0000-00-00', 0, 0, '', 0, '', 4),
(480, 'REYES ', 'AGUSTIN JESUS', '0000-00-00', 12512262, 0, '', 0, '', 4),
(481, 'REYES ', 'CESAR SANTIAGO', '0000-00-00', 11063943, 0, '', 0, '', 4),
(482, 'REYES ', 'LEONEL ANTONIO', '0000-00-00', 37187306, 0, '', 0, '', 4),
(483, 'REYES ', 'PABLO DAVID', '0000-00-00', 27454321, 0, '', 0, '', 4),
(484, 'REYES ', 'SILVIA VICTORIA', '0000-00-00', 11947480, 0, '', 0, '', 4),
(485, 'SORIA ', 'JESUS ALBERTO', '0000-00-00', 32624886, 0, '', 0, '', 4),
(486, 'SORIA ', 'JESUS EMANEUL', '0000-00-00', 36845296, 0, '', 0, '', 4),
(487, 'TELLO ', 'ROQUE LEONIDES', '0000-00-00', 22408747, 0, '', 0, '', 4),
(488, 'VALLEJO ', 'MARIA LAURA', '0000-00-00', 32808542, 0, '', 0, '', 4),
(489, 'VEGA ', 'RAMON LUIS', '0000-00-00', 33393690, 0, '', 0, '', 4),
(490, 'YAÑEZ ', 'HECTOR ALONSO', '0000-00-00', 26353813, 0, '', 0, '', 4),
(491, 'YAÑEZ ', 'JESUS EMANUEL', '0000-00-00', 28514073, 0, '', 0, '', 4),
(492, 'VEGA ', 'RODRIGO NICOLAS', '0000-00-00', 35546989, 0, '', 0, '', 4),
(493, 'BRIZUELA ', 'HUGO WENCESLAO', '0000-00-00', 11474269, 0, '', 0, '', 4),
(494, 'CASTRO ', 'OSCAR IVAN', '0000-00-00', 32549735, 0, '', 0, '', 4),
(495, 'CERDA ', 'RAMONA', '0000-00-00', 0, 0, '', 0, '', 4),
(496, 'FAJARDO ', 'ALBERTO JESUS', '0000-00-00', 24912375, 0, '', 0, '', 4),
(497, 'GRANADO ', 'GONZALO', '0000-00-00', 39845204, 0, '', 0, '', 4),
(498, 'LOPEZ SEAREZ ', 'EMMA XENIA', '0000-00-00', 32549721, 0, '', 0, '', 4),
(499, 'MUÑOZ ', 'JORGE DANID', '0000-00-00', 15512276, 0, '', 0, '', 4),
(500, 'REINOSO ', 'ROMERO ANGELINA', '0000-00-00', 37494507, 0, '', 0, '', 4),
(501, 'ALANIZ ', 'OSCAR MANUEL', '0000-00-00', 8304810, 0, '', 0, '', 4),
(502, 'CARRIZO ', 'ARIEL CARLOS', '0000-00-00', 32549739, 0, '', 0, '', 4),
(503, 'FUENTES ', 'MARIO CESAR', '0000-00-00', 30299538, 0, '', 0, '', 4),
(504, 'SORIA ', 'HECTOR MIGUEL', '0000-00-00', 32549704, 0, '', 0, '', 4),
(505, 'TAMBLAY ', 'NERY MIGUEL', '0000-00-00', 37187344, 0, '', 0, '', 4),
(506, 'VEGA ', 'CARLOS NICOLAS', '0000-00-00', 23270528, 0, '', 0, '', 4),
(507, 'YAÑEZ ', 'GABRIEL', '0000-00-00', 26798390, 0, '', 0, '', 4),
(508, 'CAYO ', 'CRISTINA SOLEDAD', '0000-00-00', 29483656, 0, '', 0, '', 4),
(509, 'CAYO ', 'ERICA ROMINA', '0000-00-00', 37187379, 0, '', 0, '', 4),
(510, 'CAYO ', 'NELDA NICOLASA', '0000-00-00', 29888087, 0, '', 0, '', 4),
(511, 'FLORES ', 'DANIEL', '0000-00-00', 27454387, 0, '', 0, '', 4),
(512, 'GRANADAO ', 'JORGE LUIS', '0000-00-00', 36845236, 0, '', 0, '', 4),
(513, 'MOLINA ', 'SERGIO DANIEL', '0000-00-00', 27454306, 0, '', 0, '', 4),
(514, 'MOLINA ', 'YANINA EMILSE', '0000-00-00', 33393931, 0, '', 0, '', 4),
(515, 'MUÑOZ ', 'RAMOS ROSARIO', '0000-00-00', 5540367, 0, '', 0, '', 4),
(516, 'ORTIZ ', 'SAMUEL SANTIAGO', '0000-00-00', 12512277, 0, '', 0, '', 4),
(517, 'REYES ', 'CINTIA VIVIANA', '0000-00-00', 28514071, 0, '', 0, '', 4),
(518, 'REYES ', 'MARIA BELEN', '0000-00-00', 37494545, 0, '', 0, '', 4),
(519, 'GUEVARA ', 'RICARDO ', '0000-00-00', 0, 0, '', 0, '', 9),
(520, 'TEJADA ', 'ANA BELEN', '0000-00-00', 37494553, 0, '', 0, '', 9),
(521, 'TEJADA ', 'JUDIT MARISOL', '0000-00-00', 37187361, 0, '', 0, '', 9),
(522, 'ABALLAY', 'MATIAS IVAN', '2020-04-24', 33393908, 20333939081, 'Rosa Argañaraz', 1234567, '', 9),
(523, 'DIAZ ', 'MARIA JOANNA', '0000-00-00', 31632985, 0, '', 0, '', 9),
(524, 'DIAZ ', 'OSCAR ANTONIO', '0000-00-00', 18131719, 0, '', 0, '', 9),
(525, 'FUENTES ', 'FLORENCIO NICOLAS', '0000-00-00', 29888041, 0, '', 0, '', 9),
(526, 'GUEVARA ', 'RAMON NELSON', '0000-00-00', 24380722, 0, '', 0, '', 9),
(527, 'LOPEZ ', 'DANTE DAVID', '0000-00-00', 35540993, 0, '', 0, '', 9),
(528, 'MOLINA ', 'DANIEL ALFREDO', '0000-00-00', 32624884, 0, '', 0, '', 9),
(529, 'QUINTEROS ', 'RAMON EDUARDO', '0000-00-00', 18578375, 0, '', 0, '', 9),
(530, 'SARRUFF ', 'RAUL RAMON', '0000-00-00', 26994809, 0, '', 0, '', 9),
(531, 'SILVA ', 'MANUELA MERCEDES', '0000-00-00', 26603875, 0, '', 0, '', 9),
(532, 'YAÑEZ ', 'ROQUE DANIEL', '0000-00-00', 27454307, 0, '', 0, '', 9),
(533, 'CHANAMPE ', 'CANDELARIA DEL VALLE', '0000-00-00', 38480781, 0, '', 0, '', 2),
(534, 'TAPIA ', 'LILIA ESTHER', '0000-00-00', 5578940, 0, '', 0, '', 2),
(535, 'OLIVA ', 'ROSARIO VICENTE', '0000-00-00', 10393942, 0, '', 0, '', 2),
(536, 'PORRAS ', 'NERIDA DEL VALLE', '0000-00-00', 25304099, 0, '', 0, '', 2),
(537, 'VALLE ', 'MARIANELA', '0000-00-00', 33394539, 0, '', 0, '', 2),
(538, 'OLIVA ', 'BEATRIZ VALLE', '0000-00-00', 20823695, 0, '', 0, '', 2),
(539, 'ROMERO ', 'ROSANA JUANA', '0000-00-00', 31192034, 0, '', 0, '', 2),
(540, 'AIBAR ', 'GRACIELA NOEMI', '0000-00-00', 20072518, 0, '', 0, '', 2),
(541, 'ALAMO ', 'ERIKA NICOLASA', '0000-00-00', 32182074, 0, '', 0, '', 2),
(542, 'BORDON ', 'BETIANA CAROLA', '0000-00-00', 27947357, 0, '', 0, '', 2),
(543, 'CASTRO RODRIGUEZ', 'MARIA ROMINA', '0000-00-00', 36256079, 0, '', 0, '', 2),
(544, 'CHANAMPE ', 'DELIA ANABELLA', '0000-00-00', 17973882, 0, '', 0, '', 2),
(545, 'CORTEZ ', 'MERCEDES LAURA', '0000-00-00', 22714794, 0, '', 0, '', 2),
(546, 'GALLEGOS ', 'LUCIANA MERCEDES', '0000-00-00', 33767040, 0, '', 0, '', 2),
(547, 'JOFRE ', 'ANTONIA ISABELA', '0000-00-00', 14627963, 0, '', 0, '', 2),
(548, 'ORMEÑO ', 'GRISELDA BEATRIZ', '0000-00-00', 32588971, 0, '', 0, '', 2),
(549, 'PAEZ ', 'ESTHELA NICOLASA', '0000-00-00', 23983535, 0, '', 0, '', 2),
(550, 'SOSA ', 'CLAUDIA DEL ROSARIO', '0000-00-00', 22486576, 0, '', 0, '', 2),
(551, 'PAEZ ', 'CLAUDIO LEONARDO', '0000-00-00', 22629666, 0, '', 0, '', 3),
(552, 'PAEZ ', 'DALLANA MARCIA', '0000-00-00', 31377179, 0, '', 0, '', 2),
(553, 'CHANAMPE ', 'ROLANDO OMAR', '0000-00-00', 18280562, 0, '', 0, '', 2),
(554, 'CORDOBA ', 'JUAN MIGUEL', '0000-00-00', 25090258, 0, '', 0, '', 2),
(555, 'OLIVA MONEGUNDO', 'OSCAR', '0000-00-00', 17916343, 0, '', 0, '', 2),
(556, 'ORTIZ ', 'ALFREDO NICOLAS', '0000-00-00', 18434001, 0, '', 0, '', 2),
(557, 'ORTIZ ', 'LUIS RAMON', '0000-00-00', 23642665, 0, '', 0, '', 2),
(558, 'PAEZ ', 'DIEGO MATIAS', '0000-00-00', 27377155, 0, '', 0, '', 2),
(559, 'PAEZ ', 'FRANCO GASTON', '0000-00-00', 27045862, 0, '', 0, '', 2),
(560, 'PAEZ ', 'HUGO DANIEL', '0000-00-00', 27797987, 0, '', 0, '', 2),
(561, 'PAEZ ', 'JESUS ISMAEL', '0000-00-00', 41045526, 0, '', 0, '', 2),
(562, 'PALACIOS ', 'MARCOS ALBERTO', '0000-00-00', 26469777, 0, '', 0, '', 2),
(563, 'PALACIOS ', 'PAULO ROMAN ', '0000-00-00', 10922656, 0, '', 0, '', 2),
(564, 'PALACIOS ', 'RAUL ARTEMIO', '0000-00-00', 13337359, 0, '', 0, '', 2),
(565, 'SAAVEDRA ', 'SANDRA SILVINA', '0000-00-00', 24510642, 0, '', 0, '', 2),
(566, 'TAPIA ', 'DAMIAN JESUS', '0000-00-00', 23302052, 0, '', 0, '', 2),
(567, 'TAPIA ', 'MARIA ANDREA', '0000-00-00', 26469768, 0, '', 0, '', 2),
(568, 'TAPIA ', 'MARIO ORLANDO', '0000-00-00', 26095104, 0, '', 0, '', 2),
(569, 'VALLE ', 'CARLOS ADOLFO', '0000-00-00', 21357009, 0, '', 0, '', 2),
(570, 'CORONEL ', 'MARIA JOSE', '0000-00-00', 33376096, 0, '', 0, '', 5),
(571, 'FLORES ', 'ADRIANA SOLEDAD', '0000-00-00', 36256095, 0, '', 0, '', 5),
(572, 'MERCADO ', 'NEIRA ELIAS', '0000-00-00', 41045507, 0, '', 0, '', 5),
(573, 'NEIRA ', 'CINTHYA ROMINA', '0000-00-00', 30311991, 0, '', 0, '', 5),
(574, 'RODRIGUEZ ', 'OMAR CRISTOBAL', '0000-00-00', 24349772, 0, '', 0, '', 5),
(575, 'FUENTES ', 'VERA DALMA', '0000-00-00', 36502917, 0, '', 0, '', 5),
(576, 'VERA DIAZ ', 'CLARA ESTEFANIA', '0000-00-00', 37320186, 0, '', 0, '', 5),
(577, 'DAVILA ', 'DANIELA', '0000-00-00', 33394509, 0, '', 0, '', 5),
(578, 'VEGA ', 'LUCIA DEL CARMEN', '0000-00-00', 24557387, 0, '', 0, '', 5),
(579, 'RODRIGUEZ ', 'EMA DELICIA', '0000-00-00', 20494884, 0, '', 0, '', 5),
(580, 'CARRIZO ', 'FABIAN NESTOR', '0000-00-00', 24349764, 0, '', 0, '', 5),
(581, 'DAVILA ', 'MARISA LORENA', '0000-00-00', 33394592, 0, '', 0, '', 5),
(582, 'BARRERA ', 'RAMON', '0000-00-00', 23631086, 0, '', 0, '', 5),
(583, 'BARRERA NEIRA ', 'VALERIA BEATRIZ', '0000-00-00', 37494924, 0, '', 0, '', 5),
(584, 'CARRIZO ', 'CECILIA PAOLA', '0000-00-00', 29049894, 0, '', 0, '', 5),
(585, 'FLORES ', 'ERMAN MARCELO', '0000-00-00', 25548248, 0, '', 0, '', 5),
(586, 'FLORES ', 'ANDIANA', '0000-00-00', 0, 0, '', 0, '', 5),
(587, 'NEYRA ', 'JORGE DANIEL', '0000-00-00', 36502858, 0, '', 0, '', 5),
(588, 'OLIVERA ', 'LEONIDAS LEONCIO', '0000-00-00', 34698294, 0, '', 0, '', 5),
(589, 'PAEZ ', 'VICTOR EMANUEL', '0000-00-00', 37494964, 0, '', 0, '', 5),
(590, 'TEJADA ', 'EMANUEL GREGORIO', '0000-00-00', 33766907, 0, '', 0, '', 5),
(591, 'VERA DIAZ ', 'MARIA LUISINA', '0000-00-00', 34025215, 0, '', 0, '', 5),
(592, 'VILLALBA ', 'EMANUEL', '0000-00-00', 33767005, 0, '', 0, '', 5),
(593, 'ORMEÑO ', 'FELIPE S.', '0000-00-00', 24527729, 0, '', 0, '', 5),
(594, 'NEIRA ', 'LUIS ENRIQUE', '0000-00-00', 33766918, 0, '', 0, '', 5),
(595, 'PAEZ ', 'MIGUEL', '0000-00-00', 30244745, 0, '', 0, '', 5),
(596, 'TAPIA ', 'PABLO CESAR', '0000-00-00', 30244553, 0, '', 0, '', 5),
(597, 'TEJADA ', 'JESUS RAMON', '0000-00-00', 31182048, 0, '', 0, '', 5),
(598, 'ORMEÑO ', 'MARIA GABRIELA', '0000-00-00', 33399793, 0, '', 0, '', 8),
(599, 'ORTIZ ', 'EDMUNDO ALBERTO', '0000-00-00', 25087380, 0, '', 0, '', 8),
(600, 'ORTIZ ', 'MARCELA VERONICA', '0000-00-00', 23862115, 0, '', 0, '', 8),
(601, 'PAEZ ', 'CLAUDIA MICAELA', '0000-00-00', 40482490, 0, '', 0, '', 8),
(602, 'VILLEGAS ', 'NICOLASA MARIANA', '0000-00-00', 25087371, 0, '', 0, '', 8),
(603, 'FERNANDEZ ', 'CEFERINO REMIGIO', '0000-00-00', 11494240, 0, '', 0, '', 8),
(604, 'PAEZ ', 'NESTOR MATIAS', '0000-00-00', 37319798, 0, '', 0, '', 8),
(605, 'ORMEÑO ', 'YAEL BELEN', '0000-00-00', 35890897, 0, '', 0, '', 8),
(606, 'PAEZ ', 'VERONICA GEOVANA', '0000-00-00', 36502847, 0, '', 0, '', 8),
(607, 'FERNANDEZ ', 'GUSTAVO DAVID', '0000-00-00', 35890891, 0, '', 0, '', 8),
(608, 'OLIVA ', 'JOSE LUIS', '0000-00-00', 29231414, 0, '', 0, '', 8),
(609, 'ORMEÑO ', 'CARLOS JAVIER', '0000-00-00', 35890895, 0, '', 0, '', 8),
(610, 'ORMEÑO ', 'FACUNDO DAVID', '0000-00-00', 39700399, 0, '', 0, '', 8),
(611, 'ORMEÑO ', 'JESUS RAUL', '0000-00-00', 25087308, 0, '', 0, '', 8),
(612, 'ORMEÑO ', 'RUBEN HORACIO', '0000-00-00', 23307812, 0, '', 0, '', 8),
(613, 'PAEZ ', 'CRISTIAN ANTONIO', '0000-00-00', 37319689, 0, '', 0, '', 8),
(614, 'PAEZ ', 'SERGIO RAMON', '0000-00-00', 39297386, 0, '', 0, '', 8),
(615, 'VALLEJO ', 'MERCEDES', '0000-00-00', 14329991, 0, '', 0, '', 8),
(616, 'FLORES ', 'HUGO ALBERTO', '0000-00-00', 26469737, 0, '', 0, '', 8),
(617, 'PAEZ ', 'MARIELA PAOLA', '0000-00-00', 35890886, 0, '', 0, '', 11),
(618, 'PAEZ ', 'ADRIANA ROSALI', '0000-00-00', 37319691, 0, '', 0, '', 11),
(619, 'ORMEÑO ', 'CINTHIA BEATRIZ', '0000-00-00', 35890859, 0, '', 0, '', 11),
(620, 'ORMEÑO ', 'GLADYS ESTHER', '0000-00-00', 25087311, 0, '', 0, '', 11),
(621, 'PAEZ ', 'MARCELO MIGUEL', '0000-00-00', 37496163, 0, '', 0, '', 11),
(622, 'ORMEÑO ', 'JOSE FABIAN', '0000-00-00', 30694935, 0, '', 0, '', 11),
(623, 'KULAK ', 'YOANA SHIRLI', '0000-00-00', 36011736, 0, '', 0, '', 11),
(624, 'ORMEÑO', ' LINA NICOLASA', '0000-00-00', 25087376, 0, '', 0, '', 11),
(625, 'ORMEÑO ', 'YOLANDA VALERIA', '0000-00-00', 29839438, 0, '', 0, '', 11),
(626, 'ORTIZ ', 'FERNANDA VILMA', '0000-00-00', 31386136, 0, '', 0, '', 11),
(627, 'ORMEÑO ', 'DINA MERCEDES', '0000-00-00', 36256098, 0, '', 0, '', 11),
(628, 'PAEZ ', 'ROMINA ELISABETH', '0000-00-00', 36708152, 0, '', 0, '', 11),
(629, 'ORMEÑO ', 'ROMINA SOLEDAD', '0000-00-00', 37756384, 0, '', 0, '', 11),
(630, 'ORMEÑO ', 'JUAN RAMON', '0000-00-00', 37319697, 0, '', 0, '', 11),
(631, 'ORMEÑO ', 'OMAR RENZO', '0000-00-00', 37496169, 0, '', 0, '', 11),
(632, 'ORMEÑO ', 'RUBEN ISIDRO', '0000-00-00', 25087359, 0, '', 0, '', 11),
(633, 'ORMEÑO ', 'HORACIO NICOLAS', '0000-00-00', 33399798, 0, '', 0, '', 11),
(634, 'ORMEÑO ', 'SIMON RENE', '0000-00-00', 25087315, 0, '', 0, '', 11),
(635, 'ORTIZ ', 'GABRIEL OMAR', '0000-00-00', 39906103, 0, '', 0, '', 11),
(636, 'ORTIZ ', 'PEDRO DAMIAN', '0000-00-00', 25087320, 0, '', 0, '', 11),
(637, 'ORTIZ ', 'CARLOS ALEJANDRO', '0000-00-00', 35890858, 0, '', 0, '', 11),
(638, 'PAEZ ', 'ANGEL ALEJANDRO', '0000-00-00', 35890885, 0, '', 0, '', 11),
(639, 'ORMEÑO', 'SILVIA SOLEDAD', '0000-00-00', 32588974, 0, '', 0, '', 2),
(640, 'SORIA ', 'XAVIER ANGEL ', '0000-00-00', 40775820, 0, '', 0, '', 4),
(641, 'CABRERA VEDIA ', 'EDGAR ANGEL ALBERTO', '0000-00-00', 3881196, 0, '', 0, '', 4),
(642, 'YAÑEZ', 'SANTIAGO ALEXIS ', '0000-00-00', 42058838, 0, '', 0, '', 1),
(643, 'MOLINA', 'CRISTIAN RODRIGO ', '0000-00-00', 36845290, 0, '', 0, '', 4),
(644, 'YAÑEZ ', 'THALIA CELESTE ', '0000-00-00', 38763197, 0, '', 0, '', 4),
(645, 'PAEZ ', 'DIEGO ISMAEL ', '0000-00-00', 31902968, 0, '', 0, '', 3),
(646, 'CAYO', 'MARIA DIVINA', '0000-00-00', 16241575, 0, '', 0, '', 4),
(647, 'MELINA ELIZABETH', 'FUENTES', '0000-00-00', 40775858, 0, '', 0, '', 4),
(648, 'PAEZ ', 'MARIA ANDREINA', '0000-00-00', 35540990, 0, '', 0, '', 4),
(649, 'BRIZUELA', 'OSCAR MANUEL', '0000-00-00', 28804539, 0, '', 0, '', 4),
(650, 'VEGA', 'SILVINA VERONICA', '0000-00-00', 28514054, 0, '', 0, '', 4),
(651, 'ORTIZ', 'MARIANELA BEATRIZ', '0000-00-00', 41045586, 0, '', 0, '', 3),
(652, 'HERRERA', 'NESTOR FABIAN', '0000-00-00', 34697889, 0, '', 0, '', 2),
(653, 'CASTILLO', 'NISSIN ELBER', '0000-00-00', 34980970, 0, '', 0, '', 3),
(654, 'PAEZ', 'ANGEL DAVID', '0000-00-00', 42584684, 0, '', 0, '', 3),
(655, 'CARRIZO', 'RUBEN DARIO', '0000-00-00', 31182091, 0, '', 0, '', 3),
(656, 'RODRIGUEZ', 'EXEQUIEL MAXIMILIANO', '0000-00-00', 33394598, 0, '', 0, '', 3),
(657, 'CASTILLO', 'ELMIRA', '0000-00-00', 20836650, 0, '', 0, '', 3),
(658, 'MORALES', 'ILIANA DEL CARMEN', '0000-00-00', 30563334, 0, '', 0, '', 3),
(659, 'FLORES', 'MIRTHA CORINA', '0000-00-00', 26916398, 0, '', 0, '', 3),
(660, 'CARRIZO', 'CATERINA IVON', '0000-00-00', 36502922, 0, '', 0, '', 3),
(661, 'PAEZ ', 'IVANA SOLEDAD', '0000-00-00', 30091582, 0, '', 0, '', 3),
(662, 'RODRIGUEZ', 'ANDREA MARINA', '0000-00-00', 37319759, 0, '', 0, '', 3),
(663, 'ORTIZ', 'CORINA CARLA', '0000-00-00', 29452989, 0, '', 0, '', 3),
(664, 'SOLEDO', 'ANA GABRIELA', '0000-00-00', 37494939, 0, '', 0, '', 3),
(665, 'YAÑEZ', 'CARLOS', '0000-00-00', 0, 0, '', 0, '', 4),
(666, 'FAJARDO', 'GENARO PANTALEON', '0000-00-00', 25304082, 0, '', 0, '', 4),
(667, 'CARRIZO', 'SOLEDAD YOHANA', '0000-00-00', 33394512, 0, '', 0, '', 3),
(668, 'RODRIGUEZ', 'ANAHI', '0000-00-00', 36502940, 0, '', 0, '', 3),
(669, 'YAÑEZ', 'MARIA JIMENA', '0000-00-00', 0, 0, '', 0, '', 4),
(670, 'MUÑOZ ', 'PABLO  (NO) ', '0000-00-00', 31902991, 0, '', 0, '', 3),
(671, 'ORMEÑO', 'DIEGO ALBERTO  (NO)', '0000-00-00', 37496175, 0, '', 0, '', 6),
(672, 'ORMEÑO ', 'DIEGO ALBERTO (NO)', '0000-00-00', 37496175, 0, '', 0, '', 6),
(673, 'BAZAN ', 'CRISTINA MABEL ', '0000-00-00', 22123859, 0, '', 0, '', 8),
(674, 'BAZAN ', 'CRISTINA MABEL ', '0000-00-00', 22123859, 0, '', 0, '', 7),
(675, 'BAZAN ', 'CRISTINA MABEL ', '0000-00-00', 22123859, 0, '', 0, '', 8),
(676, 'BAZAN ', 'CRISTINA MABEL ', '0000-00-00', 22123859, 0, '', 0, '', 8),
(677, 'VEGA', 'EMMA DEOLIANDA', '0000-00-00', 32624875, 0, '', 0, '', 4),
(678, 'ORMEÑO', 'BENITO TIODOCIO', '0000-00-00', 17310396, 0, '', 0, '', 11),
(679, 'GUERRERO ', 'CESAR RAMON ', '0000-00-00', 29049854, 0, '', 0, '', 1),
(680, 'PAEZ ', 'JOSE LUIS', '0000-00-00', 33234926, 0, '', 0, '', 5),
(681, 'CASTRO', 'CRISTIAN MERCEDES', '0000-00-00', 27454362, 0, '', 0, '', 3),
(682, 'PAEZ ', 'YANINA DEL VALLE ', '0000-00-00', 33394542, 0, '', 0, '', 3),
(683, 'ORMEÑO', 'DANIELA NICOLASA', '0000-00-00', 37319681, 0, '', 0, '', 11),
(684, 'BARRERA', 'GEOVANA GISELA', '0000-00-00', 36502876, 0, '', 0, '', 3),
(685, 'HERRERA', 'YESICA VIVINA ', '0000-00-00', 33585362, 0, '', 0, '', 1),
(686, 'REINOSO ROMERO', 'FLAVIA ', '0000-00-00', 40775878, 0, '', 0, '', 3),
(687, 'MOLINA ', 'SAUL NOLASCO', '0000-00-00', 32624809, 0, '', 0, '', 4),
(688, 'PAEZ ', 'MILTON ALBERTO', '0000-00-00', 3988504, 0, '', 0, '', 4),
(689, 'LOPEZ', 'RODRIGO MIGUEL ', '0000-00-00', 38763155, 0, '', 0, '', 4),
(690, 'SORIA ', 'MARIA EUGENIA ', '0000-00-00', 34980993, 0, '', 0, '', 1),
(691, 'OLIVARES', 'JAIRO ', '0000-00-00', 38480733, 0, '', 0, '', 1),
(692, 'PAEZ ', 'RAUL MIGUEL ', '0000-00-00', 13812522, 0, '', 0, '', 1),
(693, 'LEYES', 'AILEN ', '0000-00-00', 41845919, 0, '', 0, '', 3);
INSERT INTO `beneficiario` (`beneficiario_id`, `apellido`, `nombre`, `fecha_nacimiento`, `documento`, `cuil`, `domicilio`, `telefono`, `correoelectronico`, `localidad`) VALUES
(694, 'CARPIO', 'VANESA MARICEL ', '0000-00-00', 37319610, 0, '', 0, '', 1),
(695, 'YAÑEZ', 'DANIEL  FRANCO ', '0000-00-00', 0, 0, '', 0, '', 1),
(696, 'FUENTES', 'ROSA BARBARITA', '0000-00-00', 18510594, 0, '', 0, '', 4),
(697, 'PAEZ BRIZUELA ', 'LUIS FERNADO ', '0000-00-00', 40775805, 0, '', 0, '', 4),
(698, 'SORIA', 'MELISA MICAELA', '0000-00-00', 40775827, 0, '', 0, '', 3),
(699, 'NIEVAS CEREZO', 'SEILA STEFANIA ', '0000-00-00', 37318866, 0, '', 0, '', 3),
(700, 'GONZALEZ', 'ANA GRACIELA', '0000-00-00', 16678118, 0, '', 0, '', 3),
(701, 'FLORES', 'AILE ELIZABETH', '0000-00-00', 36502870, 0, '', 0, '', 3),
(702, 'LOPEZ', 'MARIA FERNANDA', '0000-00-00', 34921089, 0, '', 0, '', 3),
(703, 'BARRERA', 'ROMINA ', '0000-00-00', 34980961, 0, '', 0, '', 4),
(704, 'MELINA J', 'BORDON ', '0000-00-00', 35540901, 0, '', 0, '', 4),
(705, 'MUÑOZ', 'RAUL OSCAR', '0000-00-00', 36845278, 0, '', 0, '', 3),
(706, 'CARRIZO', 'JONATHAN ARIEL', '0000-00-00', 39297209, 0, '', 0, '', 11),
(707, 'CHANQUIA', 'RENZO NICOLAS', '0000-00-00', 30311987, 0, '', 0, '', 3),
(708, 'ALZAGA', 'LUCAS MIGUEL ', '0000-00-00', 38480707, 0, '', 0, '', 3),
(709, 'TORRES', 'RAUL RICARDO ', '0000-00-00', 30299595, 0, '', 0, '', 9),
(710, 'SORIA ', 'MARICEL SOLEDAD ', '0000-00-00', 37187350, 0, '', 0, '', 4),
(711, 'SORIA ', 'SERGIO ERIK', '0000-00-00', 39885049, 0, '', 0, '', 4),
(712, 'FUENTES CAYO ', 'ANGEL CESAR MANUEL ', '0000-00-00', 42058850, 0, '', 0, '', 4),
(713, 'BARRERA', 'MIGUEL ', '0000-00-00', 38763107, 0, '', 0, '', 4),
(714, 'YAÑEZ', 'ROQUE MIGUEL ', '0000-00-00', 29483643, 0, '', 0, '', 4),
(715, 'ORMEÑO', 'LEILA ANTONIA', '0000-00-00', 30773832, 0, '', 0, '', 5),
(716, 'GAITAN', 'KEVIN IBRAHIM', '0000-00-00', 35964754, 0, '', 0, '', 3),
(717, 'GONZALEZ BARRERA', 'JESSICA ANAHI', '0000-00-00', 39904722, 0, '', 0, '', 3),
(718, 'JESUS ANDRES', 'ROSALEZ', '0000-00-00', 30694933, 0, '', 0, '', 6),
(719, 'FLORES', 'ARACELI YAEL', '0000-00-00', 37494937, 0, '', 0, '', 3),
(720, 'OLIVA', 'MARIO ALBERTO', '0000-00-00', 33399797, 0, '', 0, '', 11),
(721, 'GUERRA PAEZ', 'MARIANA GRACIELA', '0000-00-00', 32693475, 0, '', 0, '', 3),
(722, 'GUERRERO ', 'ANIA TAMARA', '0000-00-00', 39300814, 0, '', 0, '', 3),
(723, 'GUERRERO ', 'JENIFER ABIGAIL', '0000-00-00', 38480740, 0, '', 0, '', 3),
(724, 'OLIVERA ', 'GABRIELA ', '0000-00-00', 35540957, 0, '', 0, '', 4),
(725, 'YAÑEZ', 'RUBEN ', '0000-00-00', 32549760, 0, '', 0, '', 4),
(726, 'ZARATE', 'MARTIN  ', '0000-00-00', 26962043, 0, '', 0, '', 3),
(727, 'CALIVA', 'RAFAEL EDUARDO ', '0000-00-00', 44329863, 0, '', 0, '', 3),
(728, 'ORMEÑO', 'CRISTIAN LEOMARDO', '0000-00-00', 39904783, 0, '', 0, '', 3),
(729, 'ISON ', 'HECTOR ', '0000-00-00', 29819430, 0, '', 0, '', 3),
(730, 'MOLINA ', 'SABRINA GISELA', '0000-00-00', 37187383, 0, '', 0, '', 3),
(731, 'ORMEÑO', 'NICOLASA', '0000-00-00', 37319967, 0, '', 0, '', 3),
(732, 'BARRERA ', 'ANA GABRIELA', '0000-00-00', 41845905, 0, '', 0, '', 3),
(733, 'BRIZUELA ', 'JUANQUIN ALFREDO ', '0000-00-00', 36502821, 0, '', 0, '', 3),
(734, 'PEREYRA', 'JESSICA SABRINA', '0000-00-00', 36256091, 0, '', 0, '', 3),
(735, 'PAEZ ', 'EDGAR JOEL ', '0000-00-00', 33394517, 0, '', 0, '', 3),
(736, 'PEREZ ', 'DAISI BELRN ', '0000-00-00', 42058866, 0, '', 0, '', 3),
(737, 'LOPEZ ', 'IRMA BAETRIZ', '0000-00-00', 23502090, 0, '', 0, '', 3),
(738, 'CORTEZ', 'NESTOR', '0000-00-00', 37494527, 0, '', 0, '', 3),
(739, 'ORTIZ LOPEZ', 'GIANFRANCO', '2018-09-24', 39904729, 0, '', 0, '', 3),
(740, 'TEJADA', 'SERGUIO GULLERMO', '0000-00-00', 27045851, 0, '', 0, '', 3),
(741, 'TAMBLAY', 'BRIAN ROLANDO ', '0000-00-00', 42058843, 0, '', 0, '', 4),
(742, 'CAPMILLAY', 'ANA MELINA', '0000-00-00', 38763161, 0, '', 0, '', 4),
(743, 'SOSA ', 'CARLOS FRANCO', '0000-00-00', 27045811, 0, '', 0, '', 3),
(744, 'CARRIZO ', 'LUCAS MIGUEL ', '0000-00-00', 40775815, 0, '', 0, '', 4),
(745, 'ORMEÑO', 'GUILLERMO ROQUE', '0000-00-00', 11063936, 0, '', 0, '', 9),
(746, 'MARANO', 'JORGE', '0000-00-00', 25737242, 0, '', 0, '', 4),
(747, 'ASTORGA', 'DAVID EMANUEL', '0000-00-00', 1028, 0, '', 0, '', 4),
(748, 'ZALASAR', 'CARLOS NICOLAS', '0000-00-00', 36256083, 0, '', 0, '', 3),
(749, 'SOLEDO', 'JORGE', '0000-00-00', 1029, 0, '', 0, '', 3),
(750, 'SILVA ', 'ALFREDO REINALDO', '0000-00-00', 23465349, 0, '', 0, '', 3),
(751, 'CARRIZO', 'SAMUEL', '0000-00-00', 39300836, 0, '', 0, '', 3),
(752, 'SORIA', 'EXEQUIEL ALFREDO', '0000-00-00', 36256031, 0, '', 0, '', 3),
(753, 'VILLAFAÑE', 'MARENA ELAIZA', '0000-00-00', 37495749, 0, '', 0, '', 3),
(754, 'MILLER', 'KAREN MILENA', '0000-00-00', 39904728, 0, '', 0, '', 3),
(755, 'QUIROGA', 'JOSE RAUL', '0000-00-00', 30501249, 0, '', 0, '', 3),
(756, 'PAEZ', 'GONZALO ESTEBAN', '0000-00-00', 27369635, 0, '', 0, '', 1),
(757, 'OLIVARES', 'SOLEDAD', '0000-00-00', 27693896, 0, '', 0, '', 2),
(758, 'GONZALEZ', 'PETRONA', '0000-00-00', 17217534, 0, '', 0, '', 3),
(759, 'TAMBLAY', 'GIANCARLO EMIR ', '0000-00-00', 40775806, 0, '', 0, '', 10),
(760, 'MORALES ', 'BEATRIZ ROSARIO', '0000-00-00', 20110145, 0, '', 0, '', 1),
(761, 'castillo ', 'lucas maximiliano ', '0000-00-00', 37654028, 0, '', 0, '', 4),
(762, 'ARGUELLO ', 'JULIO NICOLAS', '0000-00-00', 33395415, 0, '', 0, '', 1),
(763, 'PAEZ ', 'MAURO ALEXANDER', '0000-00-00', 37494571, 0, '', 0, '', 4),
(764, 'FLORES ', 'MANUEL BENITO CRUZ ', '0000-00-00', 31632906, 0, '', 0, '', 4),
(765, 'ALVAREZ OCAMPO', 'AGUSTIN EZEQUIEL ', '0000-00-00', 38480889, 0, '', 0, '', 3),
(766, 'ORMEÑO PAEZ', 'NASARENA ADALUZ', '0000-00-00', 37319728, 0, '', 0, '', 3),
(767, 'AZAR', 'DAIRA YANINA ', '0000-00-00', 32624898, 0, '', 0, '', 4),
(768, 'SORIA ', 'HERNAN MATAIAS ', '0000-00-00', 29483651, 0, '', 0, '', 4),
(769, 'LOPEZ ', 'LEONARDO  MIGUEL ', '0000-00-00', 39885056, 0, '', 0, '', 4),
(770, 'QUIROGA ', 'DIEGO  ALEJANDRO ', '0000-00-00', 34980929, 0, '', 0, '', 2),
(771, 'CARRIZO', 'MAURICIO ALFREDO ', '0000-00-00', 36845249, 0, '', 0, '', 1),
(772, 'YAÑEZ', 'MARIA EUGENIA ', '0000-00-00', 34980919, 0, '', 0, '', 4),
(773, 'maldonado', 'ana clara', '0000-00-00', 38763178, 0, '', 0, '', 4),
(774, 'lopez', 'rrogelia carmela', '0000-00-00', 25888629, 0, '', 0, '', 3),
(775, 'CASTRO', 'angela melisa', '0000-00-00', 34699370, 0, '', 0, '', 3),
(776, 'Bordon', 'Osfaldo  Daniel', '0000-00-00', 32688329, 0, '', 0, '', 3),
(777, 'haist', 'maira ayelen', '0000-00-00', 36502902, 0, '', 0, '', 3),
(778, 'reinoso', 'gabriela fernanda', '0000-00-00', 30914393, 0, '', 0, '', 3),
(779, 'urriche', 'brayan nahuel', '0000-00-00', 36236237, 0, '', 0, '', 5),
(780, 'vallejo', 'sonia vanesa', '0000-00-00', 32588946, 0, '', 0, '', 3),
(781, 'castro', 'karina analia ', '0000-00-00', 24912380, 0, '', 0, '', 4),
(782, 'YAÑEZ', 'pablo ramon', '0000-00-00', 40775897, 0, '', 0, '', 4),
(783, 'granado', 'sergio fabian', '0000-00-00', 31632946, 0, '', 0, '', 4),
(784, 'cayo', 'silvina', '0000-00-00', 30259592, 0, '', 0, '', 4),
(785, 'cortez', 'noelia deolinda', '0000-00-00', 30564910, 0, '', 0, '', 1),
(786, 'narvaez', 'jonatan edison ', '0000-00-00', 33394510, 0, '', 0, '', 3),
(787, 'REYES VERAGUA ', 'ALDO DAMIAN', '0000-00-00', 44199214, 0, '', 0, '', 3),
(788, 'SOSA', 'NICLAS CEFERINO ', '0000-00-00', 25555837, 0, '', 0, '', 3),
(789, 'PAEZ ', 'ESTELA MARY', '0000-00-00', 25527504, 0, '', 0, '', 2),
(790, 'SOSA', 'EZEQUIEL EDGARDO', '0000-00-00', 39904718, 0, '', 0, '', 3),
(791, 'CASTILLO ', 'ROSA EDITH', '0000-00-00', 30299568, 0, '', 0, '', 4),
(792, 'SARRUFF', 'FACUNDO', '0000-00-00', 17804599, 0, '', 0, '', 4),
(793, 'CHAQUIA ', 'PABLO JOSE ', '0000-00-00', 31902978, 0, '', 0, '', 5),
(794, 'GALLEGOS', 'ERIC', '2019-11-06', 31632973, 20316329730, 'Rosa Argañaraz', 3804509885, 'ejgallegos@gmail.com', 1);

-- --------------------------------------------------------

--
-- Estructura de tabla para la tabla `beneficio`
--

CREATE TABLE `beneficio` (
  `beneficio_id` int(11) NOT NULL,
  `fecha_alta` date DEFAULT NULL,
  `estado` int(1) DEFAULT NULL,
  `anexo` int(11) DEFAULT NULL
) ENGINE=InnoDB DEFAULT CHARSET=utf8 COLLATE=utf8_spanish_ci;

--
-- Volcado de datos para la tabla `beneficio`
--

INSERT INTO `beneficio` (`beneficio_id`, `fecha_alta`, `estado`, `anexo`) VALUES
(1, '2018-05-12', 1, 1),
(2, '2018-05-12', 0, 1),
(4, '2018-05-12', 0, 1),
(6, '2018-05-12', 1, 2),
(8, '2018-05-12', 1, 3),
(9, '2018-05-12', 1, 3),
(10, '2018-05-12', 1, 3),
(11, '2018-05-12', 0, 3),
(12, '2018-05-12', 1, 3),
(13, '2018-05-12', 1, 3),
(14, '2018-05-12', 0, 3),
(15, '2018-05-12', 1, 3),
(16, '2018-05-12', 0, 4),
(17, '2018-05-12', 1, 4),
(18, '2018-05-12', 1, 4),
(19, '2018-05-12', 1, 4),
(20, '2018-05-12', 1, 4),
(21, '2018-05-12', 0, 4),
(22, '2018-05-12', 0, 4),
(23, '2018-05-12', 1, 4),
(24, '2018-05-12', 0, 4),
(25, '2018-05-12', 1, 4),
(26, '2018-05-12', 1, 4),
(27, '2018-05-12', 0, 4),
(28, '2018-05-12', 0, 4),
(29, '2018-05-12', 1, 4),
(30, '2018-05-12', 0, 4),
(31, '2018-05-12', 0, 4),
(32, '2018-05-12', 1, 4),
(33, '2018-05-12', 1, 4),
(34, '2018-05-12', 0, 5),
(35, '2018-05-12', 0, 6),
(36, '2018-05-12', 0, 6),
(37, '2018-05-12', 1, 6),
(38, '2018-05-12', 1, 6),
(39, '2018-05-12', 0, 6),
(40, '2018-05-12', 0, 6),
(41, '2018-05-12', 0, 6),
(42, '2018-05-12', 1, 6),
(43, '2018-05-12', 0, 6),
(44, '2018-05-12', 0, 6),
(45, '2018-05-12', 0, 6),
(46, '2018-05-12', 1, 6),
(47, '2018-05-12', 0, 6),
(48, '2018-05-12', 1, 6),
(49, '2018-05-12', 0, 6),
(50, '2018-05-12', 1, 6),
(51, '2018-05-12', 0, 6),
(52, '2018-05-12', 0, 6),
(53, '2018-05-12', 0, 6),
(54, '2018-05-12', 1, 6),
(55, '2018-05-12', 0, 7),
(56, '2018-05-12', 0, 7),
(57, '2018-05-12', 0, 7),
(58, '2018-05-12', 0, 7),
(59, '2018-05-12', 1, 7),
(60, '2018-05-12', 0, 7),
(61, '2018-05-12', 1, 7),
(62, '2018-05-12', 0, 7),
(63, '2018-05-12', 0, 7),
(64, '2018-05-12', 0, 7),
(65, '2018-05-12', 0, 7),
(66, '2018-05-12', 1, 8),
(68, '2018-05-12', 1, 8),
(69, '2018-05-12', 0, 9),
(71, '2018-05-12', 1, 9),
(72, '2018-05-12', 1, 9),
(73, '2018-05-12', 1, 9),
(74, '2018-05-12', 1, 9),
(75, '2018-05-12', 1, 9),
(76, '2018-05-12', 1, 9),
(78, '2018-05-12', 1, 9),
(79, '2018-05-12', 1, 9),
(81, '2018-05-12', 1, 9),
(82, '2018-05-12', 1, 9),
(83, '2018-05-12', 1, 9),
(84, '2018-05-12', 0, 9),
(85, '2018-05-12', 1, 9),
(86, '2018-05-12', 1, 9),
(87, '2018-05-12', 1, 9),
(88, '2018-05-12', 1, 9),
(89, '2018-05-12', 1, 9),
(90, '2018-05-12', 1, 9),
(92, '2018-05-12', 1, 9),
(93, '2018-05-12', 1, 9),
(94, '2018-05-12', 1, 9),
(97, '2018-05-12', 0, 9),
(98, '2018-05-12', 0, 9),
(99, '2018-05-12', 1, 9),
(100, '2018-05-12', 1, 9),
(102, '2018-05-12', 1, 9),
(103, '2018-05-12', 1, 9),
(104, '2018-05-12', 1, 9),
(105, '2018-05-12', 1, 9),
(107, '2018-05-12', 0, 9),
(108, '2018-05-12', 0, 9),
(109, '2018-05-12', 0, 9),
(110, '2018-05-12', 1, 10),
(111, '2018-05-12', 1, 10),
(112, '2018-05-12', 0, 10),
(113, '2018-05-12', 1, 10),
(114, '2018-05-12', 1, 10),
(115, '2018-05-12', 1, 10),
(116, '2018-05-12', 1, 10),
(117, '2018-05-12', 1, 10),
(118, '2018-05-12', 1, 10),
(119, '2018-05-12', 1, 10),
(120, '2018-05-12', 1, 10),
(121, '2018-05-12', 0, 10),
(122, '2018-05-12', 1, 10),
(124, '2018-05-12', 1, 10),
(125, '2018-05-12', 1, 10),
(126, '2018-05-12', 0, 10),
(127, '2018-05-12', 1, 10),
(128, '2018-05-12', 0, 10),
(129, '2018-05-12', 0, 10),
(131, '2018-05-12', 0, 10),
(132, '2018-05-12', 1, 10),
(133, '2018-05-12', 1, 10),
(134, '2018-05-12', 1, 10),
(135, '2018-05-12', 1, 10),
(136, '2018-05-12', 0, 10),
(138, '2018-05-12', 0, 10),
(139, '2018-05-12', 1, 10),
(140, '2018-05-12', 1, 10),
(141, '2018-05-12', 1, 10),
(142, '2018-05-12', 0, 10),
(143, '2018-05-12', 1, 10),
(145, '2018-05-12', 0, 10),
(146, '2018-05-12', 1, 10),
(147, '2018-05-12', 0, 10),
(148, '2018-05-12', 1, 10),
(150, '2018-05-12', 1, 10),
(151, '2018-05-12', 1, 10),
(154, '2018-05-12', 1, 10),
(157, '2018-05-12', 1, 11),
(161, '2018-05-12', 0, 11),
(162, '2018-05-12', 0, 11),
(167, '2018-05-12', 1, 11),
(169, '2018-05-12', 1, 11),
(171, '2018-05-12', 0, 11),
(173, '2018-05-12', 0, 11),
(174, '2018-05-12', 0, 11),
(176, '2018-05-12', 1, 12),
(177, '2018-05-12', 1, 12),
(178, '2018-05-12', 1, 12),
(179, '2018-05-12', 1, 12),
(182, '2018-05-12', 1, 13),
(183, '2018-05-12', 1, 13),
(187, '2018-05-12', 1, 13),
(188, '2018-05-12', 1, 13),
(189, '2018-05-12', 1, 13),
(190, '2018-05-12', 1, 13),
(197, '2018-05-12', 1, 13),
(200, '2018-05-12', 1, 13),
(204, '2018-05-12', 1, 13),
(205, '2018-05-12', 1, 13),
(207, '2018-05-12', 1, 13),
(211, '2018-05-12', 1, 13),
(217, '2018-05-12', 1, 13),
(218, '2018-05-12', 1, 13),
(220, '2018-05-12', 1, 13),
(221, '2018-05-12', 1, 13),
(222, '2018-05-12', 1, 13),
(225, '2018-05-12', 1, 13),
(226, '2018-05-12', 1, 13),
(228, '2018-05-12', 0, 13),
(229, '2018-05-12', 1, 13),
(230, '2018-05-12', 0, 13),
(231, '2018-05-12', 1, 13),
(232, '2018-05-12', 1, 13),
(234, '2018-05-12', 1, 13),
(235, '2018-05-12', 1, 13),
(237, '2018-05-12', 1, 13),
(238, '2018-05-12', 0, 13),
(240, '2018-05-12', 1, 13),
(247, '2018-05-12', 1, 14),
(248, '2018-05-12', 1, 14),
(249, '2018-05-12', 1, 14),
(250, '2018-05-12', 1, 14),
(251, '2018-05-12', 1, 14),
(252, '2018-05-12', 1, 14),
(253, '2018-05-12', 1, 14),
(254, '2018-05-12', 1, 14),
(255, '2018-05-12', 1, 14),
(256, '2018-05-12', 1, 14),
(257, '2018-05-12', 1, 14),
(258, '2018-05-12', 1, 14),
(259, '2018-05-12', 1, 14),
(260, '2018-05-12', 1, 14),
(261, '2018-05-12', 1, 15),
(262, '2018-05-12', 1, 15),
(263, '2018-05-12', 1, 15),
(264, '2018-05-12', 1, 15),
(265, '2018-05-12', 0, 16),
(266, '2018-05-12', 0, 16),
(267, '2018-05-12', 0, 16),
(268, '2018-05-12', 0, 17),
(269, '2018-05-12', 0, 17),
(270, '2018-05-12', 1, 17),
(271, '2018-05-12', 1, 17),
(272, '2018-05-12', 0, 17),
(273, '2018-05-12', 1, 17),
(274, '2018-05-12', 1, 18),
(275, '2018-05-12', 1, 18),
(276, '2018-05-12', 0, 19),
(277, '2018-05-12', 0, 19),
(278, '2018-05-12', 0, 19),
(279, '2018-05-12', 0, 19),
(280, '2018-05-12', 0, 19),
(281, '2018-05-12', 0, 19),
(282, '2018-05-12', 0, 19),
(283, '2018-05-12', 0, 19),
(284, '2018-05-12', 0, 19),
(285, '2018-05-12', 0, 19),
(286, '2018-05-12', 0, 19),
(287, '2018-05-12', 0, 19),
(288, '2018-05-12', 0, 19),
(289, '2018-05-12', 0, 19),
(290, '2018-05-12', 0, 19),
(291, '2018-05-12', 0, 19),
(292, '2018-05-12', 0, 19),
(293, '2018-05-12', 0, 19),
(294, '2018-05-12', 0, 19),
(295, '2018-05-12', 0, 19),
(296, '2018-05-12', 0, 19),
(297, '2018-05-12', 0, 19),
(298, '2018-05-12', 0, 19),
(299, '2018-05-12', 0, 19),
(300, '2018-05-12', 1, 20),
(301, '2018-05-12', 1, 20),
(302, '2018-05-12', 1, 20),
(303, '2018-05-12', 1, 20),
(304, '2018-05-12', 1, 21),
(305, '2018-05-12', 1, 22),
(306, '2018-05-12', 1, 22),
(307, '2018-05-12', 1, 23),
(308, '2018-05-12', 1, 23),
(309, '2018-05-12', 1, 23),
(310, '2018-05-12', 1, 23),
(311, '2018-05-12', 1, 24),
(312, '2018-05-12', 1, 24),
(313, '2018-05-12', 1, 24),
(314, '2018-05-12', 1, 24),
(315, '2018-05-12', 1, 24),
(316, '2018-05-12', 1, 24),
(317, '2018-05-12', 1, 24),
(318, '2018-05-12', 1, 24),
(319, '2018-05-12', 1, 24),
(320, '2018-05-12', 1, 24),
(321, '2018-05-12', 1, 24),
(322, '2018-05-12', 1, 25),
(323, '2018-05-12', 1, 25),
(324, '2018-05-12', 1, 25),
(325, '2018-05-12', 1, 25),
(326, '2018-05-12', 1, 25),
(327, '2018-05-12', 1, 25),
(328, '2018-05-12', 1, 25),
(329, '2018-05-12', 1, 26),
(330, '2018-05-12', 1, 26),
(331, '2018-05-12', 1, 26),
(332, '2018-05-12', 1, 26),
(333, '2018-05-12', 1, 26),
(334, '2018-05-12', 1, 26),
(335, '2018-05-12', 1, 26),
(337, '2018-05-12', 1, 27),
(338, '2018-05-12', 1, 29),
(339, '2018-05-12', 1, 29),
(340, '2018-05-12', 1, 29),
(341, '2018-05-12', 1, 29),
(342, '2018-05-12', 1, 29),
(344, '2018-05-12', 1, 29),
(345, '2018-05-12', 1, 30),
(346, '2018-05-12', 1, 30),
(347, '2018-05-12', 1, 31),
(348, '2018-05-12', 1, 31),
(349, '2018-05-12', 1, 31),
(350, '2018-05-12', 1, 31),
(351, '2018-05-12', 1, 31),
(352, '2018-05-12', 1, 31),
(353, '2018-05-12', 1, 31),
(354, '2018-05-12', 1, 31),
(355, '2018-05-12', 1, 32),
(356, '2018-05-12', 1, 32),
(357, '2018-05-12', 1, 33),
(358, '2018-05-12', 1, 34),
(359, '2018-05-12', 1, 35),
(360, '2018-05-12', 1, 35),
(361, '2018-05-12', 1, 35),
(362, '2018-05-12', 1, 36),
(363, '2018-05-12', 1, 36),
(364, '2018-05-12', 0, 36),
(365, '2018-05-12', 1, 36),
(366, '2018-05-12', 0, 37),
(367, '2018-05-12', 0, 37),
(368, '2018-05-12', 1, 37),
(369, '2018-05-12', 0, 37),
(370, '2018-05-12', 1, 37),
(371, '2018-05-12', 0, 37),
(372, '2018-05-12', 1, 38),
(373, '2018-05-12', 1, 38),
(374, '2018-05-12', 1, 38),
(375, '2018-05-12', 1, 38),
(376, '2018-05-12', 1, 38),
(377, '2018-05-12', 1, 38),
(378, '2018-05-12', 1, 38),
(379, '2018-05-12', 0, 38),
(380, '2018-05-12', 0, 39),
(381, '2018-05-12', 1, 40),
(382, '2018-05-12', 1, 40),
(383, '2018-05-12', 0, 40),
(384, '2018-05-12', 1, 40),
(385, '2018-05-12', 1, 40),
(386, '2018-05-12', 1, 40),
(387, '2018-05-12', 1, 40),
(388, '2018-05-12', 1, 40),
(389, '2018-05-12', 1, 40),
(390, '2018-05-12', 1, 40),
(391, '2018-05-12', 1, 40),
(392, '2018-05-12', 1, 40),
(393, '2018-05-12', 1, 40),
(395, '2018-05-12', 1, 40),
(396, '2018-05-12', 1, 40),
(397, '2018-05-12', 1, 40),
(398, '2018-05-12', 1, 40),
(399, '2018-05-12', 1, 40),
(400, '2018-05-12', 1, 41),
(401, '2018-05-12', 0, 42),
(402, '2018-05-12', 0, 42),
(403, '2018-05-12', 1, 42),
(404, '2018-05-12', 0, 42),
(405, '2018-05-12', 1, 42),
(406, '2018-05-12', 0, 42),
(407, '2018-05-12', 0, 42),
(408, '2018-05-12', 1, 42),
(409, '2018-05-12', 1, 42),
(410, '2018-05-12', 1, 42),
(411, '2018-05-12', 1, 42),
(412, '2018-05-12', 0, 42),
(413, '2018-05-12', 0, 42),
(414, '2018-05-12', 0, 42),
(415, '2018-05-12', 1, 42),
(416, '2018-05-12', 0, 42),
(417, '2018-05-12', 1, 42),
(418, '2018-05-12', 1, 43),
(419, '2018-05-12', 1, 43),
(420, '2018-05-12', 0, 43),
(421, '2018-05-12', 1, 43),
(422, '2018-05-12', 1, 43),
(423, '2018-05-12', 0, 43),
(424, '2018-05-12', 0, 43),
(425, '2018-05-12', 1, 43),
(426, '2018-05-12', 0, 44),
(427, '2018-05-12', 0, 44),
(428, '2018-05-12', 1, 44),
(429, '2018-05-12', 0, 45),
(430, '2018-05-12', 1, 45),
(431, '2018-05-12', 1, 45),
(432, '2018-05-12', 0, 45),
(433, '2018-05-12', 1, 45),
(434, '2018-05-12', 1, 45),
(435, '2018-05-12', 0, 45),
(436, '2018-05-12', 1, 45),
(437, '2018-05-12', 1, 45),
(438, '2018-05-12', 1, 45),
(439, '2018-05-12', 1, 45),
(440, '2018-05-12', 1, 45),
(441, '2018-05-12', 0, 45),
(442, '2018-05-12', 1, 45),
(443, '2018-05-12', 0, 45),
(444, '2018-05-12', 0, 45),
(445, '2018-05-12', 1, 45),
(446, '2018-05-12', 0, 45),
(447, '2018-05-12', 1, 45),
(448, '2018-05-12', 1, 45),
(449, '2018-05-12', 0, 45),
(450, '2018-05-12', 0, 45),
(451, '2018-05-12', 1, 45),
(452, '2018-05-12', 1, 45),
(453, '2018-05-12', 0, 45),
(454, '2018-05-12', 0, 46),
(455, '2018-05-12', 0, 46),
(456, '2018-05-12', 0, 46),
(457, '2018-05-12', 0, 46),
(458, '2018-05-12', 0, 46),
(459, '2018-05-12', 0, 46),
(460, '2018-05-12', 0, 46),
(461, '2018-05-12', 0, 46),
(462, '2018-05-12', 0, 46),
(463, '2018-05-12', 0, 46),
(464, '2018-05-12', 0, 46),
(465, '2018-05-12', 0, 46),
(466, '2018-05-12', 0, 46),
(467, '2018-05-12', 0, 46),
(468, '2018-05-12', 0, 46),
(469, '2018-05-12', 0, 46),
(470, '2018-05-12', 0, 46),
(471, '2018-05-12', 0, 46),
(472, '2018-05-12', 0, 46),
(473, '2018-05-12', 0, 46),
(474, '2018-05-12', 0, 46),
(475, '2018-05-12', 0, 46),
(476, '2018-05-12', 0, 46),
(477, '2018-05-12', 0, 46),
(478, '2018-05-12', 0, 46),
(479, '2018-05-12', 0, 46),
(480, '2018-05-12', 0, 46),
(481, '2018-05-12', 1, 46),
(482, '2018-05-12', 0, 46),
(483, '2018-05-12', 0, 46),
(484, '2018-05-12', 0, 46),
(485, '2018-05-12', 0, 46),
(486, '2018-05-12', 0, 46),
(487, '2018-05-12', 0, 46),
(488, '2018-05-12', 1, 46),
(489, '2018-05-12', 0, 46),
(490, '2018-05-12', 0, 46),
(491, '2018-05-12', 0, 46),
(492, '2018-05-12', 0, 47),
(493, '2018-05-12', 0, 48),
(494, '2018-05-12', 0, 48),
(495, '2018-05-12', 1, 48),
(496, '2018-05-12', 1, 48),
(497, '2018-05-12', 0, 48),
(498, '2018-05-12', 1, 48),
(499, '2018-05-12', 1, 48),
(500, '2018-05-12', 1, 48),
(501, '2018-05-12', 0, 49),
(502, '2018-05-12', 0, 49),
(504, '2018-05-12', 0, 49),
(505, '2018-05-12', 0, 49),
(506, '2018-05-12', 1, 49),
(507, '2018-05-12', 1, 49),
(508, '2018-05-12', 1, 50),
(509, '2018-05-12', 1, 50),
(510, '2018-05-12', 1, 50),
(511, '2018-05-12', 0, 50),
(512, '2018-05-12', 0, 50),
(513, '2018-05-12', 0, 50),
(514, '2018-05-12', 1, 50),
(515, '2018-05-12', 0, 50),
(516, '2018-05-12', 1, 50),
(517, '2018-05-12', 1, 50),
(518, '2018-05-12', 1, 50),
(519, '2018-05-12', 1, 51),
(520, '2018-05-12', 1, 51),
(521, '2018-05-12', 1, 51),
(522, '2018-05-12', 1, 52),
(523, '2018-05-12', 1, 52),
(524, '2018-05-12', 1, 52),
(525, '2018-05-12', 1, 52),
(526, '2018-05-12', 1, 52),
(527, '2018-05-12', 1, 52),
(528, '2018-05-12', 1, 52),
(529, '2018-05-12', 1, 52),
(530, '2018-05-12', 1, 52),
(531, '2018-05-12', 1, 52),
(532, '2018-05-12', 1, 52),
(533, '2018-05-12', 0, 53),
(534, '2018-05-12', 0, 53),
(535, '2018-05-12', 0, 54),
(536, '2018-05-12', 0, 55),
(537, '2018-05-12', 0, 56),
(538, '2018-05-12', 0, 56),
(539, '2018-05-12', 0, 56),
(540, '2018-05-12', 0, 57),
(541, '2018-05-12', 0, 57),
(542, '2018-05-12', 0, 57),
(543, '2018-05-12', 0, 57),
(545, '2018-05-12', 0, 57),
(546, '2018-05-12', 0, 57),
(547, '2018-05-12', 0, 57),
(549, '2018-05-12', 0, 57),
(550, '2018-05-12', 0, 57),
(552, '2018-05-12', 0, 58),
(553, '2018-05-12', 0, 59),
(554, '2018-05-12', 0, 59),
(555, '2018-05-12', 0, 59),
(556, '2018-05-12', 0, 59),
(557, '2018-05-12', 0, 59),
(558, '2018-05-12', 0, 59),
(559, '2018-05-12', 0, 59),
(560, '2018-05-12', 0, 59),
(561, '2018-05-12', 0, 59),
(562, '2018-05-12', 0, 59),
(563, '2018-05-12', 0, 59),
(564, '2018-05-12', 0, 59),
(565, '2018-05-12', 0, 59),
(566, '2018-05-12', 0, 59),
(567, '2018-05-12', 0, 59),
(568, '2018-05-12', 0, 59),
(569, '2018-05-12', 0, 59),
(570, '2018-05-12', 1, 60),
(572, '2018-05-12', 1, 60),
(573, '2018-05-12', 1, 60),
(574, '2018-05-12', 1, 60),
(575, '2018-05-12', 1, 61),
(576, '2018-05-12', 0, 62),
(577, '2018-05-12', 1, 63),
(578, '2018-05-12', 1, 63),
(579, '2018-05-12', 1, 64),
(580, '2018-05-12', 0, 65),
(581, '2018-05-12', 1, 66),
(582, '2018-05-12', 1, 67),
(583, '2018-05-12', 1, 67),
(584, '2018-05-12', 1, 67),
(585, '2018-05-12', 0, 67),
(587, '2018-05-12', 1, 67),
(588, '2018-05-12', 1, 67),
(589, '2018-05-12', 1, 67),
(590, '2018-05-12', 0, 67),
(591, '2018-05-12', 1, 67),
(592, '2018-05-12', 1, 67),
(593, '2018-05-12', 0, 68),
(594, '2018-05-12', 0, 68),
(595, '2018-05-12', 0, 68),
(596, '2018-05-12', 0, 68),
(597, '2018-05-12', 0, 68),
(604, '2018-05-12', 0, 71),
(605, '2018-05-12', 0, 71),
(606, '2018-05-12', 0, 71),
(607, '2018-05-12', 0, 72),
(608, '2018-05-12', 0, 72),
(609, '2018-05-12', 0, 72),
(610, '2018-05-12', 0, 72),
(611, '2018-05-12', 0, 72),
(612, '2018-05-12', 0, 72),
(614, '2018-05-12', 1, 72),
(615, '2018-05-12', 0, 73),
(616, '2018-05-12', 0, 74),
(617, '2018-05-12', 1, 75),
(618, '2018-05-12', 1, 75),
(619, '2018-05-12', 1, 76),
(620, '2018-05-12', 1, 76),
(622, '2018-05-12', 1, 77),
(623, '2018-05-12', 1, 78),
(624, '2018-05-12', 1, 78),
(625, '2018-05-12', 1, 78),
(626, '2018-05-12', 1, 78),
(627, '2018-05-12', 1, 79),
(628, '2018-05-12', 1, 79),
(629, '2018-05-12', 1, 80),
(630, '2018-05-12', 1, 81),
(631, '2018-05-12', 1, 81),
(632, '2018-05-12', 1, 81),
(633, '2018-05-12', 1, 81),
(634, '2018-05-12', 1, 81),
(635, '2018-05-12', 1, 81),
(636, '2018-05-12', 1, 81),
(637, '2018-05-12', 1, 81),
(638, '2018-05-12', 0, 81),
(709, '2018-05-18', 0, 49),
(710, '2018-05-18', 0, 49),
(711, '2018-05-18', 0, 49),
(722, '2018-05-18', 0, 49),
(723, '2018-05-18', 0, 46),
(724, '2018-05-18', 0, 49),
(726, '2018-05-18', 1, 49),
(728, '0000-00-00', 0, 47),
(732, '2018-05-18', 1, 48),
(733, '2018-05-18', 1, 48),
(748, '2018-05-18', 1, 37),
(749, '2018-05-18', 1, 37),
(750, '2018-05-18', 1, 37),
(751, '2018-05-18', 1, 37),
(752, '2018-05-18', 1, 37),
(756, '2018-05-18', 1, 9),
(758, '2018-05-18', 1, 84),
(759, '2018-05-18', 0, 9),
(760, '2018-05-18', 1, 9),
(762, '2018-05-18', 1, 9),
(765, '2018-05-18', 1, 9),
(766, '2018-05-18', 1, 9),
(767, '2018-05-18', 1, 9),
(769, '2018-05-18', 1, 9),
(770, '2018-05-18', 1, 9),
(771, '2018-05-18', 1, 37),
(772, '2018-05-18', 1, 37),
(783, '2018-05-18', 1, 46),
(784, '2018-05-18', 1, 48),
(787, '2018-05-18', 1, 45),
(788, '2018-05-18', 1, 49),
(789, '2018-05-18', 1, 12),
(791, '2018-05-18', 1, 49),
(792, '2018-05-18', 1, 10),
(793, '2018-05-18', 1, 9),
(794, '2018-05-18', 1, 9),
(796, '2018-05-18', 1, 8),
(797, '0000-00-00', 1, 8),
(798, '2018-05-18', 1, 9),
(799, '2018-05-18', 1, 10),
(800, '2018-05-18', 1, 12),
(801, '2018-05-18', 1, 7),
(802, '2018-05-18', 1, 10),
(803, '2018-05-18', 1, 8),
(804, '2018-05-18', 1, 9),
(805, '2018-05-17', 1, 10),
(806, '2018-05-18', 0, 45),
(807, '2018-05-18', 1, 12),
(809, '2018-05-18', 1, 82),
(811, '0000-00-00', 0, NULL),
(812, '2018-05-18', 1, 82),
(813, '2018-05-18', 1, 82),
(815, '2018-05-18', 1, 54),
(816, '2018-05-18', 1, 84),
(817, '2018-05-18', 1, 82),
(818, '2018-05-18', 1, 84),
(819, '2018-05-18', 1, 82),
(820, '2018-05-18', 1, 82),
(821, '2018-05-18', 1, 82),
(822, '2018-05-18', 1, 59),
(823, '2018-05-18', 1, 56),
(824, '2018-05-18', 1, 84),
(825, '2018-05-18', 1, 84),
(826, '2018-05-18', 1, 84),
(827, '2018-05-18', 1, 83),
(828, '2018-05-18', 1, 84),
(830, '2018-05-18', 1, 84),
(831, '2018-05-18', 1, 84),
(832, '2018-05-18', 1, 84),
(833, '2018-05-18', 1, 84),
(834, '2018-05-18', 1, 84),
(835, '2018-05-18', 1, 84),
(837, '2018-05-18', 1, 59),
(838, '2018-05-18', 1, 84),
(839, '2018-05-18', 1, 82),
(840, '2018-05-18', 1, 84),
(841, '2018-05-18', 1, 54),
(842, '2018-05-18', 1, 84),
(843, '2018-05-18', 1, 84),
(844, '2018-05-18', 1, 84),
(846, '2018-05-18', 1, 12),
(848, '2018-05-18', 1, 13),
(849, '2018-05-18', 0, 12),
(850, '2018-05-18', 1, 12),
(853, '2018-05-18', 0, 12),
(854, '0000-00-00', 1, 10),
(856, '2018-05-18', 1, 10),
(859, '2018-05-18', 1, 45),
(860, '2018-05-18', 1, 47),
(861, '2018-05-18', 1, 43),
(862, '2018-05-18', 1, 49),
(863, '0000-00-00', 0, NULL),
(865, '2018-05-18', 1, 65),
(866, '2018-05-18', 1, 70),
(867, '2018-05-18', 1, 71),
(868, '2018-05-18', 1, 69),
(869, '2018-05-18', 1, 69),
(870, '2018-05-18', 1, 69),
(872, '2018-05-18', 1, 10),
(873, '2018-05-18', 1, 82),
(874, '0000-00-00', 0, NULL),
(875, '2018-05-18', 1, 82),
(876, '0000-00-00', 0, NULL),
(878, '2018-05-18', 0, 82),
(879, '0000-00-00', 0, NULL),
(880, '2018-05-18', 1, 59),
(881, '2018-05-18', 1, 59),
(882, '0000-00-00', 0, NULL),
(883, '2018-05-18', 1, 57),
(884, '0000-00-00', 0, NULL),
(886, '2018-05-24', 1, 72),
(888, '2018-05-24', 1, 72),
(890, '2018-05-24', 1, 72),
(891, '2018-05-24', 0, 72),
(892, '2018-05-24', 1, 73),
(893, '0000-00-00', 0, NULL),
(894, '2018-05-28', 1, 82),
(895, '2018-05-28', 0, 83),
(896, '2018-05-21', 1, 67),
(897, '2018-05-10', 1, 10),
(898, '2018-06-22', 0, 47),
(899, '2018-06-22', 1, 43),
(900, '0000-00-00', 1, 69),
(901, '0000-00-00', 1, 10),
(902, '2018-06-22', 1, 9),
(904, '2018-06-22', 1, 42),
(905, '2018-06-25', 1, 81),
(907, '0000-00-00', 1, 67),
(908, '0000-00-00', 1, 10),
(909, '0000-00-00', 1, 10),
(910, '0000-00-00', 0, 22),
(911, '2018-06-26', 1, 6),
(912, '2018-06-26', 1, 59),
(913, '0000-00-00', 1, 9),
(914, '0000-00-00', 1, 47),
(915, '2018-06-26', 0, 49),
(916, '0000-00-00', 1, 9),
(917, '0000-00-00', 1, 9),
(918, '0000-00-00', 1, 9),
(919, '0000-00-00', 1, 9),
(920, '2018-06-26', 1, 48),
(921, '0000-00-00', 0, 40),
(922, '0000-00-00', 1, 45),
(925, '0000-00-00', 0, 49),
(927, '2018-06-26', 1, 17),
(928, '0000-00-00', 1, 48),
(930, '0000-00-00', 0, NULL),
(931, '2018-06-28', 1, 13),
(932, '2018-07-24', 1, 45),
(933, '2018-07-24', 1, 50),
(934, '2018-07-24', 0, 50),
(935, '2018-07-24', 0, 11),
(936, '0000-00-00', 1, 9),
(937, '0000-00-00', 1, 11),
(938, '0000-00-00', 1, 11),
(939, '2018-07-24', 1, 11),
(940, '0000-00-00', 1, 11),
(942, '0000-00-00', 1, 13),
(943, '0000-00-00', 1, 11),
(944, '0000-00-00', 0, 11),
(945, '0000-00-00', 1, 45),
(946, '0000-00-00', 1, 45),
(947, '0000-00-00', 0, 45),
(958, '0000-00-00', 1, 52),
(959, '0000-00-00', 1, 74),
(960, '0000-00-00', 1, 69),
(961, '0000-00-00', 1, 69),
(962, '0000-00-00', 1, 69),
(963, '0000-00-00', 1, 69),
(964, '0000-00-00', 1, 69),
(965, '0000-00-00', 1, 69),
(966, '0000-00-00', 1, 36),
(967, '0000-00-00', 1, 36),
(968, '0000-00-00', 0, 45),
(969, '0000-00-00', 1, 37),
(970, '0000-00-00', 0, 45),
(971, '0000-00-00', 1, 65),
(972, '0000-00-00', 1, 7),
(973, '0000-00-00', 1, 9),
(974, '0000-00-00', 1, 7),
(975, '0000-00-00', 1, 79),
(976, '0000-00-00', 1, 9),
(977, '0000-00-00', 1, 21),
(978, '0000-00-00', 0, NULL),
(979, '0000-00-00', 1, 9),
(980, '0000-00-00', 1, 2),
(981, '0000-00-00', 1, 2),
(982, '0000-00-00', 1, 40),
(983, '0000-00-00', 0, 45),
(984, '0000-00-00', 1, 11),
(985, '0000-00-00', 1, 10),
(986, '0000-00-00', 1, 13),
(987, '0000-00-00', 0, 77),
(990, '0000-00-00', 0, NULL),
(991, '0000-00-00', 1, 79),
(992, '0000-00-00', 1, 79),
(993, '2018-09-20', 1, 13),
(994, '2018-09-20', 1, 13),
(998, '2018-09-24', 1, 2),
(999, '2018-09-24', 1, 2),
(1000, '2018-09-24', 1, 2),
(1001, '2018-09-24', 1, 2),
(1002, '2018-09-24', 1, 13),
(1003, '2018-09-24', 1, 4),
(1004, '2018-09-24', 1, 13),
(1005, '2018-09-24', 1, 2),
(1006, '2018-09-24', 1, 4),
(1007, '2018-09-24', 1, 13),
(1008, '2018-09-24', 1, 9),
(1009, '2018-09-24', 1, 10),
(1011, '2018-09-24', 1, 47),
(1012, '2018-09-24', 1, 10),
(1013, '0000-00-00', 1, 40),
(1014, '2018-09-24', 1, 40),
(1015, '2018-09-24', 1, 43),
(1016, '2018-09-24', 1, 43),
(1017, '2018-09-24', 1, 45),
(1018, '0000-00-00', 1, 45),
(1019, '2018-09-24', 1, 48),
(1020, '2018-09-24', 1, 45),
(1021, '0000-00-00', 1, 47),
(1022, '0000-00-00', 1, 48),
(1023, '2018-09-24', 1, 47),
(1024, '0000-00-00', 1, 48),
(1025, '0000-00-00', 1, 48),
(1026, '0000-00-00', 1, 48),
(1027, '0000-00-00', 1, 48),
(1028, '0000-00-00', 1, 48),
(1029, '0000-00-00', 1, 48),
(1030, '0000-00-00', 1, 50),
(1031, '0000-00-00', 1, 48),
(1032, '0000-00-00', 1, 48),
(1033, '0000-00-00', 1, 48),
(1034, '0000-00-00', 1, 48),
(1035, '0000-00-00', 1, 48),
(1036, '0000-00-00', 1, 48),
(1037, '0000-00-00', 1, 49),
(1038, '0000-00-00', 1, 48),
(1039, '0000-00-00', 1, 49),
(1040, '0000-00-00', 1, 46),
(1041, '0000-00-00', 1, 46),
(1042, '0000-00-00', 1, 46),
(1043, '0000-00-00', 1, 47),
(1044, '2018-09-24', 1, 50),
(1045, '0000-00-00', 1, 50),
(1046, '0000-00-00', 1, 50),
(1047, '0000-00-00', 1, 50),
(1049, '0000-00-00', 1, 50),
(1050, '0000-00-00', 1, 50),
(1051, '0000-00-00', 1, 50),
(1052, '0000-00-00', 1, 50),
(1053, '0000-00-00', 1, 50),
(1054, '2018-09-24', 1, 50),
(1055, '2018-09-24', 1, 86),
(1056, '2018-09-24', 1, 86),
(1057, '2018-09-24', 1, 86),
(1058, '2018-09-24', 1, 86),
(1059, '2018-09-24', 1, 86),
(1060, '2018-09-24', 1, 86),
(1061, '2018-09-24', 1, 86),
(1062, '2018-09-24', 1, 86),
(1063, '2018-09-24', 1, 86),
(1064, '2018-09-24', 1, 86),
(1065, '2018-09-24', 1, 86),
(1066, '2018-09-24', 1, 86),
(1067, '2018-09-24', 1, 86),
(1068, '2018-09-24', 1, 86),
(1069, '2018-09-24', 1, 86),
(1070, '2018-09-24', 1, 86),
(1071, '2018-09-24', 1, 86),
(1072, '2018-09-24', 1, 86),
(1073, '2018-09-24', 1, 86),
(1074, '2018-09-24', 1, 86),
(1075, '2018-09-24', 1, 86),
(1076, '2018-09-24', 1, 86),
(1077, '2018-09-24', 1, 86),
(1078, '2018-09-24', 1, 86),
(1079, '2018-09-24', 1, 86),
(1080, '2018-09-24', 1, 86),
(1081, '2018-09-24', 1, 86),
(1082, '2018-09-24', 1, 86),
(1083, '2018-09-24', 1, 86),
(1084, '2018-09-24', 1, 86),
(1085, '2018-09-24', 1, 86),
(1086, '2018-09-24', 1, 86),
(1087, '2018-09-24', 1, 86),
(1088, '2018-09-24', 1, 86),
(1089, '2018-09-24', 1, 86),
(1090, '2018-09-24', 1, 87),
(1091, '2018-09-24', 1, 87),
(1092, '2018-09-24', 1, 87),
(1093, '2018-09-24', 1, 87),
(1094, '2018-09-24', 1, 87),
(1095, '2018-09-24', 1, 89),
(1096, '2018-09-24', 1, 89),
(1097, '2018-09-24', 1, 89),
(1098, '2018-09-24', 1, 68),
(1099, '2018-09-24', 1, 89),
(1100, '2018-09-24', 1, 89),
(1101, '2018-09-24', 1, 68),
(1102, '2018-09-24', 1, 90),
(1103, '2018-09-24', 1, 46),
(1104, '2018-09-24', 1, 37),
(1105, '2018-09-24', 1, 10),
(1106, '2018-09-24', 1, 84),
(1107, '2018-09-24', 1, 13),
(1108, '2018-09-24', 1, 17),
(1109, '2018-09-24', 1, 17),
(1110, '2018-09-24', 1, 17),
(1111, '2018-09-24', 1, 19),
(1112, '2018-09-24', 1, 19),
(1113, '2018-09-24', 1, 19),
(1114, '2018-09-24', 1, 91),
(1115, '2018-09-24', 1, 91),
(1116, '2018-09-24', 1, 91),
(1117, '2018-09-24', 1, 91),
(1118, '2018-09-24', 1, 91),
(1119, '2018-09-24', 1, 91),
(1120, '2018-09-24', 1, 91),
(1121, '2018-09-24', 1, 91),
(1122, '2018-09-24', 1, 91),
(1123, '2018-09-24', 1, 91),
(1124, '2018-09-24', 1, 91),
(1125, '2018-09-24', 1, 91),
(1126, '2018-09-24', 1, 91),
(1127, '2018-09-24', 1, 91),
(1128, '2018-09-24', 1, 91),
(1129, '2018-09-24', 1, 91),
(1130, '2018-09-24', 1, 91),
(1131, '2018-09-24', 1, 91),
(1132, '2018-09-24', 1, 91),
(1133, '2018-09-24', 1, 91),
(1134, '2018-09-24', 1, 91),
(1135, '2018-09-24', 1, 91),
(1136, '2018-09-24', 1, 91),
(1137, '2018-09-24', 1, 91),
(1138, '2018-09-24', 1, 91),
(1139, '2018-09-24', 1, 11),
(1140, '2018-09-24', 1, 3),
(1141, '0000-00-00', 0, NULL),
(1142, '2018-10-17', 1, 7),
(1143, '0000-00-00', 0, NULL),
(1144, '2018-10-17', 1, 7),
(1145, '0000-00-00', 0, NULL),
(1146, '2018-10-17', 1, 7),
(1147, '0000-00-00', 0, NULL),
(1148, '2018-10-17', 1, 9),
(1149, '0000-00-00', 0, NULL),
(1150, '2018-10-17', 1, 9),
(1151, '0000-00-00', 0, NULL),
(1152, '2018-10-17', 1, 10),
(1153, '2018-10-17', 1, 10),
(1154, '2018-10-17', 1, 10),
(1155, '0000-00-00', 0, NULL),
(1156, '2018-10-17', 1, 10),
(1157, '2018-10-17', 1, 10),
(1158, '2018-10-17', 1, 10),
(1159, '2018-10-17', 1, 10),
(1160, '2018-10-17', 1, 13),
(1161, '2018-10-17', 1, 13),
(1162, '2018-10-17', 1, 10),
(1163, '2018-10-17', 1, 13),
(1164, '2018-10-17', 1, 12),
(1165, '0000-00-00', 0, NULL),
(1166, '2018-10-17', 1, 12),
(1167, '2018-10-17', 1, 13),
(1168, '2018-10-17', 1, 13),
(1169, '2018-10-17', 1, 13),
(1170, '2018-10-17', 1, 13),
(1171, '2018-10-17', 1, 13),
(1172, '2018-10-17', 1, 13),
(1173, '2018-10-17', 1, 13),
(1174, '2018-10-17', 0, 13),
(1175, '2018-10-17', 1, 13),
(1176, '2018-10-17', 1, 13),
(1177, '2018-10-17', 1, 13),
(1178, '0000-00-00', 0, NULL),
(1179, '2018-10-17', 1, 88),
(1180, '0000-00-00', 0, NULL),
(1181, '2018-10-17', 1, 13),
(1182, '0000-00-00', 0, NULL),
(1183, '2018-10-17', 1, 13),
(1184, '2018-10-17', 1, 88),
(1185, '2018-10-17', 1, 88),
(1186, '2018-10-17', 1, 88),
(1187, '2018-10-17', 1, 88),
(1188, '2018-10-17', 1, 88),
(1189, '2018-10-17', 1, 88),
(1190, '2018-10-17', 1, 88),
(1191, '2018-10-17', 1, 88),
(1192, '2018-10-17', 1, 88),
(1193, '2018-10-17', 1, 88),
(1194, '2018-10-17', 1, 88),
(1195, '2018-10-17', 1, 88),
(1196, '2018-10-17', 1, 88),
(1197, '2018-10-17', 1, 88),
(1198, '2018-10-17', 1, 88),
(1199, '2018-10-17', 1, 88),
(1200, '2018-10-17', 1, 88),
(1201, '2018-10-17', 1, 88),
(1202, '2018-10-17', 1, 88),
(1203, '2018-10-17', 1, 88),
(1204, '2018-10-17', 1, 88),
(1205, '2018-10-17', 1, 88),
(1206, '2018-10-17', 1, 88),
(1207, '2018-10-17', 1, 88),
(1208, '2018-10-17', 1, 88),
(1209, '2018-10-17', 1, 88),
(1210, '2018-10-17', 1, 88),
(1211, '2018-10-17', 1, 88),
(1212, '2018-10-17', 1, 88),
(1213, '2018-10-17', 1, 88),
(1214, '2018-10-17', 1, 88),
(1215, '2018-10-17', 1, 88),
(1216, '2018-10-17', 1, 88),
(1217, '2018-10-17', 1, 88),
(1218, '2018-10-17', 1, 88),
(1219, '2018-10-17', 1, 88),
(1220, '2018-10-17', 1, 88),
(1221, '0000-00-00', 0, NULL),
(1222, '2018-10-17', 1, 88),
(1223, '0000-00-00', 0, NULL),
(1224, '2018-10-17', 1, 88),
(1225, '2018-10-17', 1, 88),
(1226, '2018-10-17', 1, 88),
(1228, '2018-10-17', 1, 88),
(1229, '2018-10-17', 1, 88),
(1230, '0000-00-00', 0, NULL),
(1231, '2018-10-17', 1, 88),
(1232, '0000-00-00', 0, NULL),
(1233, '2018-10-17', 1, 88),
(1234, '0000-00-00', 0, NULL),
(1235, '2018-10-17', 1, 88),
(1236, '0000-00-00', 0, NULL),
(1237, '2018-10-17', 1, 88),
(1238, '0000-00-00', 0, NULL),
(1239, '2018-10-17', 1, 88),
(1240, '0000-00-00', 0, NULL),
(1241, '0000-00-00', 1, 88),
(1242, '0000-00-00', 0, NULL),
(1243, '2018-10-17', 1, 88),
(1244, '2018-10-17', 1, 88),
(1245, '2018-10-17', 1, 9),
(1246, '2018-10-17', 1, 9),
(1247, '2018-10-17', 1, 13),
(1249, '2018-10-17', 1, 10),
(1250, '2018-10-17', 1, 91),
(1251, '2018-10-17', 1, 56),
(1252, '2018-10-17', 1, 8),
(1253, '2018-10-17', 1, 10),
(1254, '2018-10-17', 1, 10),
(1255, '2018-10-17', 1, 10),
(1256, '0000-00-00', 0, NULL),
(1257, '2018-10-17', 1, 85),
(1258, '2018-10-17', 1, 85),
(1259, '0000-00-00', 0, NULL),
(1260, '2018-10-17', 1, 87),
(1261, '2018-10-17', 1, 50),
(1262, '2018-10-18', 1, 30),
(1263, '0000-00-00', 1, 25),
(1264, '2018-10-17', 1, 91),
(1265, '0000-00-00', 1, 45),
(1266, '0000-00-00', 1, 17),
(1267, '0000-00-00', 1, 45),
(1268, '0000-00-00', 1, 45),
(1269, '0000-00-00', 1, 9),
(1270, '0000-00-00', 1, 9),
(1271, '0000-00-00', 1, 48),
(1272, '0000-00-00', 1, 49),
(1273, '0000-00-00', 1, 49),
(1274, '0000-00-00', 1, 9),
(1275, '0000-00-00', 1, 9),
(1276, '0000-00-00', 1, 66),
(1277, '0000-00-00', 1, 88),
(1278, '0000-00-00', 1, 88),
(1279, '0000-00-00', 1, 88),
(1280, '0000-00-00', 1, 10),
(1281, '0000-00-00', 1, 10),
(1282, '2018-11-22', 1, 45),
(1283, '2018-11-22', 1, 45),
(1284, '2018-11-22', 1, 10),
(1285, '2018-11-22', 1, 12),
(1286, '2018-11-22', 1, 9),
(1287, '2018-11-22', 1, 12),
(1288, '2018-11-22', 1, 12),
(1289, '2018-11-22', 1, 66),
(1290, '2018-11-22', 1, 11),
(1291, '2018-11-22', 1, 46),
(1292, '2018-11-22', 1, 48),
(1293, '2018-11-22', 1, 48),
(1294, '2018-11-22', 1, 47),
(1295, '2018-11-22', 1, 16),
(1296, '2018-11-22', 1, 13),
(1297, '0000-00-00', 1, 13),
(1298, '0000-00-00', 1, 40),
(1299, '0000-00-00', 1, 85),
(1300, '0000-00-00', 1, 4),
(1301, '0000-00-00', 1, 13),
(1302, '0000-00-00', 1, 82),
(1303, '0000-00-00', 0, NULL),
(1304, '0000-00-00', 1, 48),
(1305, '0000-00-00', 1, 88),
(1306, '0000-00-00', 1, 10),
(1307, '0000-00-00', 1, 88),
(1308, '0000-00-00', 1, 50),
(1309, '0000-00-00', 1, 48),
(1310, '0000-00-00', 1, 67);

-- --------------------------------------------------------

--
-- Estructura de tabla para la tabla `beneficiobeneficiario`
--

CREATE TABLE `beneficiobeneficiario` (
  `beneficiobeneficiario_id` int(11) NOT NULL,
  `compuesto` int(11) DEFAULT NULL,
  `compositor` int(11) DEFAULT NULL
) ENGINE=InnoDB DEFAULT CHARSET=utf8 COLLATE=utf8_spanish_ci;

--
-- Volcado de datos para la tabla `beneficiobeneficiario`
--

INSERT INTO `beneficiobeneficiario` (`beneficiobeneficiario_id`, `compuesto`, `compositor`) VALUES
(1, 1, 1),
(6, 6, 6),
(8, 8, 8),
(9, 9, 9),
(10, 10, 10),
(12, 12, 12),
(13, 13, 13),
(15, 15, 15),
(17, 17, 17),
(18, 18, 18),
(19, 19, 19),
(20, 20, 20),
(25, 25, 25),
(26, 26, 26),
(29, 29, 29),
(32, 32, 32),
(33, 33, 33),
(37, 37, 37),
(38, 38, 38),
(42, 42, 42),
(46, 46, 46),
(48, 48, 48),
(50, 50, 50),
(54, 54, 54),
(59, 59, 59),
(61, 61, 61),
(66, 66, 66),
(68, 68, 68),
(71, 71, 71),
(72, 72, 72),
(73, 73, 73),
(75, 75, 75),
(76, 76, 76),
(78, 78, 78),
(79, 79, 79),
(81, 81, 81),
(82, 82, 82),
(83, 83, 83),
(85, 85, 85),
(86, 86, 86),
(87, 87, 87),
(88, 88, 88),
(89, 89, 89),
(90, 90, 90),
(92, 92, 92),
(93, 93, 93),
(99, 99, 99),
(100, 100, 100),
(102, 102, 102),
(103, 103, 103),
(104, 104, 104),
(105, 105, 105),
(110, 110, 110),
(111, 111, 111),
(113, 113, 113),
(114, 114, 114),
(116, 116, 116),
(117, 117, 117),
(118, 118, 118),
(119, 119, 119),
(120, 120, 120),
(122, 122, 122),
(124, 124, 124),
(127, 127, 127),
(134, 134, 134),
(139, 139, 139),
(141, 141, 141),
(146, 146, 146),
(150, 150, 150),
(154, 154, 154),
(167, 167, 167),
(169, 169, 169),
(176, 176, 176),
(177, 177, 177),
(178, 178, 178),
(179, 179, 179),
(182, 182, 182),
(183, 183, 183),
(187, 187, 187),
(188, 188, 188),
(189, 189, 189),
(190, 190, 190),
(197, 197, 197),
(200, 200, 200),
(204, 204, 204),
(205, 205, 205),
(207, 207, 207),
(211, 211, 211),
(217, 217, 217),
(218, 218, 218),
(220, 220, 220),
(221, 221, 221),
(222, 222, 222),
(225, 225, 225),
(226, 226, 226),
(228, 228, 228),
(230, 230, 230),
(231, 231, 231),
(232, 232, 232),
(234, 234, 234),
(235, 235, 235),
(237, 237, 237),
(238, 238, 238),
(240, 240, 240),
(247, 247, 247),
(248, 248, 248),
(249, 249, 249),
(250, 250, 250),
(251, 251, 251),
(252, 252, 252),
(253, 253, 253),
(254, 254, 254),
(255, 255, 255),
(256, 256, 256),
(257, 257, 257),
(258, 258, 258),
(259, 259, 259),
(260, 260, 260),
(261, 261, 261),
(262, 262, 262),
(263, 263, 263),
(264, 264, 264),
(270, 270, 270),
(271, 271, 271),
(273, 273, 273),
(300, 300, 300),
(301, 301, 301),
(302, 302, 302),
(303, 303, 303),
(304, 304, 304),
(305, 305, 305),
(306, 306, 306),
(307, 307, 307),
(308, 308, 308),
(309, 309, 309),
(310, 310, 310),
(311, 311, 311),
(313, 313, 313),
(314, 314, 314),
(315, 315, 315),
(316, 316, 316),
(317, 317, 317),
(318, 318, 318),
(319, 319, 319),
(320, 320, 320),
(321, 321, 321),
(322, 322, 322),
(323, 323, 323),
(324, 324, 324),
(325, 325, 325),
(326, 326, 326),
(327, 327, 327),
(328, 328, 328),
(329, 329, 329),
(330, 330, 330),
(331, 331, 331),
(332, 332, 332),
(333, 333, 333),
(334, 334, 334),
(335, 335, 335),
(337, 337, 337),
(338, 338, 338),
(339, 339, 339),
(340, 340, 340),
(341, 341, 341),
(342, 342, 342),
(344, 344, 344),
(345, 345, 345),
(346, 346, 346),
(347, 347, 347),
(348, 348, 348),
(349, 349, 349),
(350, 350, 350),
(351, 351, 351),
(352, 352, 352),
(353, 353, 353),
(354, 354, 354),
(355, 355, 355),
(356, 356, 356),
(357, 357, 357),
(358, 358, 358),
(359, 359, 359),
(360, 360, 360),
(361, 361, 361),
(362, 362, 362),
(363, 363, 363),
(365, 365, 365),
(368, 368, 368),
(370, 370, 370),
(372, 372, 372),
(373, 373, 373),
(374, 374, 374),
(375, 375, 375),
(376, 376, 376),
(377, 377, 377),
(378, 378, 378),
(381, 381, 381),
(382, 382, 382),
(384, 384, 384),
(385, 385, 385),
(386, 386, 386),
(387, 387, 387),
(388, 388, 388),
(389, 389, 389),
(390, 390, 390),
(391, 391, 391),
(392, 392, 392),
(393, 393, 393),
(395, 395, 395),
(396, 396, 396),
(397, 397, 397),
(398, 398, 398),
(399, 399, 399),
(400, 400, 400),
(403, 403, 403),
(405, 405, 405),
(408, 408, 408),
(409, 409, 409),
(410, 410, 410),
(411, 411, 411),
(415, 415, 415),
(417, 417, 417),
(418, 418, 418),
(419, 419, 419),
(421, 421, 421),
(422, 422, 422),
(425, 425, 425),
(428, 428, 428),
(430, 430, 430),
(431, 431, 431),
(433, 433, 433),
(434, 434, 434),
(436, 436, 436),
(437, 437, 437),
(438, 438, 438),
(439, 439, 439),
(440, 440, 440),
(442, 442, 442),
(445, 445, 445),
(447, 447, 447),
(448, 448, 448),
(452, 452, 452),
(481, 481, 481),
(488, 488, 488),
(495, 495, 495),
(496, 496, 496),
(498, 498, 498),
(499, 499, 499),
(500, 500, 500),
(506, 506, 506),
(507, 507, 507),
(508, 508, 508),
(509, 509, 509),
(510, 510, 510),
(514, 514, 514),
(516, 516, 516),
(517, 517, 517),
(518, 518, 518),
(519, 519, 519),
(520, 520, 520),
(521, 521, 521),
(522, 522, 522),
(523, 523, 523),
(524, 524, 524),
(525, 525, 525),
(526, 526, 526),
(527, 527, 527),
(528, 528, 528),
(529, 529, 529),
(530, 530, 530),
(531, 531, 531),
(532, 532, 532),
(587, 587, 587),
(588, 588, 588),
(589, 589, 589),
(591, 591, 591),
(592, 592, 592),
(617, 617, 617),
(618, 618, 618),
(619, 619, 619),
(620, 620, 620),
(622, 622, 622),
(623, 623, 623),
(624, 624, 624),
(625, 625, 625),
(626, 626, 626),
(627, 627, 627),
(628, 628, 628),
(629, 629, 629),
(630, 630, 630),
(631, 631, 631),
(632, 632, 632),
(633, 633, 633),
(634, 634, 634),
(635, 635, 635),
(636, 636, 636),
(637, 637, 637),
(638, 638, 638),
(727, 614, 614),
(741, 570, 570),
(745, 572, 572),
(747, 573, 573),
(749, 574, 574),
(751, 575, 575),
(755, 577, 577),
(757, 578, 578),
(759, 579, 579),
(763, 581, 581),
(765, 582, 582),
(767, 583, 583),
(769, 584, 584),
(777, 274, 274),
(779, 275, 275),
(824, 644, 732),
(825, 94, 94),
(826, 94, 733),
(854, 646, 748),
(855, 647, 749),
(856, 648, 750),
(857, 649, 751),
(858, 650, 752),
(865, 651, 756),
(868, 652, 758),
(870, 654, 760),
(872, 655, 762),
(875, 659, 765),
(876, 662, 766),
(877, 660, 767),
(879, 663, 769),
(880, 664, 770),
(881, 665, 771),
(882, 666, 772),
(902, 432, 432),
(903, 432, 723),
(904, 432, 724),
(905, 432, 783),
(914, 669, 787),
(915, 404, 404),
(916, 404, 788),
(917, 128, 128),
(918, 128, 789),
(921, 406, 406),
(922, 406, 791),
(923, 45, 45),
(924, 45, 792),
(925, 44, 44),
(926, 44, 793),
(927, 35, 35),
(928, 35, 794),
(930, 22, 22),
(931, 22, 796),
(932, 11, 11),
(933, 11, 797),
(934, 53, 53),
(935, 53, 798),
(936, 58, 58),
(937, 58, 799),
(938, 147, 147),
(939, 147, 800),
(940, 21, 21),
(941, 21, 801),
(942, 49, 49),
(943, 49, 802),
(944, 27, 27),
(945, 27, 803),
(946, 51, 51),
(947, 51, 804),
(948, 3, 805),
(951, 144, 807),
(954, 541, 541),
(955, 541, 809),
(958, 542, 542),
(959, 542, 812),
(960, 543, 543),
(961, 543, 813),
(963, 533, 533),
(964, 533, 815),
(965, 553, 553),
(966, 553, 816),
(967, 544, 817),
(968, 554, 554),
(969, 554, 818),
(970, 545, 545),
(971, 545, 819),
(972, 546, 546),
(973, 546, 820),
(974, 547, 547),
(975, 547, 821),
(976, 538, 538),
(977, 538, 822),
(978, 535, 535),
(979, 535, 823),
(980, 555, 555),
(981, 555, 824),
(982, 556, 556),
(983, 556, 825),
(984, 557, 557),
(985, 557, 826),
(986, 552, 552),
(987, 552, 827),
(988, 558, 558),
(989, 558, 828),
(992, 559, 559),
(993, 559, 830),
(994, 560, 560),
(995, 560, 831),
(996, 561, 561),
(997, 561, 832),
(998, 562, 562),
(999, 562, 833),
(1000, 563, 563),
(1001, 563, 834),
(1002, 564, 564),
(1003, 564, 835),
(1006, 539, 539),
(1007, 539, 837),
(1008, 565, 565),
(1009, 565, 838),
(1010, 550, 550),
(1011, 550, 839),
(1012, 566, 566),
(1013, 566, 840),
(1014, 534, 534),
(1015, 534, 841),
(1016, 567, 567),
(1017, 567, 842),
(1018, 568, 568),
(1019, 568, 843),
(1020, 569, 569),
(1021, 569, 844),
(1024, 112, 112),
(1025, 112, 846),
(1028, 121, 121),
(1029, 121, 848),
(1032, 129, 129),
(1033, 129, 850),
(1040, 152, 854),
(1042, 107, 107),
(1043, 107, 856),
(1049, 367, 367),
(1050, 367, 728),
(1051, 367, 859),
(1052, 401, 401),
(1053, 401, 860),
(1054, 369, 369),
(1055, 369, 861),
(1056, 441, 441),
(1057, 441, 862),
(1060, 580, 580),
(1061, 580, 865),
(1062, 615, 615),
(1063, 615, 866),
(1064, 616, 616),
(1065, 616, 867),
(1066, 605, 605),
(1067, 605, 868),
(1068, 606, 606),
(1069, 606, 869),
(1070, 604, 604),
(1071, 604, 870),
(1073, 91, 872),
(1074, 98, 98),
(1075, 98, 873),
(1076, 549, 549),
(1077, 549, 875),
(1081, 537, 537),
(1082, 537, 880),
(1083, 548, 881),
(1084, 536, 536),
(1085, 536, 883),
(1088, 598, 886),
(1090, 599, 888),
(1092, 601, 890),
(1093, 602, 891),
(1094, 603, 892),
(1095, 540, 540),
(1096, 540, 894),
(1098, 571, 896),
(1099, 69, 69),
(1100, 69, 897),
(1103, 366, 366),
(1104, 366, 899),
(1105, 674, 900),
(1106, 97, 97),
(1107, 97, 901),
(1108, 36, 36),
(1109, 36, 902),
(1112, 677, 904),
(1113, 678, 905),
(1115, 680, 907),
(1116, 681, 908),
(1117, 682, 909),
(1119, 684, 911),
(1120, 685, 912),
(1121, 686, 913),
(1122, 407, 407),
(1123, 407, 914),
(1125, 40, 40),
(1126, 40, 916),
(1127, 47, 47),
(1128, 47, 917),
(1129, 14, 14),
(1130, 14, 918),
(1131, 52, 52),
(1132, 52, 919),
(1133, 688, 920),
(1135, 690, 922),
(1141, 694, 927),
(1142, 695, 928),
(1147, 196, 930),
(1148, 196, 931),
(1149, 696, 932),
(1150, 697, 933),
(1154, 698, 935),
(1155, 698, 936),
(1156, 65, 65),
(1157, 65, 937),
(1158, 57, 57),
(1159, 57, 938),
(1160, 62, 62),
(1161, 62, 939),
(1162, 699, 940),
(1164, 30, 30),
(1165, 30, 942),
(1166, 701, 943),
(1168, 703, 945),
(1169, 704, 946),
(1191, 709, 958),
(1192, 607, 607),
(1193, 607, 959),
(1194, 608, 608),
(1195, 608, 960),
(1196, 609, 609),
(1197, 609, 961),
(1198, 610, 610),
(1199, 610, 962),
(1200, 611, 611),
(1201, 611, 963),
(1202, 612, 612),
(1203, 612, 964),
(1204, 613, 965),
(1205, 710, 966),
(1206, 711, 967),
(1208, 713, 969),
(1210, 715, 971),
(1211, 716, 972),
(1212, 717, 973),
(1213, 719, 974),
(1214, 720, 975),
(1215, 721, 976),
(1216, 718, 977),
(1217, 108, 108),
(1218, 108, 979),
(1219, 722, 980),
(1220, 723, 981),
(1221, 724, 982),
(1223, 7, 984),
(1224, 56, 56),
(1225, 56, 985),
(1226, 726, 986),
(1230, 123, 987),
(1232, 683, 910),
(1233, 683, 991),
(1234, 706, 992),
(1235, 727, 993),
(1236, 728, 994),
(1245, 729, 998),
(1246, 730, 999),
(1247, 731, 1000),
(1248, 732, 1001),
(1249, 733, 1002),
(1250, 734, 1003),
(1251, 735, 1004),
(1252, 736, 1005),
(1253, 737, 1006),
(1254, 738, 1007),
(1255, 739, 1008),
(1256, 740, 1009),
(1258, 742, 1011),
(1259, 743, 1012),
(1260, 371, 371),
(1261, 371, 1013),
(1262, 379, 379),
(1263, 379, 1014),
(1264, 380, 380),
(1265, 380, 1015),
(1266, 689, 921),
(1267, 689, 1016),
(1268, 402, 402),
(1269, 402, 1017),
(1270, 413, 413),
(1271, 413, 1018),
(1272, 414, 414),
(1273, 414, 1019),
(1274, 416, 416),
(1275, 416, 1020),
(1276, 420, 420),
(1277, 420, 1021),
(1278, 449, 449),
(1279, 449, 1022),
(1280, 423, 423),
(1281, 423, 1023),
(1282, 426, 426),
(1283, 426, 1024),
(1284, 427, 427),
(1285, 427, 1025),
(1286, 429, 429),
(1287, 429, 1026),
(1288, 435, 435),
(1289, 435, 1027),
(1290, 443, 443),
(1291, 443, 1028),
(1292, 444, 444),
(1293, 444, 1029),
(1294, 446, 446),
(1295, 446, 1030),
(1296, 450, 450),
(1297, 450, 1031),
(1298, 453, 453),
(1299, 453, 1032),
(1300, 364, 364),
(1301, 364, 806),
(1302, 364, 1033),
(1303, 705, 947),
(1304, 705, 1034),
(1305, 712, 968),
(1306, 712, 1035),
(1307, 714, 970),
(1308, 714, 1036),
(1309, 492, 492),
(1310, 492, 1037),
(1311, 725, 983),
(1312, 725, 1038),
(1313, 412, 412),
(1314, 412, 898),
(1315, 412, 1039),
(1316, 493, 493),
(1317, 493, 1040),
(1318, 494, 494),
(1319, 494, 1041),
(1320, 497, 497),
(1321, 497, 1042),
(1322, 424, 424),
(1323, 424, 1043),
(1324, 501, 501),
(1325, 501, 1044),
(1326, 502, 502),
(1327, 502, 1045),
(1328, 744, 1046),
(1329, 504, 504),
(1330, 504, 1047),
(1333, 640, 709),
(1334, 640, 1049),
(1335, 641, 710),
(1336, 641, 1050),
(1337, 642, 711),
(1338, 642, 1051),
(1339, 643, 722),
(1340, 643, 1052),
(1341, 687, 915),
(1342, 687, 1053),
(1343, 692, 925),
(1344, 692, 1054),
(1345, 454, 454),
(1346, 454, 1055),
(1347, 455, 455),
(1348, 455, 1056),
(1349, 456, 456),
(1350, 456, 1057),
(1351, 457, 457),
(1352, 457, 1058),
(1353, 458, 458),
(1354, 458, 1059),
(1355, 459, 459),
(1356, 459, 1060),
(1357, 460, 460),
(1358, 460, 1061),
(1359, 461, 461),
(1360, 461, 1062),
(1361, 462, 462),
(1362, 462, 1063),
(1363, 463, 463),
(1364, 463, 1064),
(1365, 464, 464),
(1366, 464, 1065),
(1367, 465, 465),
(1368, 465, 1066),
(1369, 466, 466),
(1370, 466, 1067),
(1371, 467, 467),
(1372, 467, 1068),
(1373, 468, 468),
(1374, 468, 1069),
(1375, 469, 469),
(1376, 469, 1070),
(1377, 471, 471),
(1378, 471, 1071),
(1379, 472, 472),
(1380, 472, 1072),
(1381, 473, 473),
(1382, 473, 1073),
(1383, 474, 474),
(1384, 474, 1074),
(1385, 475, 475),
(1386, 475, 1075),
(1387, 476, 476),
(1388, 476, 1076),
(1389, 477, 477),
(1390, 477, 1077),
(1391, 478, 478),
(1392, 478, 1078),
(1393, 479, 479),
(1394, 479, 1079),
(1395, 480, 480),
(1396, 480, 1080),
(1397, 482, 482),
(1398, 482, 1081),
(1399, 483, 483),
(1400, 483, 1082),
(1401, 484, 484),
(1402, 484, 1083),
(1403, 485, 485),
(1404, 485, 1084),
(1405, 486, 486),
(1406, 486, 1085),
(1407, 487, 487),
(1408, 487, 1086),
(1409, 489, 489),
(1410, 489, 1087),
(1411, 490, 490),
(1412, 490, 1088),
(1413, 491, 491),
(1414, 491, 1089),
(1415, 511, 511),
(1416, 511, 1090),
(1417, 512, 512),
(1418, 512, 1091),
(1419, 513, 513),
(1420, 513, 1092),
(1421, 515, 515),
(1422, 515, 1093),
(1423, 470, 470),
(1424, 470, 934),
(1425, 470, 1094),
(1426, 597, 597),
(1427, 597, 1095),
(1428, 596, 596),
(1429, 596, 1096),
(1430, 594, 594),
(1431, 594, 1097),
(1432, 590, 590),
(1433, 590, 1098),
(1434, 593, 593),
(1435, 593, 1099),
(1436, 595, 595),
(1437, 595, 1100),
(1438, 585, 585),
(1439, 585, 1101),
(1440, 745, 1102),
(1441, 746, 1103),
(1442, 747, 1104),
(1443, 748, 1105),
(1444, 639, 878),
(1445, 639, 1106),
(1446, 749, 1107),
(1447, 265, 265),
(1448, 265, 1108),
(1449, 266, 266),
(1450, 266, 1109),
(1451, 267, 267),
(1452, 267, 1110),
(1453, 268, 268),
(1454, 268, 1111),
(1455, 269, 269),
(1456, 269, 1112),
(1457, 272, 272),
(1458, 272, 1113),
(1459, 276, 276),
(1460, 276, 1114),
(1461, 277, 277),
(1462, 277, 1115),
(1463, 278, 278),
(1464, 278, 1116),
(1465, 279, 279),
(1466, 279, 1117),
(1469, 280, 280),
(1470, 280, 1118),
(1471, 280, 1119),
(1472, 281, 281),
(1473, 281, 1120),
(1474, 282, 282),
(1475, 282, 1121),
(1476, 284, 284),
(1477, 284, 1122),
(1478, 286, 286),
(1479, 286, 1123),
(1480, 285, 285),
(1481, 285, 1124),
(1482, 287, 287),
(1483, 287, 1125),
(1484, 288, 288),
(1485, 288, 1126),
(1486, 289, 289),
(1487, 289, 1127),
(1488, 290, 290),
(1489, 290, 1128),
(1490, 291, 291),
(1491, 291, 1129),
(1492, 292, 292),
(1493, 292, 1130),
(1494, 293, 293),
(1495, 293, 1131),
(1496, 294, 294),
(1497, 294, 1132),
(1498, 295, 295),
(1499, 295, 1133),
(1500, 296, 296),
(1501, 296, 1134),
(1502, 297, 297),
(1503, 297, 1135),
(1504, 298, 298),
(1505, 298, 1136),
(1506, 299, 299),
(1507, 299, 1137),
(1508, 283, 283),
(1509, 283, 1138),
(1510, 137, 1139),
(1511, 4, 4),
(1512, 4, 1140),
(1513, 24, 24),
(1514, 24, 1142),
(1515, 28, 28),
(1516, 28, 1144),
(1517, 31, 31),
(1518, 31, 1146),
(1519, 39, 39),
(1520, 39, 1148),
(1521, 43, 43),
(1522, 43, 1150),
(1523, 60, 60),
(1524, 60, 1152),
(1525, 64, 64),
(1526, 64, 1153),
(1527, 67, 1154),
(1528, 34, 34),
(1529, 34, 1156),
(1530, 70, 1157),
(1531, 77, 1158),
(1532, 101, 1159),
(1533, 657, 1160),
(1534, 658, 1161),
(1535, 661, 1162),
(1536, 667, 1163),
(1537, 153, 1164),
(1538, 55, 55),
(1539, 55, 1166),
(1540, 155, 1167),
(1541, 156, 1168),
(1542, 158, 1169),
(1543, 159, 1170),
(1544, 164, 1171),
(1545, 165, 1172),
(1546, 166, 1173),
(1548, 170, 1175),
(1549, 175, 1176),
(1550, 645, 1177),
(1551, 653, 759),
(1552, 653, 1179),
(1553, 41, 41),
(1554, 41, 1181),
(1555, 84, 84),
(1556, 84, 1183),
(1557, 180, 1184),
(1558, 181, 1185),
(1559, 184, 1186),
(1560, 185, 1187),
(1561, 186, 1188),
(1562, 192, 1189),
(1563, 193, 1190),
(1564, 194, 1191),
(1565, 195, 1192),
(1566, 750, 1193),
(1567, 199, 1194),
(1568, 201, 1195),
(1569, 202, 1196),
(1570, 203, 1197),
(1571, 751, 1198),
(1572, 752, 1199),
(1573, 206, 1200),
(1574, 208, 1201),
(1575, 209, 1202),
(1576, 210, 1203),
(1577, 212, 1204),
(1578, 213, 1205),
(1579, 214, 1206),
(1580, 215, 1207),
(1581, 216, 1208),
(1582, 219, 1209),
(1583, 224, 1210),
(1584, 227, 1211),
(1585, 233, 1212),
(1586, 236, 1213),
(1587, 239, 1214),
(1588, 241, 1215),
(1589, 242, 1216),
(1590, 243, 1217),
(1591, 244, 1218),
(1592, 245, 1219),
(1593, 246, 1220),
(1594, 136, 136),
(1595, 136, 1222),
(1596, 171, 171),
(1597, 171, 1224),
(1598, 130, 1225),
(1599, 223, 1226),
(1601, 707, 1228),
(1602, 708, 1229),
(1603, 145, 145),
(1604, 145, 1231),
(1605, 551, 895),
(1606, 551, 1233),
(1607, 138, 138),
(1608, 138, 853),
(1609, 138, 1235),
(1610, 142, 142),
(1611, 142, 1237),
(1612, 161, 161),
(1613, 161, 1239),
(1614, 162, 162),
(1615, 162, 1241),
(1616, 126, 126),
(1617, 126, 849),
(1618, 126, 1243),
(1619, 691, 1244),
(1620, 753, 1245),
(1621, 754, 1246),
(1622, 172, 1247),
(1624, 755, 1249),
(1625, 756, 1250),
(1626, 757, 1251),
(1627, 758, 1252),
(1628, 96, 1253),
(1629, 95, 1254),
(1630, 668, 1255),
(1631, 131, 131),
(1632, 131, 1257),
(1633, 160, 1258),
(1634, 505, 505),
(1635, 505, 1260),
(1636, 741, 1261),
(1637, 336, 1262),
(1638, 759, 1263),
(1639, 760, 1264),
(1640, 761, 1265),
(1641, 762, 1266),
(1642, 763, 1267),
(1643, 764, 1268),
(1644, 765, 1269),
(1645, 766, 1270),
(1646, 767, 1271),
(1647, 768, 1272),
(1648, 769, 1273),
(1649, 770, 1274),
(1650, 771, 1275),
(1651, 576, 576),
(1652, 576, 1276),
(1653, 174, 174),
(1654, 174, 1277),
(1655, 109, 109),
(1656, 109, 1278),
(1657, 173, 173),
(1658, 173, 1279),
(1659, 2, 2),
(1660, 2, 1280),
(1661, 16, 16),
(1662, 16, 1281),
(1663, 772, 1282),
(1664, 773, 1283),
(1665, 774, 1284),
(1666, 775, 1285),
(1667, 776, 1286),
(1668, 777, 1287),
(1669, 778, 1288),
(1670, 779, 1289),
(1671, 780, 1290),
(1672, 781, 1291),
(1673, 782, 1292),
(1674, 783, 1293),
(1675, 784, 1294),
(1676, 785, 1295),
(1677, 786, 1296),
(1678, 702, 944),
(1679, 702, 1297),
(1680, 394, 1298),
(1681, 5, 1299),
(1682, 787, 1300),
(1683, 788, 1301),
(1684, 789, 1302),
(1685, 383, 383),
(1686, 383, 1304),
(1687, 790, 1305),
(1688, 63, 63),
(1689, 63, 1306),
(1690, 168, 1174),
(1691, 168, 1307),
(1692, 791, 1308),
(1693, 792, 1309),
(1694, 793, 1310);

-- --------------------------------------------------------

--
-- Estructura de tabla para la tabla `comprobante`
--

CREATE TABLE `comprobante` (
  `comprobante_id` int(11) NOT NULL,
  `punto_venta` int(4) DEFAULT NULL,
  `numero` int(8) DEFAULT NULL,
  `fecha` date DEFAULT NULL,
  `importe` varchar(15) COLLATE utf8_spanish_ci DEFAULT NULL,
  `detalle` text COLLATE utf8_spanish_ci,
  `estado` int(11) NOT NULL DEFAULT '0',
  `proveedor` int(11) DEFAULT NULL
) ENGINE=InnoDB DEFAULT CHARSET=utf8 COLLATE=utf8_spanish_ci;

-- --------------------------------------------------------

--
-- Estructura de tabla para la tabla `configuracionmenu`
--

CREATE TABLE `configuracionmenu` (
  `configuracionmenu_id` int(11) NOT NULL,
  `denominacion` varchar(250) COLLATE utf8_spanish_ci DEFAULT NULL,
  `nivel` int(11) DEFAULT NULL
) ENGINE=InnoDB DEFAULT CHARSET=utf8 COLLATE=utf8_spanish_ci;

--
-- Volcado de datos para la tabla `configuracionmenu`
--

INSERT INTO `configuracionmenu` (`configuracionmenu_id`, `denominacion`, `nivel`) VALUES
(1, 'DESARROLLADOR', 9),
(2, 'ADMINISTRADOR', 3),
(3, 'Operador', 1);

-- --------------------------------------------------------

--
-- Estructura de tabla para la tabla `cuota`
--

CREATE TABLE `cuota` (
  `cuota_id` int(11) NOT NULL,
  `fecha` date DEFAULT NULL,
  `periodo` int(11) NOT NULL,
  `monto` float DEFAULT NULL,
  `descuento` float NOT NULL,
  `cantidad` int(11) NOT NULL,
  `detalle` text COLLATE utf8_spanish_ci
) ENGINE=InnoDB DEFAULT CHARSET=utf8 COLLATE=utf8_spanish_ci;

--
-- Volcado de datos para la tabla `cuota`
--

INSERT INTO `cuota` (`cuota_id`, `fecha`, `periodo`, `monto`, `descuento`, `cantidad`, `detalle`) VALUES
(1, '2018-05-23', 201804, 1500, 0, 30, ''),
(2, '2018-05-23', 201804, 1200, 0, 30, ''),
(3, '2018-04-26', 201804, 1000, 0, 30, ''),
(4, '2018-05-23', 201804, 1000, 0, 30, ''),
(8, '2018-04-26', 201804, 1400, 0, 30, ''),
(9, '2018-04-26', 201804, 1400, 0, 30, ''),
(10, '2018-05-23', 201804, 1500, 0, 30, ''),
(11, '2018-04-26', 201804, 1000, 0, 30, ''),
(12, '2018-05-23', 201804, 1000, 0, 30, ''),
(13, '2018-05-23', 201804, 1000, 0, 30, ''),
(19, '2018-05-23', 201804, 1300, 0, 30, ''),
(20, '2018-05-23', 201804, 1000, 0, 30, ''),
(21, '2018-05-23', 201804, 1000, 0, 30, ''),
(22, '2018-05-23', 201804, 1000, 0, 30, ''),
(23, '2018-05-23', 201804, 1000, 0, 30, ''),
(25, '2018-05-23', 201804, 900, 0, 30, ''),
(27, '2018-05-23', 201804, 1300, 0, 30, ''),
(38, '2018-05-23', 201804, 1400, 0, 30, ''),
(41, '2018-05-23', 201804, 1000, 0, 30, ''),
(42, '2018-05-23', 201804, 1000, 0, 30, ''),
(43, '2018-05-23', 201804, 1300, 0, 30, ''),
(44, '2018-05-23', 201804, 1200, 0, 30, ''),
(45, '2018-05-23', 201804, 700, 0, 30, ''),
(46, '2018-05-23', 201804, 1500, 0, 30, ''),
(47, '2018-05-23', 201804, 1500, 0, 30, ''),
(54, '2018-05-23', 201804, 1000, 0, 30, ''),
(55, '2018-05-23', 201804, 800, 0, 30, ''),
(57, '2018-05-23', 201804, 1000, 0, 30, ''),
(63, '2018-05-23', 201804, 600, 0, 30, ''),
(64, '2018-05-23', 201804, 1000, 0, 30, ''),
(66, '2018-05-23', 201804, 1300, 0, 30, ''),
(68, '2018-05-23', 201804, 1200, 0, 30, ''),
(69, '2018-05-23', 201804, 800, 0, 30, ''),
(71, '2018-05-23', 201804, 1000, 0, 30, ''),
(72, '2018-05-23', 201804, 1500, 0, 30, ''),
(73, '2018-05-23', 201804, 1400, 0, 30, ''),
(74, '2018-05-23', 201804, 1500, 0, 30, ''),
(75, '2018-05-23', 201804, 1200, 0, 30, ''),
(77, '2018-05-23', 201804, 700, 0, 30, ''),
(78, '2018-05-23', 201804, 1000, 0, 30, ''),
(81, '2018-05-23', 201804, 1000, 0, 30, ''),
(83, '2018-05-23', 201804, 900, 0, 30, ''),
(84, '2018-05-23', 201804, 1300, 0, 30, ''),
(88, '2018-05-23', 201804, 1500, 0, 30, ''),
(89, '2018-05-23', 201804, 1400, 0, 30, ''),
(90, '2018-05-23', 201804, 1500, 0, 30, ''),
(91, '2018-05-23', 201804, 900, 0, 30, ''),
(92, '2018-05-23', 201804, 1000, 0, 30, ''),
(94, '2018-05-23', 201804, 1200, 0, 30, ''),
(95, '2018-05-23', 201804, 1000, 0, 30, ''),
(97, '2018-05-23', 201804, 750, 0, 30, ''),
(98, '2018-05-23', 201804, 950, 0, 30, ''),
(99, '2018-05-23', 201804, 1500, 0, 30, ''),
(100, '2018-05-23', 201804, 900, 0, 30, ''),
(101, '2018-05-23', 201804, 1000, 0, 30, ''),
(102, '2018-05-23', 201804, 1500, 0, 30, ''),
(103, '2018-05-23', 201804, 1200, 0, 30, ''),
(106, '2018-05-23', 201804, 1200, 0, 30, ''),
(107, '2018-05-23', 201804, 1500, 0, 30, ''),
(108, '2018-05-23', 201804, 1000, 0, 30, ''),
(109, '2018-05-23', 201804, 950, 0, 30, ''),
(111, '2018-05-23', 201804, 800, 0, 30, ''),
(112, '2018-05-23', 201804, 950, 0, 30, ''),
(113, '2018-05-23', 201804, 1500, 0, 30, ''),
(114, '2018-05-23', 201804, 1200, 0, 30, ''),
(115, '2018-05-23', 201804, 1000, 0, 30, ''),
(117, '2018-05-23', 201804, 950, 0, 30, ''),
(118, '2018-05-23', 201804, 1500, 0, 30, ''),
(119, '2018-05-23', 201804, 1000, 0, 30, ''),
(120, '2018-05-23', 201804, 1400, 0, 30, ''),
(121, '2018-05-23', 201804, 1500, 0, 30, ''),
(122, '2018-05-23', 201804, 1500, 0, 30, ''),
(123, '2018-05-23', 201804, 1500, 0, 30, ''),
(125, '2018-05-23', 201804, 700, 0, 30, ''),
(126, '2018-05-23', 201804, 700, 0, 30, ''),
(127, '2018-05-23', 201804, 800, 0, 30, ''),
(128, '2018-05-23', 201804, 1000, 0, 30, ''),
(129, '2018-05-23', 201804, 1500, 0, 30, ''),
(130, '2018-05-23', 201804, 650, 0, 30, ''),
(131, '2018-05-23', 201804, 800, 0, 30, ''),
(132, '2018-05-23', 201804, 600, 0, 30, ''),
(133, '2018-05-23', 201404, 1400, 0, 30, ''),
(134, '2018-05-23', 201804, 1200, 0, 30, ''),
(135, '2018-05-23', 201804, 700, 0, 30, ''),
(136, '2018-05-23', 201804, 1400, 0, 30, ''),
(137, '2018-05-23', 201804, 800, 0, 30, ''),
(138, '2018-05-23', 20104, 1000, 0, 30, ''),
(139, '2018-05-23', 20104, 1400, 0, 30, ''),
(140, '2018-05-23', 201804, 1400, 0, 30, ''),
(141, '2018-05-23', 201804, 1400, 0, 30, ''),
(142, '2018-05-23', 201804, 1000, 0, 30, ''),
(143, '2018-05-23', 201804, 1000, 0, 30, ''),
(144, '2018-05-23', 201804, 1300, 0, 30, ''),
(145, '2018-05-23', 201804, 1300, 0, 30, ''),
(146, '2018-05-23', 201804, 1300, 0, 30, ''),
(147, '2018-05-23', 201804, 1500, 0, 30, ''),
(148, '2018-05-23', 201804, 1400, 0, 30, ''),
(149, '2018-05-23', 201804, 1000, 0, 30, ''),
(150, '2018-05-23', 201804, 800, 0, 30, ''),
(151, '2018-05-23', 201804, 1400, 0, 30, ''),
(152, '2018-05-23', 201804, 1400, 0, 30, ''),
(153, '2018-05-23', 201804, 900, 0, 30, ''),
(154, '2018-05-23', 201804, 800, 0, 30, ''),
(155, '2018-05-23', 201804, 1400, 0, 30, ''),
(156, '2018-05-23', 201804, 900, 0, 30, ''),
(157, '2018-05-23', 201804, 900, 0, 30, ''),
(158, '2018-05-23', 201804, 1400, 0, 30, ''),
(159, '2018-05-23', 201804, 1000, 0, 30, ''),
(160, '2018-05-23', 201804, 900, 0, 30, ''),
(161, '2018-05-23', 201804, 900, 0, 30, ''),
(162, '2018-05-23', 201804, 700, 0, 30, ''),
(163, '2018-05-23', 201804, 900, 0, 30, ''),
(164, '2018-05-23', 201804, 1400, 0, 30, ''),
(165, '2018-05-23', 201804, 1000, 0, 30, ''),
(166, '2018-05-23', 201804, 1400, 0, 30, ''),
(167, '2018-05-23', 201804, 800, 0, 30, ''),
(168, '2018-05-23', 201804, 1400, 0, 30, ''),
(169, '2018-05-23', 201804, 1400, 0, 30, ''),
(170, '2018-05-23', 201804, 1000, 0, 30, ''),
(171, '2018-05-23', 201804, 1200, 0, 30, ''),
(172, '2018-05-23', 201804, 700, 0, 30, ''),
(173, '2018-05-23', 201804, 700, 0, 30, ''),
(174, '2018-05-23', 201804, 700, 0, 30, ''),
(175, '2018-05-23', 201804, 1100, 0, 30, ''),
(176, '2018-05-23', 201804, 700, 0, 30, ''),
(177, '2018-05-23', 201804, 900, 0, 30, ''),
(178, '2018-05-23', 201804, 500, 0, 30, ''),
(179, '2018-05-23', 201804, 500, 0, 30, ''),
(180, '2018-05-23', 201804, 700, 0, 30, ''),
(181, '2018-05-23', 201804, 700, 0, 30, ''),
(182, '2018-05-23', 201804, 1100, 0, 30, ''),
(183, '2018-05-23', 201804, 1200, 0, 30, ''),
(184, '2018-05-23', 201804, 500, 0, 30, ''),
(185, '2018-05-23', 201804, 500, 0, 30, ''),
(186, '2018-05-23', 201804, 1400, 0, 30, ''),
(187, '2018-05-23', 201804, 800, 0, 30, ''),
(188, '2018-05-23', 201804, 600, 0, 30, ''),
(190, '2018-05-23', 201804, 1400, 0, 30, ''),
(191, '2018-05-23', 201804, 950, 0, 30, ''),
(192, '2018-05-23', 201804, 500, 0, 30, ''),
(193, '2018-05-23', 20104, 1000, 0, 30, ''),
(194, '2018-05-23', 201804, 900, 0, 30, ''),
(195, '2018-05-23', 201804, 700, 0, 30, ''),
(196, '2018-05-23', 201804, 1000, 0, 30, ''),
(197, '2018-05-23', 201804, 1400, 0, 30, ''),
(198, '2018-05-23', 201804, 500, 0, 30, ''),
(199, '2018-05-23', 201804, 1500, 0, 30, ''),
(200, '2018-05-23', 201804, 1000, 0, 30, ''),
(201, '2018-05-23', 201804, 1000, 0, 30, ''),
(202, '2018-05-23', 201804, 1200, 0, 30, ''),
(203, '2018-05-23', 201804, 1400, 0, 30, ''),
(204, '2018-05-23', 201804, 500, 0, 30, ''),
(205, '2018-05-23', 201804, 1000, 0, 30, ''),
(206, '2018-05-23', 201804, 1000, 0, 30, ''),
(207, '2018-05-23', 201804, 700, 0, 30, ''),
(208, '2018-05-23', 201804, 950, 0, 30, ''),
(209, '2018-05-23', 201804, 1500, 0, 30, ''),
(210, '2018-05-23', 201804, 1400, 0, 30, ''),
(211, '2018-05-23', 201804, 350, 0, 30, ''),
(212, '2018-05-23', 201804, 700, 0, 30, ''),
(213, '2018-05-23', 201804, 1000, 0, 30, ''),
(214, '2018-05-23', 201804, 1500, 0, 30, ''),
(215, '2018-05-23', 201804, 1400, 0, 30, ''),
(216, '2018-05-23', 201804, 1400, 0, 30, ''),
(217, '2018-05-23', 201804, 1300, 0, 30, ''),
(218, '2018-05-23', 201804, 1400, 0, 30, ''),
(219, '2018-05-23', 201804, 1300, 0, 30, ''),
(220, '2018-05-23', 201804, 800, 0, 30, ''),
(221, '2018-05-23', 201804, 500, 0, 30, ''),
(222, '2018-05-23', 201804, 350, 0, 30, ''),
(223, '2018-05-23', 201804, 1000, 0, 30, ''),
(224, '2018-05-23', 201804, 750, 0, 30, ''),
(225, '2018-05-23', 201804, 1500, 0, 30, ''),
(226, '2018-05-23', 201804, 800, 0, 30, ''),
(227, '2018-05-23', 201804, 1500, 0, 30, ''),
(228, '2018-05-23', 201804, 1000, 0, 30, ''),
(229, '2018-05-23', 201804, 1400, 0, 30, ''),
(230, '2018-05-23', 201804, 1300, 0, 30, ''),
(231, '2018-05-23', 201804, 1300, 0, 30, ''),
(232, '2018-05-23', 201804, 1400, 0, 30, ''),
(233, '2018-05-23', 201804, 1000, 0, 30, ''),
(234, '2018-05-23', 201804, 1300, 0, 30, ''),
(235, '2018-05-23', 201804, 1300, 0, 30, ''),
(236, '2018-05-23', 201804, 1200, 0, 30, ''),
(237, '2018-05-23', 201804, 800, 0, 30, ''),
(238, '2018-05-23', 201804, 1400, 0, 30, ''),
(239, '2018-05-23', 201804, 600, 0, 30, ''),
(240, '2018-05-23', 201804, 400, 0, 30, ''),
(241, '2018-05-23', 201804, 1400, 0, 30, ''),
(242, '2018-05-23', 201804, 600, 0, 30, ''),
(243, '2018-05-23', 201804, 1400, 0, 30, ''),
(245, '2018-05-23', 201804, 1200, 0, 30, ''),
(246, '2018-05-23', 201804, 800, 0, 30, ''),
(247, '2018-05-23', 201804, 1000, 0, 30, ''),
(248, '2018-05-23', 201804, 800, 0, 30, ''),
(249, '2018-05-23', 201804, 1200, 0, 30, ''),
(250, '2018-05-23', 201804, 900, 0, 30, ''),
(251, '2018-05-23', 201804, 1400, 0, 30, ''),
(252, '2018-05-23', 201804, 1000, 0, 30, ''),
(253, '2018-05-23', 201804, 1400, 0, 30, ''),
(254, '2018-05-23', 201804, 1400, 0, 30, ''),
(255, '2018-05-23', 201804, 1400, 0, 30, ''),
(256, '2018-05-23', 201804, 1500, 0, 30, ''),
(257, '2018-05-23', 201804, 600, 0, 30, ''),
(258, '2018-05-23', 201804, 1400, 0, 30, ''),
(259, '2018-05-23', 201804, 1400, 0, 30, ''),
(260, '2018-05-23', 201804, 500, 0, 30, ''),
(261, '2018-05-23', 201804, 600, 0, 30, ''),
(262, '2018-05-23', 201804, 1000, 0, 30, ''),
(263, '2018-05-23', 201804, 950, 0, 30, ''),
(264, '2018-05-23', 201804, 1300, 0, 30, ''),
(265, '2018-05-23', 201804, 400, 0, 30, ''),
(266, '2018-05-23', 201804, 1400, 0, 30, ''),
(267, '2018-05-23', 201804, 800, 0, 30, ''),
(268, '2018-05-23', 201804, 1500, 0, 30, ''),
(269, '2018-05-23', 201804, 1400, 0, 30, ''),
(270, '2018-05-23', 201804, 1300, 0, 30, ''),
(271, '2018-05-24', 201804, 1200, 0, 30, ''),
(272, '2018-05-24', 201804, 1500, 0, 30, ''),
(273, '2018-05-24', 201804, 1200, 0, 30, ''),
(274, '2018-05-24', 201804, 700, 0, 30, ''),
(275, '2018-05-24', 201804, 900, 0, 30, ''),
(276, '2018-05-24', 201804, 1200, 0, 30, ''),
(277, '2018-05-24', 201804, 1500, 0, 30, ''),
(278, '2018-05-24', 201804, 500, 0, 30, ''),
(279, '2018-05-24', 201804, 500, 0, 30, ''),
(280, '2018-05-24', 201804, 1500, 0, 30, ''),
(281, '2018-05-24', 201804, 500, 0, 30, ''),
(282, '2018-05-24', 201804, 1000, 0, 30, ''),
(283, '2018-05-24', 201804, 500, 0, 30, ''),
(284, '2018-05-24', 201804, 800, 0, 30, ''),
(285, '2018-05-24', 201804, 1000, 0, 30, ''),
(286, '2018-05-24', 201804, 1000, 0, 30, ''),
(287, '2018-05-24', 201804, 1200, 0, 30, ''),
(288, '2018-05-24', 201804, 1200, 0, 30, ''),
(289, '2018-05-24', 201804, 1400, 0, 30, ''),
(290, '2018-05-24', 201804, 1200, 0, 30, ''),
(291, '2018-05-24', 201804, 1200, 0, 30, ''),
(292, '2018-05-24', 201804, 1500, 0, 30, ''),
(293, '2018-05-24', 201804, 1500, 0, 30, ''),
(294, '2018-05-24', 201804, 1500, 0, 30, ''),
(296, '2018-05-24', 201804, 1500, 0, 30, ''),
(297, '2018-05-24', 201804, 1500, 0, 30, ''),
(298, '2018-05-24', 201804, 1500, 0, 30, ''),
(299, '2018-05-24', 201804, 1300, 0, 30, ''),
(300, '2018-05-24', 201804, 1500, 0, 30, ''),
(301, '2018-05-24', 201804, 1500, 0, 30, ''),
(302, '2018-05-24', 201804, 1500, 0, 30, ''),
(304, '2018-05-24', 201804, 1500, 0, 30, ''),
(305, '2018-05-24', 201804, 800, 0, 30, ''),
(306, '2018-05-24', 201804, 1000, 0, 30, ''),
(307, '2018-05-24', 201804, 400, 0, 30, ''),
(308, '2018-05-24', 201804, 900, 0, 30, ''),
(311, '2018-05-24', 201804, 1500, 0, 30, ''),
(312, '2018-05-24', 201804, 400, 0, 30, ''),
(313, '2018-05-24', 201804, 1500, 0, 30, ''),
(314, '2018-05-24', 201804, 400, 0, 30, ''),
(315, '2018-05-24', 201804, 1500, 0, 30, ''),
(316, '2018-05-24', 201804, 400, 0, 30, ''),
(317, '2018-05-24', 201804, 500, 0, 30, ''),
(318, '2018-05-24', 201804, 900, 0, 30, ''),
(319, '2018-05-24', 201804, 650, 0, 30, ''),
(320, '2018-05-24', 201804, 650, 0, 30, ''),
(321, '2018-05-24', 201804, 750, 0, 30, ''),
(322, '2018-05-24', 201804, 1000, 0, 30, ''),
(324, '2018-05-24', 201804, 800, 0, 30, ''),
(325, '2018-05-24', 201804, 1000, 0, 30, ''),
(326, '2018-05-24', 201804, 600, 0, 30, ''),
(327, '2018-05-24', 201804, 1200, 0, 30, ''),
(329, '2018-05-24', 201804, 1200, 0, 30, ''),
(330, '2018-05-24', 201804, 1200, 0, 30, ''),
(331, '2018-05-24', 201804, 1200, 0, 30, ''),
(333, '2018-05-24', 201804, 1200, 0, 30, ''),
(334, '2018-05-24', 201804, 1200, 0, 30, ''),
(335, '2018-05-24', 201804, 1200, 0, 30, ''),
(336, '2018-05-24', 201804, 950, 0, 30, ''),
(337, '2018-05-24', 201804, 1200, 0, 30, ''),
(338, '2018-05-24', 201804, 1200, 0, 30, ''),
(340, '2018-05-24', 201804, 1200, 0, 30, ''),
(341, '2018-05-24', 201804, 1200, 0, 30, ''),
(342, '2018-05-24', 201804, 1500, 0, 30, ''),
(343, '2018-05-24', 201804, 1200, 0, 30, ''),
(344, '2018-05-24', 201804, 1500, 0, 30, ''),
(345, '2018-05-24', 201804, 1500, 0, 30, ''),
(346, '2018-05-24', 201804, 1500, 0, 30, ''),
(347, '2018-05-24', 201804, 1000, 0, 30, ''),
(348, '2018-05-24', 201804, 1500, 0, 30, ''),
(349, '2018-05-24', 201804, 1200, 0, 30, ''),
(350, '2018-05-24', 201804, 1500, 0, 30, ''),
(351, '2018-05-24', 201804, 800, 0, 30, ''),
(353, '2018-05-24', 201804, 1500, 0, 30, ''),
(354, '2018-05-24', 201804, 1500, 0, 30, ''),
(355, '2018-05-24', 201804, 1500, 0, 30, ''),
(356, '2018-05-24', 201804, 1000, 0, 30, ''),
(358, '2018-05-24', 201804, 1400, 0, 30, ''),
(359, '2018-05-24', 201804, 600, 0, 30, ''),
(360, '2018-05-24', 201804, 400, 0, 30, ''),
(362, '2018-05-24', 201804, 600, 0, 30, ''),
(364, '2018-05-24', 201804, 700, 0, 30, ''),
(366, '2018-05-24', 201804, 1500, 0, 30, ''),
(369, '2018-05-24', 201804, 1500, 0, 30, ''),
(374, '2018-05-24', 201804, 600, 0, 30, ''),
(377, '2018-05-24', 201804, 900, 0, 30, ''),
(378, '2018-05-24', 201804, 900, 0, 30, ''),
(379, '2018-05-24', 201804, 1000, 0, 30, ''),
(380, '2018-05-24', 201804, 1000, 0, 30, ''),
(381, '2018-05-24', 201804, 1000, 0, 30, ''),
(382, '2018-05-24', 201804, 800, 0, 30, ''),
(383, '2018-05-24', 201804, 700, 0, 30, ''),
(384, '2018-05-24', 201804, 1000, 0, 30, ''),
(385, '2018-05-24', 201804, 1000, 0, 30, ''),
(386, '2018-05-24', 201804, 1000, 0, 30, ''),
(387, '2018-05-24', 201804, 1500, 0, 30, ''),
(388, '2018-05-24', 201804, 1200, 0, 30, ''),
(389, '2018-05-24', 201804, 1000, 0, 30, ''),
(390, '2018-05-24', 201804, 1000, 0, 30, ''),
(391, '2018-05-24', 201804, 1200, 0, 30, ''),
(392, '2018-05-24', 201804, 900, 0, 30, ''),
(393, '2018-05-24', 201804, 1500, 0, 30, ''),
(394, '2018-05-24', 201804, 900, 0, 30, ''),
(395, '2018-05-24', 201804, 1500, 0, 30, ''),
(397, '2018-05-24', 201804, 1500, 0, 30, ''),
(398, '2018-05-24', 201804, 1500, 0, 30, ''),
(399, '2018-05-24', 201804, 1200, 0, 30, ''),
(400, '2018-05-24', 201804, 1500, 0, 30, ''),
(401, '2018-05-24', 201804, 1200, 0, 30, ''),
(402, '2018-05-24', 201804, 1500, 0, 30, ''),
(404, '2018-05-24', 201804, 1500, 0, 30, ''),
(405, '2018-05-24', 201804, 1200, 0, 30, ''),
(406, '2018-05-24', 201804, 1500, 0, 30, ''),
(407, '2018-05-24', 201804, 1500, 0, 30, ''),
(409, '2018-05-24', 201804, 1500, 0, 30, ''),
(410, '2018-05-24', 201804, 1500, 0, 30, ''),
(411, '2018-05-24', 201804, 1000, 0, 30, ''),
(413, '2018-05-25', 201804, 1500, 0, 30, ''),
(415, '2018-05-24', 201804, 1500, 0, 30, ''),
(416, '2018-05-24', 201804, 1500, 0, 30, ''),
(417, '2018-05-24', 201804, 1500, 0, 30, ''),
(418, '2018-05-24', 201804, 1500, 0, 30, ''),
(419, '2018-05-24', 201804, 1500, 0, 30, ''),
(420, '2018-05-24', 201804, 1500, 0, 30, ''),
(422, '2018-05-24', 201804, 900, 0, 30, ''),
(429, '2018-05-24', 201804, 1000, 0, 30, ''),
(434, '2018-05-24', 201804, 700, 0, 30, ''),
(438, '2018-05-24', 201804, 700, 0, 30, ''),
(440, '2018-05-24', 201804, 700, 0, 30, ''),
(441, '2018-05-24', 201804, 700, 0, 30, ''),
(442, '2018-05-24', 201804, 600, 0, 30, ''),
(443, '2018-05-24', 201804, 1200, 0, 30, ''),
(444, '2018-05-24', 201804, 600, 0, 30, ''),
(445, '2018-05-24', 201804, 600, 0, 30, ''),
(448, '2018-05-24', 201804, 800, 0, 30, ''),
(449, '2018-05-24', 201804, 1500, 0, 30, ''),
(450, '2018-05-24', 201804, 1200, 0, 30, ''),
(453, '2018-05-24', 201804, 800, 0, 30, ''),
(454, '2018-05-24', 201804, 1200, 0, 30, ''),
(456, '2018-05-24', 201804, 1000, 0, 30, ''),
(459, '2018-05-24', 201804, 1000, 0, 30, ''),
(460, '2018-05-24', 201804, 600, 0, 30, ''),
(462, '2018-05-24', 201804, 1400, 0, 30, ''),
(463, '2018-05-24', 201804, 1000, 0, 30, ''),
(464, '2018-05-24', 201804, 900, 0, 30, ''),
(465, '2018-05-24', 201804, 300, 0, 30, ''),
(466, '2018-05-24', 201804, 900, 0, 30, ''),
(467, '2018-05-24', 201804, 750, 0, 30, ''),
(468, '2018-05-24', 201804, 1000, 0, 30, ''),
(470, '2018-05-24', 201804, 1200, 0, 30, ''),
(471, '2018-05-24', 201804, 750, 0, 30, ''),
(472, '2018-05-24', 201804, 750, 0, 30, ''),
(473, '2018-05-24', 201804, 800, 0, 30, ''),
(474, '2018-05-24', 201804, 750, 0, 30, ''),
(475, '2018-05-24', 201804, 750, 0, 30, ''),
(476, '2018-05-24', 201804, 750, 0, 30, ''),
(477, '2018-05-24', 201804, 750, 0, 30, ''),
(478, '2018-05-24', 201804, 750, 0, 30, ''),
(479, '2018-05-24', 201804, 750, 0, 30, ''),
(480, '2018-05-24', 201804, 900, 0, 30, ''),
(481, '2018-05-24', 201804, 1000, 0, 30, ''),
(482, '2018-05-24', 201804, 900, 0, 30, ''),
(483, '2018-05-24', 201404, 1000, 0, 30, ''),
(484, '2018-05-24', 201804, 1500, 0, 30, ''),
(486, '2018-05-24', 201404, 300, 0, 30, ''),
(487, '2018-05-24', 201804, 300, 0, 30, ''),
(489, '2018-05-24', 201804, 600, 0, 30, ''),
(491, '2018-05-24', 201804, 300, 0, 30, ''),
(492, '2018-05-24', 201804, 300, 0, 30, ''),
(493, '2018-05-24', 20180, 500, 0, 30, ''),
(494, '2018-05-24', 201804, 600, 0, 30, ''),
(495, '2018-05-24', 201804, 600, 0, 30, ''),
(496, '2018-05-24', 201804, 600, 0, 30, ''),
(497, '2018-05-24', 201804, 600, 0, 30, ''),
(498, '2018-05-24', 201804, 600, 0, 30, ''),
(499, '2018-05-24', 201804, 600, 0, 30, ''),
(500, '2018-05-24', 201804, 600, 0, 30, ''),
(501, '2018-05-24', 201804, 600, 0, 30, ''),
(502, '2018-05-24', 201804, 600, 0, 30, ''),
(503, '2018-05-24', 201804, 600, 0, 30, ''),
(504, '2018-05-24', 201804, 600, 0, 30, ''),
(505, '2018-05-24', 201804, 600, 0, 30, ''),
(506, '2018-05-24', 201804, 600, 0, 30, ''),
(507, '2018-05-24', 201804, 600, 0, 30, ''),
(508, '2018-05-24', 201804, 800, 0, 30, ''),
(509, '2018-05-24', 201804, 800, 0, 30, ''),
(510, '2018-05-24', 201804, 800, 0, 30, ''),
(511, '2018-05-24', 201804, 800, 0, 30, ''),
(512, '2018-05-24', 201804, 1000, 0, 30, ''),
(513, '2018-05-24', 201804, 1000, 0, 30, ''),
(514, '2018-05-24', 201804, 1000, 0, 30, ''),
(515, '2018-05-24', 201804, 1200, 0, 30, ''),
(516, '2018-05-24', 201804, 1200, 0, 30, ''),
(517, '2018-05-24', 201804, 1200, 0, 30, ''),
(518, '2018-05-24', 201804, 1200, 0, 30, ''),
(519, '2018-05-24', 201804, 1200, 0, 30, ''),
(520, '2018-05-24', 201804, 1200, 0, 30, ''),
(521, '2018-05-24', 201804, 1500, 0, 30, ''),
(522, '2018-05-24', 201804, 1500, 0, 30, ''),
(523, '2018-05-24', 201804, 1500, 0, 30, ''),
(524, '2018-05-24', 201804, 1500, 0, 30, ''),
(525, '2018-05-24', 201804, 1500, 0, 30, ''),
(526, '2018-05-24', 201804, 1500, 0, 30, ''),
(527, '2018-05-24', 201804, 1500, 0, 30, ''),
(528, '2018-05-24', 201804, 1500, 0, 30, ''),
(529, '2018-05-24', 201804, 1500, 0, 30, ''),
(530, '2018-05-24', 201804, 1500, 0, 30, ''),
(531, '2018-05-24', 201804, 1500, 0, 30, ''),
(532, '2018-05-24', 201804, 1500, 0, 30, ''),
(533, '2018-05-24', 201804, 1500, 0, 30, ''),
(534, '2018-05-24', 201804, 1500, 0, 30, ''),
(535, '2018-05-24', 201804, 1500, 0, 30, ''),
(536, '2018-05-24', 201804, 1500, 0, 30, ''),
(537, '2018-05-24', 201804, 1500, 0, 30, ''),
(538, '2018-05-24', 201804, 1500, 0, 30, ''),
(539, '2018-05-24', 201804, 1500, 0, 30, ''),
(540, '2018-05-24', 201804, 1500, 0, 30, ''),
(541, '2018-05-24', 201804, 1500, 0, 30, ''),
(542, '2018-05-24', 201804, 1500, 0, 30, ''),
(543, '2018-05-24', 201804, 1500, 0, 30, ''),
(544, '2018-05-24', 201804, 1500, 0, 30, ''),
(545, '2018-05-24', 201804, 1500, 0, 30, ''),
(546, '2018-05-24', 201804, 1500, 0, 30, ''),
(547, '2018-05-24', 201804, 1000, 0, 30, ''),
(548, '2018-05-24', 201804, 1000, 0, 30, ''),
(549, '2018-05-24', 201804, 1000, 0, 30, ''),
(550, '2018-05-24', 201804, 1200, 0, 30, ''),
(551, '2018-05-24', 201804, 1200, 0, 30, ''),
(552, '2018-05-24', 201804, 1200, 0, 30, ''),
(553, '2018-05-24', 201804, 1200, 0, 30, ''),
(554, '2018-05-24', 201804, 1200, 0, 30, ''),
(555, '2018-05-24', 201804, 1200, 0, 30, ''),
(556, '2018-05-24', 201804, 1200, 0, 30, ''),
(557, '2018-05-24', 201804, 1200, 0, 30, ''),
(558, '2018-05-24', 201804, 1200, 0, 30, ''),
(559, '2018-05-24', 201804, 1200, 0, 30, ''),
(560, '2018-05-24', 201804, 1200, 0, 30, ''),
(561, '2018-05-24', 201804, 700, 0, 30, ''),
(562, '2018-05-24', 201804, 600, 0, 30, ''),
(563, '2018-05-24', 201804, 600, 0, 30, ''),
(564, '2018-05-24', 201804, 600, 0, 30, ''),
(565, '2018-05-24', 201804, 600, 0, 30, ''),
(566, '2018-05-24', 201804, 600, 0, 30, ''),
(567, '2018-05-24', 201804, 600, 0, 30, ''),
(568, '2018-05-24', 201804, 700, 0, 30, ''),
(569, '2018-05-24', 201804, 700, 0, 30, ''),
(570, '2018-05-24', 201804, 700, 0, 30, ''),
(571, '2018-05-24', 201804, 700, 0, 30, ''),
(572, '2018-05-24', 201804, 700, 0, 30, ''),
(573, '2018-05-24', 201804, 700, 0, 30, ''),
(575, '2018-05-24', 201804, 1000, 0, 30, ''),
(576, '2018-05-24', 201804, 1300, 0, 30, ''),
(577, '2018-05-24', 201804, 1300, 0, 30, ''),
(578, '2018-05-24', 201804, 1300, 0, 30, ''),
(579, '2018-05-24', 201804, 1300, 0, 30, ''),
(580, '2018-05-24', 201804, 1300, 0, 30, ''),
(582, '2018-05-24', 201804, 1300, 0, 30, ''),
(583, '2018-05-24', 201804, 1500, 0, 30, ''),
(584, '2018-05-24', 201804, 1500, 0, 30, ''),
(585, '2018-05-24', 201804, 400, 0, 30, ''),
(586, '2018-05-24', 201804, 400, 0, 30, ''),
(587, '2018-05-24', 201804, 650, 0, 30, ''),
(588, '2018-05-24', 201804, 650, 0, 30, ''),
(590, '2018-05-24', 201804, 700, 0, 30, ''),
(591, '2018-05-24', 201804, 900, 0, 30, ''),
(592, '2018-05-24', 201804, 900, 0, 30, ''),
(593, '2018-05-24', 201804, 900, 0, 30, ''),
(594, '2018-05-24', 201804, 900, 0, 30, ''),
(595, '2018-05-24', 201804, 1000, 0, 30, ''),
(596, '2018-05-24', 201804, 1000, 0, 30, ''),
(597, '2018-05-24', 201804, 1200, 0, 30, ''),
(598, '2018-05-24', 201804, 1500, 0, 30, ''),
(599, '2018-05-24', 201804, 1500, 0, 30, ''),
(600, '2018-05-24', 201804, 1500, 0, 30, ''),
(601, '2018-05-24', 201804, 1500, 0, 30, ''),
(602, '2018-05-24', 201804, 1500, 0, 30, ''),
(603, '2018-05-24', 201804, 1500, 0, 30, ''),
(604, '2018-05-24', 201804, 1500, 0, 30, ''),
(605, '2018-05-24', 201804, 1500, 0, 30, ''),
(607, '2018-05-28', 201804, 1200, 0, 30, ''),
(608, '2018-05-28', 201804, 1400, 0, 30, ''),
(609, '2018-05-28', 201804, 800, 0, 30, ''),
(611, '2018-05-28', 201804, 800, 0, 30, ''),
(612, '2018-05-28', 201804, 1000, 0, 30, ''),
(613, '2018-05-25', 201804, 1500, 0, 30, ''),
(614, '2018-05-28', 201804, 1000, 0, 30, ''),
(615, '2018-05-28', 201804, 1400, 0, 30, ''),
(616, '2018-05-28', 201804, 1200, 0, 30, ''),
(617, '2018-05-28', 201804, 500, 0, 30, ''),
(618, '2018-05-28', 201804, 700, 0, 30, ''),
(619, '2018-05-29', 201804, 1200, 0, 30, ''),
(620, '2018-05-29', 201804, 800, 0, 30, ''),
(621, '2018-05-29', 201804, 1300, 0, 30, ''),
(622, '2018-05-29', 201804, 1400, 0, 30, ''),
(623, '2018-05-29', 2018004, 1000, 0, 30, ''),
(624, '2018-05-29', 201804, 1300, 0, 30, ''),
(625, '2018-05-29', 201804, 1400, 0, 30, ''),
(626, '2018-05-29', 201804, 400, 0, 30, ''),
(628, '2018-05-29', 201804, 700, 0, 30, ''),
(629, '2018-05-29', 201804, 700, 0, 30, ''),
(630, '2018-05-30', 201804, 600, 0, 30, ''),
(632, '2018-05-30', 201804, 1000, 0, 30, ''),
(634, '2018-05-31', 201804, 1200, 0, 30, ''),
(635, '2018-05-31', 201804, 800, 0, 30, ''),
(636, '2018-05-31', 201804, 350, 0, 30, ''),
(637, '2018-05-31', 201804, 600, 0, 30, ''),
(638, '2018-05-31', 201804, 700, 0, 30, ''),
(639, '2018-05-31', 201804, 700, 0, 30, ''),
(640, '2018-05-31', 201804, 700, 0, 30, ''),
(641, '2018-05-31', 201804, 700, 0, 30, ''),
(642, '2018-05-31', 201804, 800, 0, 30, ''),
(644, '2018-05-31', 201804, 1400, 0, 30, ''),
(645, '2018-05-31', 201804, 1400, 0, 30, ''),
(646, '2018-05-31', 201804, 1000, 0, 30, ''),
(647, '2018-05-31', 201804, 1000, 0, 30, ''),
(648, '2018-05-31', 201804, 400, 0, 30, ''),
(649, '2018-05-31', 201804, 800, 0, 30, ''),
(650, '2018-05-31', 201804, 1000, 0, 30, ''),
(651, '2018-05-31', 201804, 1500, 0, 30, ''),
(652, '2018-05-23', 201804, 1200, 0, 30, ''),
(653, '2018-06-01', 201804, 700, 0, 30, ''),
(654, '2018-06-01', 201804, 700, 0, 30, ''),
(655, '2018-06-01', 201804, 1200, 0, 30, ''),
(656, '2018-06-01', 201804, 1200, 0, 30, ''),
(657, '2018-06-01', 201804, 600, 0, 30, ''),
(658, '2018-06-06', 201804, 600, 0, 30, ''),
(659, '2018-06-26', 201804, 1200, 0, 30, ''),
(660, '2018-06-08', 201804, 1000, 0, 30, ''),
(662, '2018-06-11', 201804, 400, 0, 30, ''),
(663, '2018-05-23', 201804, 1000, 0, 30, ''),
(665, '2018-05-24', 201804, 1200, 0, 30, ''),
(666, '2018-06-27', 201805, 600, 0, 30, ''),
(667, '2018-06-27', 201805, 600, 0, 30, ''),
(668, '2018-06-27', 201805, 600, 0, 30, ''),
(669, '2018-06-27', 201805, 600, 0, 30, ''),
(670, '2018-06-27', 201805, 600, 0, 30, ''),
(671, '2018-06-27', 201805, 600, 0, 30, ''),
(672, '2018-06-27', 201805, 600, 0, 30, ''),
(673, '2018-06-27', 201805, 600, 0, 30, ''),
(674, '2018-06-27', 201805, 600, 0, 30, ''),
(675, '2018-06-27', 201805, 600, 0, 30, ''),
(676, '2018-06-27', 201805, 600, 0, 30, ''),
(677, '2018-06-27', 201805, 600, 0, 30, ''),
(678, '2018-06-27', 201805, 600, 0, 30, ''),
(679, '2018-06-27', 201805, 800, 0, 30, ''),
(680, '2018-06-27', 201805, 1200, 0, 30, ''),
(681, '2018-06-27', 201805, 800, 0, 30, ''),
(682, '2018-06-27', 201805, 800, 0, 30, ''),
(683, '2018-06-27', 201805, 800, 0, 30, ''),
(684, '2018-06-27', 201805, 1000, 0, 30, ''),
(685, '2018-06-27', 201805, 1000, 0, 30, ''),
(686, '2018-06-27', 201805, 1000, 0, 30, ''),
(687, '2018-06-27', 201805, 1200, 0, 30, ''),
(689, '2018-06-27', 201805, 1200, 0, 30, ''),
(690, '2018-06-27', 201805, 1200, 0, 30, ''),
(691, '2018-06-27', 201805, 1200, 0, 30, ''),
(692, '2018-06-27', 201805, 1200, 0, 30, ''),
(693, '2018-06-27', 201805, 1200, 0, 30, ''),
(695, '2018-06-27', 201805, 1200, 0, 30, ''),
(699, '2018-06-27', 201805, 1200, 0, 30, ''),
(700, '2018-06-27', 201805, 1500, 0, 30, ''),
(701, '2018-06-27', 201805, 1500, 0, 30, ''),
(702, '2018-06-27', 201805, 1500, 0, 30, ''),
(703, '2018-06-27', 201805, 1500, 0, 30, ''),
(704, '2018-06-27', 201805, 1500, 0, 30, ''),
(705, '2018-06-27', 201805, 1500, 0, 30, ''),
(706, '2018-06-27', 201805, 1500, 0, 30, ''),
(707, '2018-06-27', 201805, 1500, 0, 30, ''),
(708, '2018-06-27', 201805, 1500, 0, 30, ''),
(709, '2018-06-27', 201805, 1000, 0, 30, ''),
(710, '2018-06-27', 201805, 1000, 0, 30, ''),
(711, '2018-06-27', 201805, 1500, 0, 30, ''),
(712, '2018-06-27', 201805, 1500, 0, 30, ''),
(713, '2018-06-27', 201805, 1500, 0, 30, ''),
(714, '2018-06-27', 201805, 1500, 0, 30, ''),
(715, '2018-06-27', 201805, 800, 0, 30, ''),
(716, '2018-06-27', 201805, 1500, 0, 30, ''),
(717, '2018-06-27', 201805, 400, 0, 30, ''),
(718, '2018-06-27', 201805, 1500, 0, 30, ''),
(720, '2018-06-27', 201805, 1500, 0, 30, ''),
(721, '2018-06-27', 201805, 900, 0, 30, ''),
(722, '2018-06-27', 201805, 1200, 0, 30, ''),
(723, '2018-06-27', 201805, 1500, 0, 30, ''),
(724, '2018-06-27', 201805, 1500, 0, 30, ''),
(725, '2018-06-27', 201805, 1500, 0, 30, ''),
(727, '2018-06-27', 201805, 1500, 0, 30, ''),
(728, '2018-06-27', 201805, 1500, 0, 30, ''),
(731, '2018-06-27', 201805, 1500, 0, 30, ''),
(732, '2018-06-27', 201805, 1500, 0, 30, ''),
(733, '2018-06-27', 201805, 1500, 0, 30, ''),
(736, '2018-06-27', 201805, 1500, 0, 30, ''),
(737, '2018-06-27', 201805, 1500, 0, 30, ''),
(739, '2018-06-27', 201805, 1500, 0, 30, ''),
(742, '2018-06-27', 201805, 1500, 0, 30, ''),
(743, '2018-06-27', 201805, 1500, 0, 30, ''),
(744, '2018-06-27', 201805, 1000, 0, 30, ''),
(745, '2018-06-27', 201805, 1200, 0, 30, ''),
(749, '2018-06-27', 201805, 1400, 0, 30, ''),
(751, '2018-06-27', 201805, 900, 0, 30, ''),
(752, '2018-06-27', 201805, 600, 0, 30, ''),
(753, '2018-06-27', 201805, 1500, 0, 30, ''),
(754, '2018-06-27', 201805, 1400, 0, 30, ''),
(755, '2018-06-27', 201805, 600, 0, 30, ''),
(756, '2018-06-27', 201805, 1500, 0, 30, ''),
(757, '2018-06-27', 201805, 900, 0, 30, ''),
(758, '2018-06-27', 201805, 900, 0, 30, ''),
(759, '2018-06-27', 201805, 900, 0, 30, ''),
(760, '2018-06-27', 201805, 700, 0, 30, ''),
(761, '2018-06-27', 201805, 1200, 0, 30, ''),
(763, '2018-06-27', 201805, 750, 0, 30, ''),
(764, '2018-06-27', 201805, 1400, 0, 30, ''),
(765, '2018-06-27', 201805, 900, 0, 30, ''),
(766, '2018-06-27', 201805, 900, 0, 30, ''),
(767, '2018-06-27', 201805, 900, 0, 30, ''),
(768, '2018-06-27', 201805, 700, 0, 30, ''),
(769, '2018-06-27', 201805, 900, 0, 30, ''),
(770, '2018-06-27', 201805, 700, 0, 30, ''),
(771, '2018-06-27', 201805, 900, 0, 30, ''),
(773, '2018-06-27', 201805, 1000, 0, 30, ''),
(774, '2018-06-27', 201805, 1000, 0, 30, ''),
(775, '2018-06-27', 201805, 1000, 0, 30, ''),
(777, '2018-06-27', 201805, 1000, 0, 30, ''),
(778, '2018-06-27', 201805, 1000, 0, 30, ''),
(779, '2018-06-27', 201805, 1000, 0, 30, ''),
(781, '2018-06-27', 201805, 1000, 0, 30, ''),
(782, '2018-06-27', 201805, 1000, 0, 30, ''),
(783, '2018-06-27', 201805, 1000, 0, 30, ''),
(785, '2018-06-27', 201805, 1000, 0, 30, ''),
(786, '2018-06-27', 201805, 1000, 0, 30, ''),
(787, '2018-06-27', 201805, 1000, 0, 30, '\r\n'),
(789, '2018-06-27', 201805, 1000, 0, 30, ''),
(790, '2018-06-27', 201805, 1000, 0, 30, ''),
(792, '2018-06-27', 201805, 1500, 0, 30, ''),
(793, '2018-06-27', 201805, 1200, 0, 30, ''),
(794, '2018-06-27', 201805, 1500, 0, 30, ''),
(795, '2018-06-27', 201805, 1500, 0, 30, ''),
(796, '2018-06-27', 201805, 1500, 0, 30, ''),
(797, '2018-06-27', 201805, 1500, 0, 30, ''),
(798, '2018-06-27', 201805, 1500, 0, 30, ''),
(799, '2018-06-27', 201805, 1500, 0, 30, ''),
(800, '2018-06-27', 201805, 1000, 0, 30, ''),
(802, '2018-06-27', 201805, 1500, 0, 30, ''),
(803, '2018-06-27', 201805, 1500, 0, 30, ''),
(804, '2018-06-27', 201805, 1000, 0, 30, ''),
(805, '2018-06-27', 201805, 1500, 0, 30, ''),
(806, '2018-06-27', 201805, 1500, 0, 30, ''),
(807, '2018-06-27', 201805, 600, 0, 30, ''),
(808, '2018-06-27', 201805, 1500, 0, 30, ''),
(809, '2018-06-27', 201805, 1500, 0, 30, ''),
(810, '2018-06-27', 201805, 1500, 0, 30, ''),
(811, '2018-06-27', 201805, 1500, 0, 30, ''),
(812, '2018-06-27', 201805, 1500, 0, 30, ''),
(813, '2018-06-27', 201805, 1500, 0, 30, ''),
(814, '2018-06-27', 201805, 1500, 0, 30, ''),
(815, '2018-06-27', 201805, 1500, 0, 30, ''),
(816, '2018-06-27', 201805, 1500, 0, 30, ''),
(817, '2018-06-27', 201805, 1500, 0, 30, ''),
(818, '2018-06-27', 201805, 1200, 0, 30, ''),
(819, '2018-06-27', 201805, 1500, 0, 30, '\r\n'),
(820, '2018-06-27', 201805, 1500, 0, 30, ''),
(821, '2018-06-27', 201805, 1500, 0, 30, ''),
(822, '2018-06-27', 201805, 400, 0, 30, ''),
(823, '2018-06-27', 201805, 800, 0, 30, ''),
(824, '2018-06-27', 201805, 400, 0, 30, ''),
(825, '2018-06-27', 201805, 400, 0, 30, ''),
(826, '2018-06-27', 201805, 400, 0, 30, ''),
(827, '2018-06-27', 201805, 1400, 0, 30, ''),
(828, '2018-06-27', 201805, 900, 0, 30, ''),
(829, '2018-06-27', 201805, 500, 0, 30, ''),
(830, '2018-06-27', 201805, 1500, 0, 30, ''),
(831, '2018-06-27', 201805, 600, 0, 30, ''),
(832, '2018-06-27', 201805, 650, 0, 30, ''),
(833, '2018-06-27', 201805, 1400, 0, 30, ''),
(834, '2018-06-27', 201805, 650, 0, 30, ''),
(835, '2018-06-27', 201805, 1500, 0, 30, ''),
(836, '2018-06-27', 201805, 900, 0, 30, ''),
(837, '2018-06-27', 201805, 750, 0, 30, ''),
(838, '2018-06-27', 201805, 950, 0, 30, ''),
(839, '2018-06-27', 201805, 800, 0, 30, ''),
(840, '2018-06-27', 201805, 1000, 0, 30, ''),
(841, '2018-06-27', 201805, 1200, 0, 30, ''),
(842, '2018-06-27', 201805, 1000, 0, 30, ''),
(843, '2018-06-27', 201805, 1200, 0, 30, ''),
(845, '2018-06-27', 201805, 1200, 0, 30, ''),
(848, '2018-06-27', 201805, 1000, 0, 30, ''),
(849, '2018-06-27', 201805, 1500, 0, 30, ''),
(850, '2018-06-27', 201805, 1200, 0, 30, ''),
(851, '2018-06-27', 201805, 1200, 0, 30, ''),
(852, '2018-06-27', 201805, 1200, 0, 30, ''),
(853, '2018-06-27', 201805, 1000, 0, 30, ''),
(854, '2018-06-27', 201805, 1200, 0, 30, ''),
(855, '2018-06-27', 201805, 900, 0, 30, ''),
(856, '2018-06-27', 201805, 1200, 0, 30, ''),
(857, '2018-06-27', 201805, 1500, 0, 30, ''),
(858, '2018-06-27', 201805, 1200, 0, 30, ''),
(859, '2018-06-27', 201805, 1200, 0, 30, ''),
(861, '2018-06-27', 201805, 1200, 0, 30, ''),
(862, '2018-06-27', 201805, 600, 0, 30, ''),
(863, '2018-06-27', 201805, 1200, 0, 30, ''),
(864, '2018-06-27', 201805, 950, 0, 30, ''),
(865, '2018-06-27', 201805, 1200, 0, 30, ''),
(866, '2018-06-27', 201805, 1500, 0, 30, ''),
(868, '2018-06-27', 201805, 1500, 0, 30, ''),
(869, '2018-06-27', 201805, 1500, 0, 30, ''),
(870, '2018-06-27', 201805, 1200, 0, 30, ''),
(871, '2018-06-27', 201805, 1300, 0, 30, ''),
(872, '2018-06-27', 201805, 1500, 0, 30, ''),
(874, '2018-06-27', 201805, 1500, 0, 30, ''),
(875, '2018-06-27', 201805, 1000, 0, 30, ''),
(876, '2018-06-27', 201805, 600, 0, 30, ''),
(877, '2018-06-27', 201805, 1300, 0, 30, ''),
(878, '2018-06-27', 201805, 1400, 0, 30, ''),
(881, '2018-06-27', 201805, 1200, 0, 30, ''),
(882, '2018-06-27', 201805, 1200, 0, 30, ''),
(885, '2018-06-27', 201805, 1400, 0, 30, ''),
(886, '2018-06-27', 201805, 1500, 0, 30, ''),
(887, '2018-06-27', 201805, 1000, 0, 30, ''),
(889, '2018-06-27', 201805, 700, 0, 30, ''),
(890, '2018-06-27', 201805, 700, 0, 30, ''),
(891, '2018-06-27', 201805, 700, 0, 30, ''),
(892, '2018-06-27', 201805, 1000, 0, 30, ''),
(894, '2018-06-27', 201805, 1000, 0, 30, ''),
(895, '2018-06-27', 201805, 700, 0, 30, ''),
(896, '2018-06-27', 201805, 1500, 0, 30, ''),
(897, '2018-06-27', 201805, 1000, 0, 30, ''),
(900, '2018-06-27', 201805, 1300, 0, 30, ''),
(901, '2018-06-27', 201805, 1000, 0, 30, ''),
(902, '2018-06-27', 201805, 1500, 0, 30, ''),
(903, '2018-06-27', 201805, 1000, 0, 30, ''),
(908, '2018-06-27', 201805, 1000, 0, 30, ''),
(910, '2018-06-27', 201805, 1000, 0, 30, ''),
(913, '2018-06-27', 201805, 800, 0, 30, ''),
(914, '2018-06-27', 201805, 1000, 0, 30, ''),
(915, '2018-06-27', 201805, 1000, 0, 30, ''),
(921, '2018-06-27', 201805, 950, 0, 30, ''),
(922, '2018-06-27', -201805, 1400, 0, 30, ''),
(923, '2018-06-27', 201805, 1500, 0, 30, ''),
(924, '2018-06-27', 201805, 1200, 0, 30, ''),
(925, '2018-06-27', 201805, 1200, 0, 30, ''),
(926, '2018-06-27', 201805, 700, 0, 30, ''),
(927, '2018-06-27', 201805, 1000, 0, 30, ''),
(928, '2018-06-27', 201805, 1300, 0, 30, ''),
(929, '2018-06-27', 201805, 1400, 0, 30, ''),
(930, '2018-06-27', 201805, 1400, 0, 30, ''),
(931, '2018-06-27', 201805, 1400, 0, 30, ''),
(932, '2018-06-27', 201805, 1300, 0, 30, ''),
(933, '2018-06-27', 201805, 1400, 0, 30, ''),
(934, '2018-06-27', 201805, 1400, 0, 30, ''),
(935, '2018-06-27', 201805, 600, 0, 30, ''),
(936, '2018-06-27', 201805, 1000, 0, 30, ''),
(937, '2018-06-27', 201805, 1400, 0, 30, ''),
(938, '2018-06-27', 201805, 1200, 0, 30, ''),
(939, '2018-06-27', 201805, 1100, 0, 30, ''),
(940, '2018-06-27', 201805, 1300, 0, 30, ''),
(941, '2018-06-27', 201805, 1400, 0, 30, ''),
(942, '2018-06-27', 201805, 1200, 0, 30, ''),
(943, '2018-06-27', 201805, 1400, 0, 30, ''),
(944, '2018-06-27', 201805, 800, 0, 30, ''),
(945, '2018-06-27', 201805, 1500, 0, 30, ''),
(946, '2018-06-27', 201805, 1400, 0, 30, ''),
(947, '2018-06-27', 201805, 700, 0, 30, ''),
(948, '2018-06-27', 201805, 1400, 0, 30, ''),
(949, '2018-06-27', 201805, 1400, 0, 30, ''),
(950, '2018-06-27', 201805, 1300, 0, 30, ''),
(951, '2018-06-27', 201805, 400, 0, 30, ''),
(952, '2018-06-27', 201805, 500, 0, 30, ''),
(953, '2018-06-27', 201805, 1000, 0, 30, ''),
(954, '2018-06-27', 201805, 700, 0, 30, ''),
(955, '2018-06-27', 201805, 700, 0, 30, ''),
(956, '2018-06-27', 201805, 1000, 0, 30, ''),
(957, '2018-06-27', 201805, 1500, 0, 30, ''),
(958, '2018-06-27', 201805, 1400, 0, 30, ''),
(959, '2018-06-27', 201805, 1300, 0, 30, ''),
(960, '2018-06-27', 201805, 1300, 0, 30, ''),
(961, '2018-06-27', 201805, 1400, 0, 30, ''),
(962, '2018-06-27', 201805, 1400, 0, 30, ''),
(963, '2018-06-27', 201805, 1500, 0, 30, ''),
(964, '2018-06-27', 201805, 1400, 0, 30, ''),
(965, '2018-06-27', 201805, 1300, 0, 30, ''),
(966, '2018-06-27', 201805, 1100, 0, 30, ''),
(967, '2018-06-27', 201805, 1400, 0, 30, ''),
(968, '2018-06-27', 201805, 1400, 0, 30, ''),
(969, '2018-06-27', 201805, 1300, 0, 30, ''),
(970, '2018-06-27', 201805, 1000, 0, 30, ''),
(971, '2018-06-27', 201805, 1400, 0, 30, ''),
(972, '2018-06-27', 201805, 1000, 0, 30, ''),
(973, '2018-06-27', 201805, 1200, 0, 30, ''),
(974, '2018-06-27', 201805, 1400, 0, 30, ''),
(975, '2018-06-27', 201805, 1300, 0, 30, ''),
(976, '2018-06-27', 201805, 1300, 0, 30, ''),
(977, '2018-06-27', 201805, 900, 0, 30, ''),
(978, '2018-06-27', 201805, 1300, 0, 30, ''),
(979, '2018-06-27', 201805, 1200, 0, 30, ''),
(980, '2018-06-27', 201805, 1400, 0, 30, ''),
(981, '2018-06-27', 201805, 1400, 0, 30, ''),
(982, '2018-06-27', 201805, 1500, 0, 30, ''),
(983, '2018-06-27', 201805, 1000, 0, 30, ''),
(984, '2018-06-27', 201805, 1400, 0, 30, ''),
(985, '2018-06-27', 201805, 1400, 0, 30, ''),
(986, '2018-06-27', 201805, 1000, 0, 30, ''),
(987, '2018-06-27', 201805, 700, 0, 30, ''),
(988, '2018-06-27', 201805, 900, 0, 30, ''),
(989, '2018-06-27', 201805, 700, 0, 30, ''),
(990, '2018-06-27', 201805, 900, 0, 30, ''),
(991, '2018-06-27', 201805, 800, 0, 30, ''),
(992, '2018-06-27', 201805, 700, 0, 30, ''),
(993, '2018-06-27', 201805, 350, 0, 30, ''),
(994, '2018-06-27', 201805, 1400, 0, 30, ''),
(995, '2018-06-27', 201805, 600, 0, 30, ''),
(996, '2018-06-27', 201805, 1000, 0, 30, ''),
(997, '2018-06-27', 201805, 1000, 0, 30, ''),
(998, '2018-06-27', 201805, 1400, 0, 30, ''),
(999, '2018-06-27', 201805, 1300, 0, 30, ''),
(1000, '2018-06-27', 201805, 1400, 0, 30, ''),
(1001, '2018-06-27', 201805, 1400, 0, 30, ''),
(1002, '2018-06-27', 201805, 600, 0, 30, ''),
(1003, '2018-06-27', 201805, 800, 0, 30, ''),
(1004, '2018-06-27', 201805, 1000, 0, 30, ''),
(1005, '2018-06-27', 201805, 500, 0, 30, ''),
(1006, '2018-06-27', 201805, 1400, 0, 30, ''),
(1007, '2018-06-27', 201805, 1200, 0, 30, ''),
(1008, '2018-06-27', 201805, 1000, 0, 30, ''),
(1009, '2018-06-27', 201805, 1200, 0, 30, ''),
(1010, '2018-06-27', 201805, 1400, 0, 30, ''),
(1011, '2018-06-27', 201805, 1000, 0, 30, ''),
(1012, '2018-06-27', 201805, 1200, 0, 30, ''),
(1013, '2018-06-27', 201805, 800, 0, 30, ''),
(1014, '2018-06-27', 201805, 950, 0, 30, ''),
(1015, '2018-06-27', 201805, 950, 0, 30, ''),
(1016, '2018-06-27', 201805, 1300, 0, 30, ''),
(1017, '2018-06-27', 201805, 700, 0, 30, ''),
(1018, '2018-06-27', 201805, 1100, 0, 30, ''),
(1019, '2018-06-27', 201805, 1000, 0, 30, ''),
(1020, '2018-06-27', 201805, 800, 0, 30, ''),
(1021, '2018-06-27', 201805, 600, 0, 30, ''),
(1022, '2018-06-27', 201805, 1000, 0, 30, ''),
(1024, '2018-06-27', 201805, 500, 0, 30, ''),
(1025, '2018-06-27', 201805, 950, 0, 30, ''),
(1026, '2018-06-27', 201805, 1200, 0, 30, ''),
(1027, '2018-06-27', 201805, 700, 0, 30, ''),
(1028, '2018-06-27', 201805, 700, 0, 30, ''),
(1029, '2018-06-27', 201805, 1400, 0, 30, ''),
(1030, '2018-06-27', 201805, 800, 0, 30, ''),
(1031, '2018-06-27', 201805, 1400, 0, 30, ''),
(1032, '2018-06-27', 201805, 1200, 0, 30, ''),
(1033, '2018-06-27', 201805, 800, 0, 30, ''),
(1034, '2018-06-27', 201805, 900, 0, 30, ''),
(1035, '2018-06-27', 201805, 1500, 0, 30, ''),
(1036, '2018-06-27', 201805, 1500, 0, 30, ''),
(1037, '2018-06-27', 201805, 1000, 0, 30, ''),
(1038, '2018-06-27', 201805, 1000, 0, 30, ''),
(1039, '2018-06-27', 201805, 1400, 0, 30, ''),
(1040, '2018-06-27', 201805, 1000, 0, 30, ''),
(1041, '2018-06-27', 201805, 1400, 0, 30, ''),
(1042, '2018-06-27', 201805, 1400, 0, 30, ''),
(1043, '2018-06-27', 201805, 1400, 0, 30, ''),
(1044, '2018-06-27', 201805, 1300, 0, 30, ''),
(1045, '2018-06-27', 201805, 1000, 0, 30, ''),
(1046, '2018-06-27', 201805, 1000, 0, 30, ''),
(1047, '2018-06-27', 201805, 600, 0, 30, ''),
(1048, '2018-06-27', 201805, 1300, 0, 30, ''),
(1049, '2018-06-27', 201805, 500, 0, 30, ''),
(1050, '2018-06-27', 201805, 900, 0, 30, ''),
(1051, '2018-06-27', 201805, 500, 0, 30, ''),
(1052, '2018-06-27', 201805, 1400, 0, 30, ''),
(1053, '2018-06-27', 201805, 700, 0, 30, ''),
(1054, '2018-06-27', 201805, 700, 0, 30, ''),
(1055, '2018-06-27', 201805, 600, 0, 30, ''),
(1056, '2018-06-27', 201805, 900, 0, 30, ''),
(1057, '2018-06-27', 201805, 700, 0, 30, ''),
(1058, '2018-06-27', 201805, 1400, 0, 30, ''),
(1059, '2018-06-27', 201805, 800, 0, 30, ''),
(1060, '2018-06-27', 201805, 1100, 0, 30, ''),
(1061, '2018-06-27', 201805, 600, 0, 30, ''),
(1062, '2018-06-27', 201805, 1000, 0, 30, ''),
(1064, '2018-06-27', 201805, 400, 0, 30, ''),
(1065, '2018-06-27', 201805, 1000, 0, 30, ''),
(1066, '2018-06-27', 201805, 700, 0, 30, ''),
(1067, '2018-06-27', 201805, 700, 0, 30, ''),
(1068, '2018-06-27', 201805, 700, 0, 30, ''),
(1069, '2018-06-27', 201805, 1200, 0, 30, ''),
(1070, '2018-06-27', 201805, 1000, 0, 30, ''),
(1071, '2018-06-27', 201805, 1500, 0, 30, ''),
(1072, '2018-06-27', 201805, 500, 0, 30, ''),
(1073, '2018-06-27', 201805, 500, 0, 30, ''),
(1074, '2018-06-27', 201805, 350, 0, 30, ''),
(1075, '2018-06-27', 201805, 1000, 0, 30, ''),
(1076, '2018-06-27', 201805, 900, 0, 30, ''),
(1077, '2018-06-27', 201805, 900, 0, 30, ''),
(1078, '2018-06-27', 201805, 700, 0, 30, ''),
(1079, '2018-06-27', 201805, 1500, 0, 30, ''),
(1080, '2018-06-27', 201805, 1500, 0, 30, ''),
(1081, '2018-06-27', 201805, 800, 0, 30, ''),
(1082, '2018-06-27', 201805, 1500, 0, 30, ''),
(1083, '2018-06-27', 201805, 650, 0, 30, ''),
(1084, '2018-06-27', 201805, 900, 0, 30, ''),
(1085, '2018-06-27', 201805, 700, 0, 30, ''),
(1086, '2018-06-27', 201805, 1000, 0, 30, ''),
(1087, '2018-06-27', 201805, 900, 0, 30, ''),
(1088, '2018-06-27', 201805, 1400, 0, 30, ''),
(1089, '2018-06-27', 201805, 800, 0, 30, ''),
(1090, '2018-06-27', 201805, 1000, 0, 30, ''),
(1091, '2018-06-27', 201805, 1000, 0, 30, ''),
(1092, '2018-06-27', 201805, 1200, 0, 30, ''),
(1093, '2018-06-27', 201805, 1000, 0, 30, ''),
(1095, '2018-06-28', 201805, 500, 0, 30, ''),
(1096, '2018-06-28', 201805, 500, 0, 30, ''),
(1098, '2018-06-28', 201805, 1400, 0, 30, ''),
(1101, '2018-06-28', 201805, 1200, 0, 30, ''),
(1104, '2018-06-28', 201805, 500, 0, 30, ''),
(1106, '2018-06-28', 201805, 500, 0, 30, ''),
(1107, '2018-06-27', 201805, 1000, 0, 30, ''),
(1108, '2018-06-28', 201805, 800, 0, 30, ''),
(1110, '2018-06-28', 201805, 1000, 0, 30, ''),
(1111, '2018-06-28', 201805, 1000, 0, 30, ''),
(1112, '2018-06-28', 201805, 1000, 0, 30, ''),
(1113, '2018-06-28', 201805, 1200, 0, 30, ''),
(1115, '2018-06-28', 201805, 1200, 0, 30, ''),
(1116, '2018-06-28', 201805, 1200, 0, 30, ''),
(1117, '2018-06-28', 201805, 1200, 0, 30, ''),
(1118, '2018-06-28', 201805, 1500, 0, 30, ''),
(1119, '2018-06-28', 201805, 1500, 0, 30, ''),
(1120, '2018-06-28', 201805, 1500, 0, 30, ''),
(1121, '2018-06-28', 201805, 1000, 0, 30, ''),
(1122, '2018-06-28', 201805, 1500, 0, 30, ''),
(1123, '2018-06-28', 201805, 1500, 0, 30, ''),
(1124, '2018-06-28', 201805, 1500, 0, 30, ''),
(1125, '2018-06-28', 201805, 1500, 0, 30, ''),
(1126, '2018-06-28', 201805, 1500, 0, 30, ''),
(1127, '2018-06-28', 201805, 1500, 0, 30, ''),
(1128, '2018-06-28', 201805, 1500, 0, 30, ''),
(1129, '2018-06-28', 201805, 1500, 0, 30, ''),
(1130, '2018-06-28', 201805, 1500, 0, 30, ''),
(1131, '2018-06-27', 201805, 1200, 0, 30, ''),
(1132, '2018-06-28', 201805, 1200, 0, 30, ''),
(1133, '2018-06-28', 201805, 1000, 0, 30, ''),
(1136, '2018-06-28', 201805, 700, 0, 30, ''),
(1138, '2018-06-28', 201805, 600, 0, 30, ''),
(1139, '2018-06-28', 201805, 600, 0, 30, ''),
(1140, '2018-06-28', 201805, 1200, 0, 30, ''),
(1141, '2018-06-28', 2015, 600, 0, 30, ''),
(1142, '2018-06-28', 201805, 600, 0, 30, ''),
(1144, '2018-06-28', 201805, 800, 0, 30, ''),
(1145, '2018-06-28', 201805, 1500, 0, 30, ''),
(1147, '2018-06-28', 201805, 300, 0, 30, ''),
(1148, '2018-06-28', 201805, 300, 0, 30, ''),
(1149, '2018-06-28', 201805, 300, 0, 30, ''),
(1150, '2018-06-28', 201805, 300, 0, 30, ''),
(1151, '2018-06-28', 201805, 800, 0, 30, ''),
(1152, '2018-06-28', 201805, 500, 0, 30, ''),
(1153, '2018-06-28', 201805, 1500, 0, 30, ''),
(1154, '2018-06-28', 201805, 800, 0, 30, ''),
(1155, '2018-06-28', 201805, 1200, 0, 30, ''),
(1156, '2018-06-28', 201805, 1000, 0, 30, ''),
(1157, '2018-06-28', 201805, 950, 0, 30, ''),
(1158, '2018-06-27', 201805, 1000, 0, 30, ''),
(1159, '2018-06-28', 201805, 1500, 0, 30, ''),
(1161, '2018-06-27', 201805, 1200, 0, 30, ''),
(1162, '2018-06-27', 201805, 1500, 0, 30, ''),
(1163, '2018-06-28', 201805, 750, 0, 30, ''),
(1164, '2018-06-28', 201805, 750, 0, 30, ''),
(1165, '2018-06-28', 201805, 750, 0, 30, ''),
(1166, '2018-06-27', 201805, 700, 0, 30, ''),
(1167, '2018-06-27', 201805, 1000, 0, 30, ''),
(1169, '2018-06-28', 201805, 750, 0, 30, ''),
(1170, '2018-06-28', 201805, 750, 0, 30, ''),
(1171, '2018-06-28', 201805, 750, 0, 30, ''),
(1172, '2018-06-28', 201805, 750, 0, 30, ''),
(1173, '2018-06-28', 201805, 750, 0, 30, ''),
(1175, '2018-06-28', 201805, 900, 0, 30, ''),
(1176, '2018-06-28', 201805, 900, 0, 30, ''),
(1179, '2018-06-28', 201805, 1000, 0, 30, ''),
(1180, '2018-06-28', 201805, 1500, 0, 30, ''),
(1181, '2018-06-27', 201805, 1500, 0, 30, ''),
(1182, '2018-06-28', 201805, 1000, 0, 30, ''),
(1183, '2018-06-27', 201805, 1200, 0, 30, ''),
(1184, '2018-06-28', 201805, 400, 0, 30, ''),
(1185, '2018-06-27', 201805, 1000, 0, 30, ''),
(1186, '2018-06-28', 201805, 400, 0, 30, ''),
(1187, '2018-06-28', 201805, 650, 0, 30, ''),
(1188, '2018-06-28', 201805, 650, 0, 30, ''),
(1190, '2018-06-27', 201805, 1200, 0, 30, ''),
(1191, '2018-06-28', 201805, 700, 0, 30, ''),
(1192, '2018-06-28', 201805, 900, 0, 30, ''),
(1193, '2018-06-28', 201805, 900, 0, 30, ''),
(1194, '2018-06-28', 201805, 900, 0, 30, ''),
(1195, '2018-06-27', 201805, 1200, 0, 30, ''),
(1196, '2018-06-28', 201805, 900, 0, 30, ''),
(1197, '2018-06-28', 201805, 1000, 0, 30, ''),
(1198, '2018-06-28', 201805, 1000, 0, 30, ''),
(1200, '2018-06-28', 201805, 1200, 0, 30, ''),
(1201, '2018-06-28', 201805, 1500, 0, 30, ''),
(1202, '2018-06-28', 201805, 1200, 0, 30, ''),
(1203, '2018-06-28', 201805, 1500, 0, 30, ''),
(1204, '2018-06-28', 201805, 1500, 0, 30, ''),
(1205, '2018-06-28', 201805, 1500, 0, 30, ''),
(1206, '2018-06-28', 201805, 1500, 0, 30, ''),
(1207, '2018-06-27', 201805, 1000, 0, 30, ''),
(1208, '2018-06-28', 201805, 1500, 0, 30, ''),
(1209, '2018-06-28', 201805, 1500, 0, 30, ''),
(1210, '2018-06-28', 201805, 1500, 0, 30, ''),
(1211, '2018-06-28', 201805, 1500, 0, 30, ''),
(1213, '2018-06-27', 201805, 600, 0, 30, ''),
(1214, '2018-06-27', 201805, 1000, 0, 30, ''),
(1215, '2018-06-27', 201805, 1200, 0, 30, ''),
(1216, '2018-06-27', 201805, 1200, 0, 30, ''),
(1217, '2018-06-28', 201805, 1000, 0, 30, ''),
(1218, '2018-06-27', 201805, 1000, 0, 30, ''),
(1219, '2018-06-28', 201805, 1200, 0, 30, ''),
(1220, '2018-06-28', 201805, 1200, 0, 30, ''),
(1221, '2018-06-28', 201805, 1200, 0, 30, ''),
(1222, '2018-06-27', 201805, 1200, 0, 30, ''),
(1223, '2018-06-28', 201805, 1200, 0, 30, ''),
(1224, '2018-06-28', 201805, 1200, 0, 30, ''),
(1225, '2018-06-28', 201805, 1200, 0, 30, ''),
(1226, '2018-06-28', 201805, 1200, 0, 30, ''),
(1227, '2018-06-27', 201805, 950, 0, 30, ''),
(1228, '2018-06-28', 201805, 1200, 0, 30, ''),
(1229, '2018-06-28', 201805, 1200, 0, 30, ''),
(1230, '2018-06-27', 201805, 1500, 0, 30, ''),
(1231, '2018-06-27', 201805, 1500, 0, 30, ''),
(1232, '2018-06-28', 201805, 600, 0, 30, ''),
(1233, '2018-06-28', 201805, 1000, 0, 30, ''),
(1234, '2018-06-28', 201805, 600, 0, 30, ''),
(1235, '2018-06-28', 201805, 600, 0, 30, ''),
(1236, '2018-06-27', 201805, 700, 0, 30, ''),
(1237, '2018-06-28', 201805, 600, 0, 30, ''),
(1238, '2018-06-28', 201805, 600, 0, 30, ''),
(1239, '2018-06-27', 201805, 700, 0, 30, ''),
(1240, '2018-06-28', 201805, 600, 0, 30, ''),
(1241, '2018-06-28', 201805, 600, 0, 30, ''),
(1242, '2018-06-28', 201805, 700, 0, 30, ''),
(1243, '2018-06-28', 201805, 700, 0, 30, ''),
(1244, '2018-06-28', 201805, 700, 0, 30, ''),
(1245, '2018-06-28', 201805, 700, 0, 30, ''),
(1246, '2018-06-28', 201805, 700, 0, 30, ''),
(1247, '2018-06-28', 201805, 700, 0, 30, ''),
(1248, '2018-06-28', 201805, 700, 0, 30, ''),
(1250, '2018-06-28', 201505, 1000, 0, 30, ''),
(1251, '2018-06-28', 201805, 1300, 0, 30, ''),
(1252, '2018-06-28', 201805, 1300, 0, 30, ''),
(1253, '2018-06-28', 201805, 1300, 0, 30, ''),
(1254, '2018-06-28', 201805, 1300, 0, 30, ''),
(1255, '2018-06-28', 201805, 1300, 0, 30, ''),
(1256, '2018-06-27', 201805, 1300, 0, 30, ''),
(1258, '2018-06-28', 201805, 1300, 0, 30, ''),
(1259, '2018-06-28', 201805, 1500, 0, 30, ''),
(1260, '2018-06-27', 201805, 900, 0, 30, ''),
(1261, '2018-06-28', 201805, 1500, 0, 30, ''),
(1262, '2018-06-27', 201805, 1000, 0, 30, ''),
(1263, '2018-06-28', 201805, 1300, 0, 30, ''),
(1264, '2018-06-27', 201805, 500, 0, 30, ''),
(1265, '2018-06-28', 201805, 700, 0, 30, ''),
(1266, '2018-06-28', 201805, 700, 0, 30, ''),
(1267, '2018-06-28', 201804, 1500, 0, 30, ''),
(1268, '2018-06-28', 201805, 1500, 0, 30, ''),
(1269, '2018-06-28', 201805, 1400, 0, 30, ''),
(1270, '2018-06-28', 201805, 350, 0, 30, ''),
(1271, '2018-06-27', 201805, 1400, 0, 30, ''),
(1272, '2018-06-27', 201805, 1400, 0, 30, ''),
(1273, '2018-06-27', 201805, 700, 0, 30, ''),
(1274, '2018-06-27', 201805, 400, 0, 30, ''),
(1275, '2018-06-29', 20185, 1200, 0, 30, ''),
(1277, '2018-06-27', 201805, 1000, 0, 30, ''),
(1278, '2018-06-29', 20180505, 900, 0, 30, ''),
(1279, '2018-06-29', 201805, 1200, 0, 30, ''),
(1280, '2018-06-29', 20185, 1200, 0, 30, ''),
(1282, '2018-06-27', 201805, 600, 0, 30, ''),
(1283, '2018-06-27', 201805, 1000, 0, 30, ''),
(1284, '2018-06-27', 201805, 800, 0, 30, ''),
(1285, '2018-06-27', 201805, 1500, 0, 30, ''),
(1289, '2018-07-02', 201805, 1000, 0, 30, ''),
(1290, '2018-07-02', 20180506, 1200, 0, 30, ''),
(1291, '2018-07-02', 201805, 1200, 0, 30, ''),
(1292, '2018-07-02', 201805, 800, 0, 30, ''),
(1297, '2018-07-03', 201805, 600, 0, 30, ''),
(1299, '2018-07-04', 201805, 800, 0, 30, ''),
(1300, '2018-07-04', 201805, 800, 0, 30, ''),
(1301, '2018-07-04', 201805, 700, 0, 30, ''),
(1303, '2018-07-04', 201805, 1000, 0, 30, ''),
(1304, '2018-07-05', 201805, 1000, 0, 30, ''),
(1305, '2018-07-23', 201805, 800, 0, 30, ''),
(1306, '2018-07-23', 201805, 800, 0, 30, ''),
(1307, '2018-07-23', 201805, 400, 0, 30, ''),
(1308, '2018-07-23', 201805, 750, 0, 30, ''),
(1309, '2018-06-26', 201805, 1300, 0, 30, ''),
(1311, '2018-07-24', 201806, 400, 0, 30, ''),
(1312, '2018-07-24', 201806, 400, 0, 30, ''),
(1313, '2018-07-24', 201806, 650, 0, 30, ''),
(1314, '2018-07-24', 201806, 650, 0, 30, ''),
(1316, '2018-07-24', 201806, 700, 0, 30, ''),
(1317, '2018-07-24', 201806, 900, 0, 30, ''),
(1318, '2018-07-24', 201806, 900, 0, 30, ''),
(1319, '2018-07-24', 201806, 900, 0, 30, ''),
(1320, '2018-07-24', 201806, 900, 0, 30, ''),
(1321, '2018-07-24', 201806, 1000, 0, 30, ''),
(1322, '2018-07-24', 201806, 1000, 0, 30, ''),
(1323, '2018-07-24', 201806, 1200, 0, 30, ''),
(1324, '2018-07-24', 201806, 1500, 0, 30, ''),
(1325, '2018-07-24', 201806, 1500, 0, 30, ''),
(1326, '2018-07-24', 201806, 1500, 0, 30, ''),
(1327, '2018-07-24', 201806, 1500, 0, 30, ''),
(1328, '2018-07-24', 201806, 1500, 0, 30, ''),
(1329, '2018-07-24', 201806, 1500, 0, 30, ''),
(1330, '2018-07-24', 201806, 1500, 0, 30, ''),
(1331, '2018-07-24', 201806, 1500, 0, 30, ''),
(1332, '2018-07-24', 201806, 1200, 0, 30, ''),
(1333, '2018-07-24', 201806, 1200, 0, 30, ''),
(1334, '2018-07-24', 201806, 400, 0, 30, ''),
(1335, '2018-07-24', 201806, 400, 0, 30, ''),
(1336, '2018-07-24', 201806, 400, 0, 30, ''),
(1337, '2018-07-24', 201806, 400, 0, 30, ''),
(1338, '2018-07-24', 201806, 500, 0, 30, ''),
(1339, '2018-07-24', 201806, 600, 0, 30, ''),
(1340, '2018-07-24', 201806, 650, 0, 30, ''),
(1341, '2018-07-24', 201806, 650, 0, 30, ''),
(1342, '2018-07-24', 201806, 750, 0, 30, ''),
(1343, '2018-07-24', 201806, 800, 0, 30, ''),
(1344, '2018-07-24', 201806, 1000, 0, 30, ''),
(1345, '2018-07-24', 201806, 1200, 0, 30, '');
INSERT INTO `cuota` (`cuota_id`, `fecha`, `periodo`, `monto`, `descuento`, `cantidad`, `detalle`) VALUES
(1346, '2018-07-24', 201806, 1200, 0, 30, ''),
(1347, '2018-07-24', 201806, 1200, 0, 30, ''),
(1348, '2018-07-24', 201806, 1200, 0, 30, ''),
(1349, '2018-07-24', 201806, 1200, 0, 30, ''),
(1350, '2018-07-24', 201806, 1200, 0, 30, ''),
(1351, '2018-07-24', 201806, 1200, 0, 30, ''),
(1352, '2018-07-24', 201806, 1200, 0, 30, ''),
(1353, '2018-07-24', 201806, 1200, 0, 30, ''),
(1354, '2018-07-24', 201806, 1200, 0, 30, ''),
(1355, '2018-07-24', 201806, 1500, 0, 30, ''),
(1356, '2018-07-24', 201806, 1500, 0, 30, ''),
(1357, '2018-07-24', 201806, 1500, 0, 30, ''),
(1358, '2018-07-24', 201806, 1500, 0, 30, ''),
(1359, '2018-07-24', 201806, 1500, 0, 30, ''),
(1360, '2018-07-24', 201806, 600, 0, 30, ''),
(1361, '2018-07-24', 201806, 600, 0, 30, ''),
(1362, '2018-07-24', 201806, 700, 0, 30, ''),
(1363, '2018-07-24', 201806, 750, 0, 30, ''),
(1364, '2018-07-24', 201806, 900, 0, 30, ''),
(1365, '2018-07-24', 201806, 900, 0, 30, ''),
(1366, '2018-07-24', 201806, 900, 0, 30, ''),
(1367, '2018-07-24', 201806, 900, 0, 30, ''),
(1368, '2018-07-24', 201806, 900, 0, 30, ''),
(1369, '2018-07-24', 201806, 1000, 0, 30, ''),
(1370, '2018-07-24', 201806, 1000, 0, 30, ''),
(1371, '2018-07-24', 201806, 1000, 0, 30, ''),
(1372, '2018-07-24', 201806, 1000, 0, 30, ''),
(1373, '2018-07-24', 201806, 1000, 0, 30, ''),
(1374, '2018-07-24', 201806, 1000, 0, 30, ''),
(1375, '2018-07-24', 201806, 1000, 0, 30, ''),
(1376, '2018-07-24', 201806, 1000, 0, 30, ''),
(1377, '2018-07-24', 201806, 1000, 0, 30, ''),
(1378, '2018-07-24', 201806, 1000, 0, 30, ''),
(1379, '2018-07-24', 201806, 1000, 0, 30, ''),
(1380, '2018-07-24', 201806, 1000, 0, 30, ''),
(1381, '2018-07-24', 201806, 1200, 0, 30, ''),
(1382, '2018-07-24', 201806, 1200, 0, 30, ''),
(1383, '2018-07-24', 201806, 1500, 0, 30, ''),
(1384, '2018-07-24', 201806, 1500, 0, 30, ''),
(1385, '2018-07-24', 201806, 1500, 0, 30, ''),
(1386, '2018-07-24', 201806, 1500, 0, 30, ''),
(1387, '2018-07-24', 201806, 1500, 0, 30, ''),
(1388, '2018-07-24', 201806, 1500, 0, 30, ''),
(1389, '2018-07-24', 201806, 1500, 0, 30, ''),
(1390, '2018-07-24', 201806, 1500, 0, 30, ''),
(1391, '2018-07-24', 201806, 1500, 0, 30, ''),
(1392, '2018-07-24', 201806, 1500, 0, 30, ''),
(1393, '2018-07-24', 201806, 1500, 0, 30, ''),
(1394, '2018-07-24', 201806, 1500, 0, 30, ''),
(1395, '2018-07-24', 201806, 1500, 0, 30, ''),
(1396, '2018-07-24', 201806, 1500, 0, 30, ''),
(1397, '2018-07-24', 201806, 1500, 0, 30, ''),
(1398, '2018-07-24', 201806, 1500, 0, 30, ''),
(1399, '2018-07-24', 201806, 1500, 0, 30, ''),
(1400, '2018-07-24', 201806, 1500, 0, 30, ''),
(1401, '2018-07-24', 201806, 1000, 0, 30, ''),
(1402, '2018-07-24', 201806, 1000, 0, 30, ''),
(1403, '2018-07-24', 201806, 1000, 0, 30, ''),
(1405, '2018-07-24', 201806, 1400, 0, 30, ''),
(1406, '2018-07-24', 201806, 1200, 0, 30, ''),
(1407, '2018-07-24', 201806, 1400, 0, 30, ''),
(1408, '2018-07-24', 201806, 1500, 0, 30, ''),
(1409, '2018-07-24', 201806, 1200, 0, 30, ''),
(1410, '2018-07-24', 201806, 1500, 0, 30, ''),
(1411, '2018-07-24', 201806, 950, 0, 30, ''),
(1412, '2018-07-24', 201806, 1000, 0, 30, ''),
(1414, '2018-07-24', 201806, 1500, 0, 30, ''),
(1417, '2018-07-24', 201806, 1200, 0, 30, ''),
(1418, '2018-07-24', 201806, 1000, 0, 30, ''),
(1419, '2018-07-24', 201806, 1200, 0, 30, ''),
(1423, '2018-07-24', 201806, 1000, 0, 30, ''),
(1424, '2018-07-24', 201806, 1000, 0, 30, ''),
(1425, '2018-07-24', 201806, 1000, 0, 30, ''),
(1426, '2018-07-24', 201806, 1300, 0, 30, ''),
(1427, '2018-07-24', 201806, 1500, 0, 30, ''),
(1428, '2018-07-24', 201806, 1300, 0, 30, ''),
(1429, '2018-07-24', 201806, 600, 0, 30, ''),
(1430, '2018-07-24', 201806, 1300, 0, 30, ''),
(1431, '2018-07-24', 201806, 1200, 0, 30, ''),
(1432, '2018-07-24', 201806, 1300, 0, 30, ''),
(1433, '2018-07-24', 201806, 1000, 0, 30, ''),
(1435, '2018-07-24', 201806, 1400, 0, 30, ''),
(1436, '2018-07-24', 201806, 800, 0, 30, ''),
(1437, '2018-07-24', 201806, 1200, 0, 30, ''),
(1438, '2018-07-24', 201806, 1000, 0, 30, ''),
(1439, '2018-07-24', 201806, 1000, 0, 30, ''),
(1440, '2018-07-24', 201806, 700, 0, 30, ''),
(1441, '2018-07-24', 201806, 700, 0, 30, ''),
(1442, '2018-07-24', 201806, 700, 0, 30, ''),
(1443, '2018-07-24', 201806, 700, 0, 30, ''),
(1444, '2018-07-24', 201806, 1500, 0, 30, ''),
(1445, '2018-07-24', 201806, 1500, 0, 30, ''),
(1446, '2018-07-24', 201806, 1000, 0, 30, ''),
(1447, '2018-07-24', 201806, 600, 0, 30, ''),
(1448, '2018-07-24', 201806, 1000, 0, 30, ''),
(1449, '2018-07-24', 201806, 1500, 0, 30, ''),
(1450, '2018-07-24', 201806, 1500, 0, 30, ''),
(1451, '2018-07-24', 201806, 1000, 0, 30, ''),
(1452, '2018-07-24', 201806, 1400, 0, 30, ''),
(1453, '2018-07-24', 201806, 1500, 0, 30, ''),
(1454, '2018-07-24', 201806, 1300, 0, 30, ''),
(1456, '2018-07-24', 201806, 1300, 0, 30, ''),
(1457, '2018-07-24', 201806, 1400, 0, 30, ''),
(1458, '2018-07-24', 201806, 1000, 0, 30, ''),
(1459, '2018-07-24', 201806, 950, 0, 30, ''),
(1460, '2018-07-24', 201806, 1500, 0, 30, ''),
(1462, '2018-07-24', 201806, 1200, 0, 30, ''),
(1463, '2018-07-24', 201806, 950, 0, 30, ''),
(1464, '2018-07-24', 201806, 1400, 0, 30, ''),
(1465, '2018-07-24', 201806, 1500, 0, 30, ''),
(1468, '2018-07-24', 201806, 1200, 0, 30, ''),
(1469, '2018-07-24', 201806, 1000, 0, 30, ''),
(1470, '2018-07-24', 201806, 1200, 0, 30, ''),
(1471, '2018-07-24', 201806, 1200, 0, 30, ''),
(1472, '2018-07-24', 201806, 1500, 0, 30, ''),
(1473, '2018-07-24', 201806, 1500, 0, 30, ''),
(1474, '2018-07-24', 201806, 1200, 0, 30, ''),
(1475, '2018-07-24', 201806, 1500, 0, 30, ''),
(1476, '2018-07-24', 201806, 600, 0, 30, ''),
(1477, '2018-07-24', 201806, 1400, 0, 30, ''),
(1478, '2018-07-24', 201806, 1200, 0, 30, ''),
(1479, '2018-07-24', 201806, 1000, 0, 30, ''),
(1480, '2018-07-24', 201806, 1000, 0, 30, ''),
(1481, '2018-07-24', 201806, 1500, 0, 30, ''),
(1482, '2018-07-25', 201806, 600, 0, 30, ''),
(1483, '2018-07-25', 201806, 600, 0, 30, ''),
(1484, '2018-07-25', 201806, 600, 0, 30, ''),
(1485, '2018-07-25', 201806, 600, 0, 30, ''),
(1486, '2018-07-25', 201806, 600, 0, 30, ''),
(1487, '2018-07-25', 201806, 600, 0, 30, ''),
(1488, '2018-07-25', 201806, 600, 0, 30, ''),
(1489, '2018-07-25', 201806, 600, 0, 30, ''),
(1490, '2018-07-25', 201806, 600, 0, 30, ''),
(1491, '2018-07-25', 201806, 600, 0, 30, ''),
(1492, '2018-07-25', 201806, 600, 0, 30, ''),
(1493, '2018-07-25', 201806, 600, 0, 30, ''),
(1494, '2018-07-25', 201806, 600, 0, 30, ''),
(1495, '2018-07-25', 201806, 800, 0, 30, ''),
(1496, '2018-07-25', 201806, 800, 0, 30, ''),
(1497, '2018-07-25', 201806, 800, 0, 30, ''),
(1498, '2018-07-25', 201806, 800, 0, 30, ''),
(1499, '2018-07-25', 201806, 1000, 0, 30, ''),
(1500, '2018-07-25', 201806, 1000, 0, 30, ''),
(1501, '2018-07-25', 201806, 1000, 0, 30, ''),
(1502, '2018-07-25', 201806, 1200, 0, 30, ''),
(1503, '2018-07-25', 201806, 1200, 0, 30, ''),
(1504, '2018-07-25', 201806, 1200, 0, 30, ''),
(1505, '2018-07-25', 201806, 1200, 0, 30, ''),
(1506, '2018-07-25', 201806, 1200, 0, 30, ''),
(1507, '2018-07-25', 201806, 1200, 0, 30, ''),
(1508, '2018-07-25', 201806, 1200, 0, 30, ''),
(1509, '2018-07-25', 201806, 1500, 0, 30, ''),
(1510, '2018-07-25', 201806, 1500, 0, 30, ''),
(1511, '2018-07-25', 201806, 1500, 0, 30, ''),
(1512, '2018-07-25', 201806, 1500, 0, 30, ''),
(1513, '2018-07-25', 201806, 1500, 0, 30, ''),
(1514, '2018-07-25', 201806, 1500, 0, 30, ''),
(1515, '2018-07-25', 201806, 1500, 0, 30, ''),
(1516, '2018-07-25', 201806, 1500, 0, 30, ''),
(1517, '2018-07-25', 201806, 1500, 0, 30, ''),
(1518, '2018-07-25', 201806, 1500, 0, 30, ''),
(1519, '2018-07-25', 201806, 1500, 0, 30, ''),
(1520, '2018-07-25', 201806, 1500, 0, 30, ''),
(1521, '2018-07-25', 201806, 1500, 0, 30, ''),
(1522, '2018-07-25', 201806, 1500, 0, 30, ''),
(1523, '2018-07-25', 201806, 1500, 0, 30, ''),
(1524, '2018-07-25', 201806, 1500, 0, 30, ''),
(1525, '2018-07-25', 201806, 1500, 0, 30, ''),
(1526, '2018-07-25', 201806, 1500, 0, 30, ''),
(1527, '2018-07-25', 201806, 1500, 0, 30, ''),
(1528, '2018-07-25', 201806, 1500, 0, 30, ''),
(1529, '2018-07-25', 201806, 1500, 0, 30, ''),
(1530, '2018-07-25', 201806, 1500, 0, 30, ''),
(1531, '2018-07-25', 201806, 1500, 0, 30, ''),
(1532, '2018-07-25', 201806, 1500, 0, 30, ''),
(1533, '2018-07-25', 201806, 1500, 0, 30, ''),
(1534, '2018-07-25', 201806, 1500, 0, 30, ''),
(1539, '2018-07-25', 201806, 900, 0, 30, ''),
(1543, '2018-07-25', 201806, 1000, 0, 30, ''),
(1544, '2018-07-25', 201806, 950, 0, 30, ''),
(1545, '2018-07-25', 201806, 1000, 0, 30, ''),
(1546, '2018-07-25', 201806, 900, 0, 30, ''),
(1547, '2018-07-25', 201806, 1000, 0, 30, ''),
(1548, '2018-07-25', 201806, 1200, 0, 30, ''),
(1549, '2018-07-25', 201806, 800, 0, 30, ''),
(1551, '2018-07-25', 201806, 1200, 0, 30, ''),
(1552, '2018-07-25', 201806, 1200, 0, 30, ''),
(1553, '2018-07-25', 201806, 1200, 0, 30, ''),
(1554, '2018-07-25', 201806, 1500, 0, 30, ''),
(1555, '2018-07-25', 201806, 1200, 0, 30, ''),
(1556, '2018-07-25', 201806, 1200, 0, 30, ''),
(1557, '2018-07-25', 201806, 1200, 0, 30, ''),
(1558, '2018-07-25', 201806, 1200, 0, 30, ''),
(1559, '2018-07-25', 201806, 1200, 0, 30, ''),
(1560, '2018-07-25', 201806, 1500, 0, 30, ''),
(1561, '2018-07-25', 201806, 1200, 0, 30, ''),
(1562, '2018-07-25', 201806, 1200, 0, 30, ''),
(1564, '2018-07-25', 201806, 500, 0, 30, ''),
(1565, '2018-07-25', 201806, 1500, 0, 30, ''),
(1566, '2018-07-25', 201806, 500, 0, 30, ''),
(1567, '2018-07-25', 201806, 500, 0, 30, ''),
(1568, '2018-07-25', 201806, 500, 0, 30, ''),
(1570, '2018-07-25', 201806, 1000, 0, 30, ''),
(1571, '2018-07-25', 201806, 1000, 0, 30, ''),
(1572, '2018-07-25', 201806, 1000, 0, 30, ''),
(1573, '2018-07-25', 201806, 1200, 0, 30, ''),
(1574, '2018-07-25', 201806, 1200, 0, 30, ''),
(1575, '2018-07-25', 201806, 1400, 0, 30, ''),
(1578, '2018-07-25', 201806, 1200, 0, 30, ''),
(1580, '2018-07-25', 201806, 1200, 0, 30, ''),
(1581, '2018-07-25', 201806, 1200, 0, 30, ''),
(1583, '2018-07-25', 201806, 1500, 0, 30, ''),
(1584, '2018-07-25', 201806, 1500, 0, 30, ''),
(1585, '2018-07-25', 201806, 1500, 0, 30, ''),
(1588, '2018-07-25', 201806, 1500, 0, 30, ''),
(1589, '2018-07-25', 201806, 1500, 0, 30, ''),
(1590, '2018-07-25', 201806, 1500, 0, 30, ''),
(1591, '2018-07-25', 201806, 1500, 0, 30, ''),
(1593, '2018-07-25', 201806, 1500, 0, 30, ''),
(1594, '2018-07-25', 201806, 900, 0, 30, ''),
(1595, '2018-07-25', 201806, 1500, 0, 30, ''),
(1597, '2018-07-25', 201806, 1500, 0, 30, ''),
(1598, '2018-07-25', 201806, 1500, 0, 30, ''),
(1604, '2018-07-25', 201806, 1200, 0, 30, ''),
(1605, '2018-07-25', 201806, 800, 0, 30, ''),
(1606, '2018-07-25', 201806, 1000, 0, 30, ''),
(1607, '2018-07-25', 201806, 800, 0, 30, ''),
(1610, '2018-07-25', 201806, 1200, 0, 30, ''),
(1611, '2018-07-25', 201806, 750, 0, 30, ''),
(1612, '2018-07-25', 201806, 750, 0, 30, ''),
(1613, '2018-07-25', 201806, 1200, 0, 30, ''),
(1614, '2018-07-25', 201806, 750, 0, 30, ''),
(1615, '2018-07-25', 201806, 750, 0, 30, ''),
(1617, '2018-07-25', 201806, 750, 0, 30, ''),
(1618, '2018-07-25', 201806, 750, 0, 30, ''),
(1619, '2018-07-25', 201806, 750, 0, 30, ''),
(1621, '2018-07-25', 201806, 1500, 0, 30, ''),
(1622, '2018-07-25', 201806, 1000, 0, 30, ''),
(1624, '2018-07-25', 201806, 750, 0, 30, ''),
(1625, '2018-07-25', 201806, 900, 0, 30, ''),
(1626, '2018-07-25', 201806, 1300, 0, 30, ''),
(1627, '2018-07-25', 201806, 900, 0, 30, ''),
(1628, '2018-07-25', 201806, 1200, 0, 30, ''),
(1629, '2018-07-25', 201806, 1000, 0, 30, ''),
(1630, '2018-07-25', 201806, 1500, 0, 30, ''),
(1631, '2018-07-25', 201806, 1000, 0, 30, ''),
(1632, '2018-07-25', 201806, 1000, 0, 30, ''),
(1636, '2018-07-25', 201806, 1000, 0, 30, ''),
(1637, '2018-07-25', 201806, 700, 0, 30, ''),
(1642, '2018-07-25', 201806, 1000, 0, 30, ''),
(1647, '2018-07-25', 201806, 950, 0, 30, ''),
(1649, '2018-07-25', 201806, 900, 0, 30, ''),
(1651, '2018-07-25', 201806, 1000, 0, 30, ''),
(1652, '2018-07-25', 201806, 1000, 0, 30, ''),
(1653, '2018-07-25', 201806, 600, 0, 30, ''),
(1654, '2018-07-25', 201806, 600, 0, 30, ''),
(1655, '2018-07-25', 201806, 1500, 0, 30, ''),
(1656, '2018-07-25', 201806, 600, 0, 30, ''),
(1657, '2018-07-25', 201806, 600, 0, 30, ''),
(1659, '2018-07-25', 201806, 1500, 0, 30, ''),
(1660, '2018-07-25', 201806, 800, 0, 30, ''),
(1661, '2018-07-25', 201806, 1500, 0, 30, ''),
(1662, '2018-07-25', 201806, 700, 0, 30, ''),
(1663, '2018-07-25', 201806, 900, 0, 30, ''),
(1664, '2018-07-25', 201806, 800, 0, 30, ''),
(1665, '2018-07-25', 201806, 1500, 0, 30, ''),
(1666, '2018-07-25', 201806, 1000, 0, 30, ''),
(1668, '2018-07-25', 201806, 300, 0, 30, ''),
(1669, '2018-07-25', 201806, 300, 0, 30, ''),
(1670, '2018-07-25', 201806, 300, 0, 30, ''),
(1671, '2018-07-25', 201806, 300, 0, 30, ''),
(1672, '2018-07-25', 201806, 900, 0, 30, ''),
(1673, '2018-07-25', 201806, 500, 0, 30, ''),
(1675, '2018-07-25', 201806, 1200, 0, 30, ''),
(1676, '2018-07-25', 201806, 1000, 0, 30, ''),
(1678, '2018-07-25', 201806, 800, 0, 30, ''),
(1680, '2018-07-25', 201806, 1500, 0, 30, ''),
(1681, '2018-07-25', 201806, 1000, 0, 30, ''),
(1685, '2018-07-25', 201806, 1300, 0, 30, ''),
(1687, '2018-07-25', 201806, 1400, 0, 30, ''),
(1689, '2018-07-25', 201806, 700, 0, 30, ''),
(1690, '2018-07-25', 201806, 700, 0, 30, ''),
(1691, '2018-07-25', 201806, 1000, 0, 30, ''),
(1692, '2018-07-25', 201806, 1300, 0, 30, ''),
(1693, '2018-07-25', 201806, 600, 0, 30, ''),
(1694, '2018-07-25', 201806, 600, 0, 30, ''),
(1695, '2018-07-25', 201806, 600, 0, 30, ''),
(1697, '2018-07-25', 201806, 1200, 0, 30, ''),
(1698, '2018-07-25', 201806, 600, 0, 30, ''),
(1699, '2018-07-25', 201806, 600, 0, 30, ''),
(1700, '2018-07-25', 201806, 400, 0, 30, ''),
(1701, '2018-07-25', 201806, 600, 0, 30, ''),
(1702, '2018-07-25', 201806, 1200, 0, 30, ''),
(1703, '2018-07-25', 201806, 600, 0, 30, ''),
(1704, '2018-07-25', 201806, 600, 0, 30, ''),
(1705, '2018-07-25', 201806, 1000, 0, 30, ''),
(1706, '2018-07-25', 201806, 700, 0, 30, ''),
(1707, '2018-07-25', 201806, 700, 0, 30, ''),
(1708, '2018-07-25', 201806, 1500, 0, 30, ''),
(1709, '2018-07-25', 201806, 700, 0, 30, ''),
(1710, '2018-07-25', 201806, 700, 0, 30, ''),
(1711, '2018-07-25', 201806, 1000, 0, 30, ''),
(1712, '2018-07-25', 201806, 700, 0, 30, ''),
(1713, '2018-07-25', 201806, 700, 0, 30, ''),
(1714, '2018-07-25', 201806, 700, 0, 30, ''),
(1716, '2018-07-25', 201806, 700, 0, 30, ''),
(1717, '2018-07-25', 201806, 1000, 0, 30, ''),
(1718, '2018-07-25', 201806, 1300, 0, 30, ''),
(1719, '2018-07-25', 201806, 1300, 0, 30, ''),
(1720, '2018-07-25', 201806, 1300, 0, 30, ''),
(1721, '2018-07-25', 201806, 700, 0, 30, ''),
(1722, '2018-07-25', 201806, 1300, 0, 30, ''),
(1725, '2018-07-25', 201806, 1300, 0, 30, ''),
(1726, '2018-07-25', 201806, 1500, 0, 30, ''),
(1727, '2018-07-25', 201806, 1500, 0, 30, ''),
(1728, '2018-07-25', 201806, 800, 0, 30, ''),
(1729, '2018-07-25', 201806, 1500, 0, 30, ''),
(1730, '2018-07-25', 201806, 500, 0, 30, ''),
(1732, '2018-07-25', 201806, 1400, 0, 30, ''),
(1733, '2018-07-25', 201806, 1400, 0, 30, ''),
(1734, '2018-07-25', 201806, 1400, 0, 30, ''),
(1735, '2018-07-25', 201806, 1400, 0, 30, ''),
(1736, '2018-07-25', 201806, 1100, 0, 30, ''),
(1737, '2018-07-25', 201806, 1400, 0, 30, ''),
(1738, '2018-07-25', 201806, 800, 0, 30, ''),
(1739, '2018-07-25', 201806, 1400, 0, 30, ''),
(1740, '2018-07-25', 201806, 1400, 0, 30, ''),
(1741, '2018-07-25', 201806, 1400, 0, 30, ''),
(1742, '2018-07-25', 201806, 600, 0, 30, ''),
(1743, '2018-07-25', 201806, 1000, 0, 30, ''),
(1744, '2018-07-25', 201806, 1400, 0, 30, ''),
(1745, '2018-07-25', 201806, 1400, 0, 30, ''),
(1746, '2018-07-25', 201806, 700, 0, 30, ''),
(1747, '2018-07-25', 201806, 1400, 0, 30, ''),
(1748, '2018-07-25', 201806, 1000, 0, 30, ''),
(1749, '2018-07-25', 201806, 800, 0, 30, ''),
(1750, '2018-07-25', 201806, 1200, 0, 30, ''),
(1751, '2018-07-25', 201806, 1300, 0, 30, ''),
(1752, '2018-07-25', 201806, 1200, 0, 30, ''),
(1753, '2018-07-25', 201806, 1300, 0, 30, ''),
(1754, '2018-07-25', 201806, 900, 0, 30, ''),
(1755, '2018-07-25', 201806, 800, 0, 30, ''),
(1756, '2018-07-25', 201806, 1400, 0, 30, ''),
(1757, '2018-07-25', 201806, 1000, 0, 30, ''),
(1758, '2018-07-25', 201806, 1000, 0, 30, ''),
(1759, '2018-07-25', 201806, 600, 0, 30, ''),
(1760, '2018-07-25', 201806, 1300, 0, 30, ''),
(1761, '2018-07-25', 201806, 1400, 0, 30, ''),
(1762, '2018-07-25', 201806, 1400, 0, 30, ''),
(1763, '2018-07-25', 201806, 1500, 0, 30, ''),
(1764, '2018-07-25', 201806, 1500, 0, 30, ''),
(1765, '2018-07-25', 201806, 1400, 0, 30, ''),
(1766, '2018-07-25', 201806, 1000, 0, 30, ''),
(1767, '2018-07-25', 201806, 750, 0, 30, ''),
(1768, '2018-07-25', 201806, 1000, 0, 30, ''),
(1769, '2018-07-25', 201806, 950, 0, 30, ''),
(1770, '2018-07-25', 201806, 1300, 0, 30, ''),
(1771, '2018-07-25', 201806, 1200, 0, 30, ''),
(1772, '2018-07-25', 201806, 1500, 0, 30, ''),
(1773, '2018-07-25', 201806, 1000, 0, 30, ''),
(1774, '2018-07-25', 201806, 1400, 0, 30, ''),
(1775, '2018-07-25', 201806, 1000, 0, 30, ''),
(1776, '2018-07-25', 201806, 1000, 0, 30, ''),
(1777, '2018-07-25', 201806, 1400, 0, 30, ''),
(1778, '2018-07-25', 201806, 1400, 0, 30, ''),
(1779, '2018-07-25', 201806, 1000, 0, 30, ''),
(1780, '2018-07-25', 201806, 1400, 0, 30, ''),
(1781, '2018-07-25', 201806, 1400, 0, 30, ''),
(1782, '2018-07-25', 201806, 1400, 0, 30, ''),
(1783, '2018-07-25', 201806, 600, 0, 30, ''),
(1784, '2018-07-25', 201806, 1400, 0, 30, ''),
(1785, '2018-07-25', 201806, 1000, 0, 30, ''),
(1786, '2018-07-25', 201806, 600, 0, 30, ''),
(1787, '2018-07-25', 201806, 1000, 0, 30, ''),
(1788, '2018-07-25', 201806, 1000, 0, 30, ''),
(1789, '2018-07-25', 201806, 600, 0, 30, ''),
(1790, '2018-07-25', 201806, 900, 0, 30, ''),
(1791, '2018-07-25', 201806, 350, 0, 30, ''),
(1792, '2018-07-25', 201806, 1000, 0, 30, ''),
(1793, '2018-07-25', 201806, 1300, 0, 30, ''),
(1794, '2018-07-25', 201806, 800, 0, 30, ''),
(1795, '2018-07-25', 201806, 700, 0, 30, ''),
(1796, '2018-07-25', 201806, 700, 0, 30, ''),
(1797, '2018-07-25', 201806, 700, 0, 30, ''),
(1798, '2018-07-25', 201806, 700, 0, 30, ''),
(1799, '2018-07-25', 201806, 700, 0, 30, ''),
(1800, '2018-07-25', 201806, 700, 0, 30, ''),
(1801, '2018-07-25', 201806, 1000, 0, 30, ''),
(1802, '2018-07-25', 201806, 900, 0, 30, ''),
(1803, '2018-07-25', 201806, 1500, 0, 30, ''),
(1804, '2018-07-25', 201806, 1400, 0, 30, ''),
(1805, '2018-07-25', 201806, 950, 0, 30, ''),
(1806, '2018-07-25', 201806, 900, 0, 30, ''),
(1807, '2018-07-25', 201806, 1000, 0, 30, ''),
(1808, '2018-07-25', 201806, 1400, 0, 30, ''),
(1809, '2018-07-25', 201806, 1300, 0, 30, ''),
(1810, '2018-07-25', 201806, 1200, 0, 30, ''),
(1811, '2018-07-25', 201806, 350, 0, 30, ''),
(1812, '2018-07-25', 201806, 1000, 0, 30, ''),
(1813, '2018-07-25', 201806, 1000, 0, 30, ''),
(1814, '2018-07-25', 201806, 800, 0, 30, ''),
(1815, '2018-07-25', 201806, 600, 0, 30, ''),
(1816, '2018-07-25', 201806, 1000, 0, 30, ''),
(1817, '2018-07-25', 201806, 1200, 0, 30, ''),
(1818, '2018-07-25', 201806, 1000, 0, 30, ''),
(1819, '2018-07-25', 201806, 1100, 0, 30, ''),
(1821, '2018-07-25', 201806, 900, 0, 30, ''),
(1822, '2018-07-25', 201806, 900, 0, 30, ''),
(1823, '2018-07-25', 201806, 700, 0, 30, ''),
(1824, '2018-07-25', 201806, 700, 0, 30, ''),
(1825, '2018-07-25', 201806, 700, 0, 30, ''),
(1826, '2018-07-25', 201806, 1400, 0, 30, ''),
(1827, '2018-07-25', 201806, 1200, 0, 30, ''),
(1828, '2018-07-25', 201806, 1000, 0, 30, ''),
(1829, '2018-07-25', 201806, 600, 0, 30, ''),
(1830, '2018-07-25', 201806, 900, 0, 30, ''),
(1831, '2018-07-25', 201806, 500, 0, 30, ''),
(1832, '2018-07-25', 201806, 1000, 0, 30, ''),
(1833, '2018-07-25', 201806, 1400, 0, 30, ''),
(1834, '2018-07-25', 201806, 500, 0, 30, ''),
(1835, '2018-07-25', 201806, 500, 0, 30, ''),
(1836, '2018-07-25', 201806, 400, 0, 30, ''),
(1837, '2018-07-25', 201806, 1500, 0, 30, ''),
(1838, '2018-07-25', 201806, 900, 0, 30, ''),
(1839, '2018-07-25', 201806, 1000, 0, 30, ''),
(1840, '2018-07-25', 201806, 1500, 0, 30, ''),
(1841, '2018-07-25', 201806, 1500, 0, 30, ''),
(1842, '2018-07-25', 201806, 1200, 0, 30, ''),
(1843, '2018-07-25', 201806, 800, 0, 30, ''),
(1844, '2018-07-25', 201806, 1100, 0, 30, ''),
(1845, '2018-07-25', 201806, 700, 0, 30, ''),
(1846, '2018-07-25', 201806, 700, 0, 30, ''),
(1847, '2018-07-25', 201806, 700, 0, 30, ''),
(1848, '2018-07-25', 201806, 700, 0, 30, ''),
(1849, '2018-07-25', 201806, 800, 0, 30, ''),
(1850, '2018-07-25', 201806, 700, 0, 30, ''),
(1851, '2018-07-25', 201806, 950, 0, 30, ''),
(1852, '2018-07-25', 201806, 1500, 0, 30, ''),
(1853, '2018-07-25', 201806, 700, 0, 30, ''),
(1854, '2018-07-25', 201806, 1300, 0, 30, ''),
(1855, '2018-07-25', 201806, 700, 0, 30, ''),
(1856, '2018-07-25', 201806, 1400, 0, 30, ''),
(1858, '2018-07-25', 201806, 1400, 0, 30, ''),
(1859, '2018-07-25', 201806, 1300, 0, 30, ''),
(1860, '2018-07-25', 201806, 1400, 0, 30, ''),
(1861, '2018-07-25', 201806, 1400, 0, 30, ''),
(1862, '2018-07-25', 201806, 500, 0, 30, ''),
(1863, '2018-07-25', 201806, 1500, 0, 30, ''),
(1864, '2018-07-25', 201806, 1400, 0, 30, ''),
(1865, '2018-07-25', 201806, 1300, 0, 30, ''),
(1866, '2018-07-25', 201806, 1000, 0, 30, ''),
(1867, '2018-07-25', 201806, 1400, 0, 30, ''),
(1868, '2018-07-25', 201806, 500, 0, 30, ''),
(1869, '2018-07-25', 201806, 500, 0, 30, ''),
(1870, '2018-07-25', 201806, 900, 0, 30, ''),
(1871, '2018-07-25', 201806, 1500, 0, 30, ''),
(1872, '2018-07-25', 201806, 1400, 0, 30, ''),
(1873, '2018-07-25', 201806, 1300, 0, 30, ''),
(1874, '2018-07-25', 201806, 800, 0, 30, ''),
(1875, '2018-07-25', 201806, 1400, 0, 30, ''),
(1876, '2018-07-25', 201806, 500, 0, 30, ''),
(1877, '2018-07-25', 201806, 1300, 0, 30, ''),
(1878, '2018-07-25', 201806, 400, 0, 30, ''),
(1879, '2018-07-25', 201806, 700, 0, 30, ''),
(1880, '2018-07-25', 201806, 900, 0, 30, ''),
(1881, '2018-07-25', 201806, 1200, 0, 30, ''),
(1882, '2018-07-25', 201806, 1000, 0, 30, ''),
(1883, '2018-07-25', 201806, 1400, 0, 30, ''),
(1884, '2018-07-25', 201806, 800, 0, 30, ''),
(1885, '2018-07-25', 201806, 1500, 0, 30, ''),
(1886, '2018-07-25', 201806, 1300, 0, 30, ''),
(1887, '2018-07-25', 201806, 1000, 0, 30, ''),
(1888, '2018-07-25', 201806, 650, 0, 30, ''),
(1889, '2018-07-25', 201806, 1500, 0, 30, ''),
(1890, '2018-07-25', 201806, 1400, 0, 30, ''),
(1891, '2018-07-25', 201806, 700, 0, 30, ''),
(1892, '2018-07-25', 201806, 350, 0, 30, ''),
(1893, '2018-07-25', 201806, 400, 0, 30, ''),
(1894, '2018-07-25', 201806, 1000, 0, 30, ''),
(1895, '2018-07-25', 201806, 800, 0, 30, ''),
(1896, '2018-07-25', 201806, 1000, 0, 30, ''),
(1897, '2018-07-25', 201806, 1300, 0, 30, ''),
(1898, '2018-07-25', 201806, 1400, 0, 30, ''),
(1899, '2018-07-25', 201806, 1400, 0, 30, ''),
(1900, '2018-07-25', 201806, 500, 0, 30, ''),
(1901, '2018-07-25', 201806, 800, 0, 30, ''),
(1902, '2018-07-25', 201806, 600, 0, 30, ''),
(1903, '2018-07-25', 201806, 500, 0, 30, ''),
(1904, '2018-07-25', 201806, 800, 0, 30, ''),
(1905, '2018-07-25', 201806, 800, 0, 30, ''),
(1906, '2018-07-25', 201806, 1100, 0, 30, ''),
(1907, '2018-07-25', 201806, 1200, 0, 30, ''),
(1908, '2018-07-25', 201806, 1200, 0, 30, ''),
(1909, '2018-07-25', 201806, 1200, 0, 30, ''),
(1910, '2018-07-25', 201806, 1300, 0, 30, ''),
(1911, '2018-07-25', 201806, 1300, 0, 30, ''),
(1912, '2018-07-25', 201806, 1500, 0, 30, ''),
(1913, '2018-07-25', 201806, 1000, 0, 30, ''),
(1914, '2018-07-25', 201806, 1000, 0, 30, ''),
(1916, '2018-07-26', 201806, 600, 0, 30, ''),
(1918, '2018-07-26', 201806, 800, 0, 30, ''),
(1920, '2018-07-26', 201806, 900, 0, 30, ''),
(1921, '2018-07-26', 201806, 1000, 0, 30, ''),
(1922, '2018-07-26', 201806, 1000, 0, 30, ''),
(1924, '2018-07-26', 201806, 400, 0, 30, ''),
(1925, '2018-07-26', 201806, 1200, 0, 30, ''),
(1927, '2018-07-26', 201806, 700, 0, 30, ''),
(1929, '2018-07-26', 201806, 1000, 0, 30, ''),
(1930, '2018-07-26', 201806, 1000, 0, 30, ''),
(1934, '2018-07-26', 201806, 1000, 0, 30, ''),
(1936, '2018-07-26', 201806, 1200, 0, 30, ''),
(1937, '2018-07-26', 201806, 1200, 0, 30, ''),
(1938, '2018-07-27', 201806, 1500, 0, 30, ''),
(1939, '2018-07-27', 201806, 1200, 0, 30, ''),
(1941, '2018-07-27', 201806, 1500, 0, 30, ''),
(1942, '2018-07-27', 201806, 1000, 0, 30, ''),
(1943, '2018-07-27', 201806, 1400, 0, 30, ''),
(1944, '2018-07-27', 201806, 1200, 0, 30, ''),
(1945, '2018-07-27', 201806, 1200, 0, 30, ''),
(1948, '2018-07-27', 201806, 1500, 0, 30, ''),
(1950, '2018-07-27', 201806, 1000, 0, 30, ''),
(1951, '2018-07-27', 201806, 1000, 0, 30, ''),
(1952, '2018-07-27', 201806, 800, 0, 30, ''),
(1953, '2018-07-27', 201806, 800, 0, 30, ''),
(1955, '2018-07-30', 201806, 800, 0, 30, ''),
(1956, '2018-07-30', 201806, 800, 0, 30, ''),
(1957, '2018-07-30', 201806, 1200, 0, 30, ''),
(1958, '2018-07-30', 201806, 1200, 0, 30, ''),
(1959, '2018-07-30', 201806, 1200, 0, 30, ''),
(1961, '2018-07-30', 201806, 1300, 0, 30, ''),
(1963, '2018-08-02', 201806, 1500, 0, 30, ''),
(1965, '2018-07-30', 201806, 1400, 0, 30, ''),
(1966, '2018-08-03', 201806, 700, 0, 30, ''),
(1967, '2018-08-06', 201806, 1200, 0, 30, ''),
(1968, '2018-08-06', 201806, 1000, 0, 30, ''),
(1969, '2018-08-07', 201806, 1200, 0, 30, ''),
(1970, '2018-08-07', 201806, 1000, 0, 30, ''),
(1971, '2018-08-10', 201806, 400, 0, 30, ''),
(1972, '2018-08-22', 201807, 400, 0, 30, ''),
(1973, '2018-08-22', 201807, 400, 0, 30, ''),
(1974, '2018-08-22', 201807, 650, 0, 30, ''),
(1975, '2018-08-22', 201807, 650, 0, 30, ''),
(1976, '2018-08-22', 201807, 700, 0, 30, ''),
(1977, '2018-08-22', 201807, 900, 0, 30, ''),
(1978, '2018-08-22', 201807, 900, 0, 30, ''),
(1979, '2018-08-22', 201807, 900, 0, 30, ''),
(1980, '2018-08-22', 201807, 900, 0, 30, ''),
(1981, '2018-08-22', 201807, 1000, 0, 30, ''),
(1982, '2018-08-22', 201807, 1000, 0, 30, ''),
(1983, '2018-08-22', 201807, 1000, 0, 30, ''),
(1985, '2018-08-22', 201807, 1000, 0, 30, ''),
(1986, '2018-08-22', 201807, 1200, 0, 30, ''),
(1987, '2018-08-22', 201807, 1500, 0, 30, ''),
(1988, '2018-08-22', 201807, 1500, 0, 30, ''),
(1989, '2018-08-22', 201807, 1500, 0, 30, ''),
(1990, '2018-08-22', 201807, 1500, 0, 30, ''),
(1991, '2018-08-22', 201807, 1500, 0, 30, ''),
(1992, '2018-08-22', 201807, 1500, 0, 30, ''),
(1993, '2018-08-22', 201807, 1500, 0, 30, ''),
(1994, '2018-08-22', 201807, 1500, 0, 30, ''),
(1995, '2018-08-22', 201807, 1500, 0, 30, ''),
(1998, '2018-08-22', 201807, 1000, 0, 30, ''),
(1999, '2018-08-22', 201807, 1400, 0, 30, ''),
(2000, '2018-08-22', 201807, 1200, 0, 30, ''),
(2001, '2018-08-22', 201807, 800, 0, 30, ''),
(2002, '2018-08-22', 201807, 900, 0, 30, ''),
(2003, '2018-08-22', 201807, 1500, 0, 30, ''),
(2005, '2018-08-22', 201807, 600, 0, 30, ''),
(2013, '2018-08-22', 201807, 1200, 0, 30, ''),
(2016, '2018-08-22', 201807, 900, 0, 30, ''),
(2017, '2018-08-22', 201807, 800, 0, 30, ''),
(2018, '2018-08-22', 201807, 1000, 0, 30, ''),
(2022, '2018-08-22', 201807, 1300, 0, 30, ''),
(2023, '2018-08-22', 201807, 1300, 0, 30, ''),
(2027, '2018-08-22', 201807, 1000, 0, 30, ''),
(2028, '2018-08-22', 201807, 1500, 0, 30, ''),
(2029, '2018-08-22', 201807, 1000, 0, 30, ''),
(2030, '2018-08-22', 201807, 1200, 0, 30, ''),
(2032, '2018-08-22', 201807, 900, 0, 30, ''),
(2035, '2018-08-22', 201807, 1300, 0, 30, ''),
(2037, '2018-08-22', 201807, 1200, 0, 30, ''),
(2039, '2018-08-22', 201807, 1000, 0, 30, ''),
(2041, '2018-08-22', 201807, 1000, 0, 30, ''),
(2043, '2018-08-22', 201807, 1000, 0, 30, ''),
(2047, '2018-08-22', 201807, 1500, 0, 30, ''),
(2049, '2018-08-22', 201807, 800, 0, 30, ''),
(2050, '2018-08-22', 201807, 1000, 0, 30, ''),
(2054, '2018-08-22', 201807, 1500, 0, 30, ''),
(2055, '2018-08-22', 201807, 1200, 0, 30, ''),
(2057, '2018-08-22', 201807, 1200, 0, 30, ''),
(2059, '2018-08-22', 201807, 1000, 0, 30, ''),
(2060, '2018-08-22', 201807, 1000, 0, 30, ''),
(2062, '2018-08-22', 201807, 600, 0, 30, ''),
(2064, '2018-08-22', 201807, 1400, 0, 30, ''),
(2065, '2018-08-22', 201807, 1500, 0, 30, ''),
(2066, '2018-08-22', 201807, 950, 0, 30, ''),
(2067, '2018-08-22', 201807, 1000, 0, 30, ''),
(2068, '2018-08-22', 201807, 800, 0, 30, ''),
(2069, '2018-08-22', 201807, 1000, 0, 30, ''),
(2070, '2018-08-22', 201807, 600, 0, 30, ''),
(2071, '2018-08-22', 201807, 1000, 0, 30, ''),
(2072, '2018-08-22', 201807, 700, 0, 30, ''),
(2073, '2018-08-22', 201807, 700, 0, 30, ''),
(2074, '2018-08-22', 201807, 700, 0, 30, ''),
(2075, '2018-08-22', 201807, 700, 0, 30, ''),
(2076, '2018-08-22', 201807, 1000, 0, 30, ''),
(2077, '2018-08-22', 201807, 1200, 0, 30, ''),
(2080, '2018-08-22', 201807, 1000, 0, 30, ''),
(2081, '2018-08-22', 201807, 1300, 0, 30, ''),
(2082, '2018-08-22', 201807, 700, 0, 30, ''),
(2083, '2018-08-22', 201807, 1400, 0, 30, ''),
(2084, '2018-08-22', 201807, 1000, 0, 30, ''),
(2085, '2018-08-22', 201807, 1000, 0, 30, ''),
(2086, '2018-08-22', 201807, 950, 0, 30, ''),
(2088, '2018-08-22', 201807, 1200, 0, 30, ''),
(2090, '2018-08-22', 201807, 800, 0, 30, ''),
(2092, '2018-08-22', 201807, 1000, 0, 30, ''),
(2093, '2018-08-22', 201807, 700, 0, 30, ''),
(2094, '2018-08-22', 201807, 950, 0, 30, ''),
(2096, '2018-08-22', 201807, 1200, 0, 30, ''),
(2097, '2018-08-22', 201807, 1500, 0, 30, ''),
(2098, '2018-08-22', 201807, 1000, 0, 30, ''),
(2103, '2018-08-22', 201807, 1200, 0, 30, ''),
(2104, '2018-08-22', 201807, 1200, 0, 30, ''),
(2105, '2018-08-22', 201807, 700, 0, 30, ''),
(2106, '2018-08-22', 201807, 1500, 0, 30, ''),
(2107, '2018-08-22', 201807, 1500, 0, 30, ''),
(2108, '2018-08-22', 201807, 600, 0, 30, ''),
(2109, '2018-08-22', 201807, 600, 0, 30, ''),
(2110, '2018-08-22', 201807, 600, 0, 30, ''),
(2111, '2018-08-22', 201807, 600, 0, 30, ''),
(2112, '2018-08-22', 201807, 600, 0, 30, ''),
(2113, '2018-08-22', 201807, 600, 0, 30, ''),
(2114, '2018-08-22', 201807, 600, 0, 30, ''),
(2115, '2018-08-22', 201807, 600, 0, 30, ''),
(2116, '2018-08-22', 201807, 600, 0, 30, ''),
(2117, '2018-08-22', 201807, 600, 0, 30, ''),
(2118, '2018-08-22', 201807, 600, 0, 30, ''),
(2119, '2018-08-22', 201807, 600, 0, 30, ''),
(2120, '2018-08-22', 201807, 600, 0, 30, ''),
(2121, '2018-08-22', 201807, 600, 0, 30, ''),
(2122, '2018-08-22', 201807, 800, 0, 30, ''),
(2123, '2018-08-22', 201807, 800, 0, 30, ''),
(2124, '2018-08-22', 201807, 800, 0, 30, ''),
(2125, '2018-08-22', 201807, 800, 0, 30, ''),
(2126, '2018-08-22', 201807, 1000, 0, 30, ''),
(2127, '2018-08-22', 201807, 1000, 0, 30, ''),
(2128, '2018-08-22', 201807, 1000, 0, 30, ''),
(2129, '2018-08-22', 201807, 1200, 0, 30, ''),
(2130, '2018-08-22', 201807, 1200, 0, 30, ''),
(2131, '2018-08-22', 201807, 1200, 0, 30, ''),
(2132, '2018-08-22', 201807, 1200, 0, 30, ''),
(2133, '2018-08-22', 201807, 1200, 0, 30, ''),
(2134, '2018-08-22', 201807, 1200, 0, 30, ''),
(2135, '2018-08-22', 201807, 1200, 0, 30, ''),
(2136, '2018-08-22', 201807, 1500, 0, 30, ''),
(2137, '2018-08-22', 201807, 1500, 0, 30, ''),
(2138, '2018-08-22', 201807, 1500, 0, 30, ''),
(2139, '2018-08-22', 201807, 1500, 0, 30, ''),
(2140, '2018-08-22', 201807, 1500, 0, 30, ''),
(2141, '2018-08-22', 201807, 1500, 0, 30, ''),
(2142, '2018-08-22', 201807, 1500, 0, 30, ''),
(2143, '2018-08-23', 201807, 1500, 0, 30, ''),
(2144, '2018-08-23', 201807, 1500, 0, 30, ''),
(2145, '2018-08-23', 201807, 1500, 0, 30, ''),
(2146, '2018-08-23', 201807, 1500, 0, 30, ''),
(2147, '2018-08-23', 201807, 1500, 0, 30, ''),
(2148, '2018-08-23', 201807, 1500, 0, 30, ''),
(2149, '2018-08-23', 201807, 1500, 0, 30, ''),
(2150, '2018-08-23', 201807, 1500, 0, 30, ''),
(2151, '2018-08-23', 201807, 1500, 0, 30, ''),
(2152, '2018-08-23', 201807, 1500, 0, 30, ''),
(2153, '2018-08-23', 201807, 1500, 0, 30, ''),
(2154, '2018-08-23', 201807, 1500, 0, 30, ''),
(2155, '2018-08-23', 201807, 1500, 0, 30, ''),
(2156, '2018-08-23', 201807, 1500, 0, 30, ''),
(2157, '2018-08-23', 201807, 1500, 0, 30, ''),
(2158, '2018-08-23', 201807, 1500, 0, 30, ''),
(2159, '2018-08-23', 201807, 1500, 0, 30, ''),
(2160, '2018-08-23', 201807, 1500, 0, 30, ''),
(2161, '2018-08-23', 201807, 1500, 0, 30, ''),
(2162, '2018-08-23', 201807, 600, 0, 30, ''),
(2163, '2018-08-23', 201807, 600, 0, 30, ''),
(2164, '2018-08-23', 201807, 700, 0, 30, ''),
(2165, '2018-08-23', 201807, 750, 0, 30, ''),
(2166, '2018-08-23', 201807, 900, 0, 30, ''),
(2167, '2018-08-23', 201807, 900, 0, 30, ''),
(2168, '2018-08-23', 201807, 900, 0, 30, ''),
(2169, '2018-08-23', 201807, 900, 0, 30, ''),
(2170, '2018-08-23', 201807, 900, 0, 30, ''),
(2171, '2018-08-23', 201807, 1000, 0, 30, ''),
(2172, '2018-08-23', 201807, 1000, 0, 30, ''),
(2173, '2018-08-23', 201807, 1000, 0, 30, ''),
(2174, '2018-08-23', 201807, 1000, 0, 30, ''),
(2175, '2018-08-23', 201807, 1000, 0, 30, ''),
(2176, '2018-08-23', 201807, 1000, 0, 30, ''),
(2177, '2018-08-23', 201807, 1000, 0, 30, ''),
(2178, '2018-08-23', 201807, 1000, 0, 30, ''),
(2179, '2018-08-23', 201807, 1000, 0, 30, ''),
(2180, '2018-08-23', 201807, 1000, 0, 30, ''),
(2181, '2018-08-23', 201807, 1000, 0, 30, ''),
(2182, '2018-08-23', 201807, 1000, 0, 30, ''),
(2183, '2018-08-23', 201807, 1200, 0, 30, ''),
(2184, '2018-08-23', 201807, 1500, 0, 30, ''),
(2185, '2018-08-23', 201807, 1500, 0, 30, ''),
(2186, '2018-08-23', 201807, 1500, 0, 30, ''),
(2187, '2018-08-23', 201807, 1500, 0, 30, ''),
(2188, '2018-08-23', 201807, 1500, 0, 30, ''),
(2189, '2018-08-23', 201807, 1500, 0, 30, ''),
(2190, '2018-08-23', 201807, 1500, 0, 30, ''),
(2191, '2018-08-23', 201807, 1500, 0, 30, ''),
(2192, '2018-08-23', 201807, 1500, 0, 30, ''),
(2193, '2018-08-23', 201807, 1500, 0, 30, ''),
(2194, '2018-08-23', 201807, 1500, 0, 30, ''),
(2195, '2018-08-23', 201807, 1500, 0, 30, ''),
(2196, '2018-08-23', 201807, 1500, 0, 30, ''),
(2197, '2018-08-23', 201807, 1500, 0, 30, ''),
(2198, '2018-08-23', 201807, 1500, 0, 30, ''),
(2199, '2018-08-23', 201807, 1500, 0, 30, ''),
(2200, '2018-08-23', 201807, 1500, 0, 30, ''),
(2201, '2018-08-23', 201807, 1500, 0, 30, ''),
(2203, '2018-08-23', 201807, 400, 0, 30, ''),
(2204, '2018-08-23', 201807, 400, 0, 30, ''),
(2205, '2018-08-23', 201807, 400, 0, 30, ''),
(2206, '2018-08-23', 201807, 500, 0, 30, ''),
(2207, '2018-08-23', 201807, 600, 0, 30, ''),
(2208, '2018-08-23', 201807, 650, 0, 30, ''),
(2209, '2018-08-23', 201807, 650, 0, 30, ''),
(2210, '2018-08-23', 201807, 750, 0, 30, ''),
(2211, '2018-08-23', 201807, 800, 0, 30, ''),
(2212, '2018-08-23', 201807, 800, 0, 30, ''),
(2213, '2018-08-23', 201807, 1000, 0, 30, ''),
(2214, '2018-08-23', 201807, 1200, 0, 30, ''),
(2215, '2018-08-23', 201807, 1200, 0, 30, ''),
(2216, '2018-08-23', 201807, 1200, 0, 30, ''),
(2217, '2018-08-23', 201807, 1200, 0, 30, ''),
(2218, '2018-08-23', 201807, 1200, 0, 30, ''),
(2219, '2018-08-23', 201807, 1200, 0, 30, ''),
(2220, '2018-08-23', 201807, 1200, 0, 30, ''),
(2221, '2018-08-23', 201807, 1200, 0, 30, ''),
(2222, '2018-08-23', 201807, 1200, 0, 30, ''),
(2223, '2018-08-23', 201807, 1200, 0, 30, ''),
(2224, '2018-08-23', 201807, 1200, 0, 30, ''),
(2225, '2018-08-23', 201807, 1200, 0, 30, ''),
(2226, '2018-08-23', 201807, 1500, 0, 30, ''),
(2227, '2018-08-23', 201807, 1500, 0, 30, ''),
(2228, '2018-08-23', 201807, 1500, 0, 30, ''),
(2229, '2018-08-23', 201807, 1500, 0, 30, ''),
(2230, '2018-08-23', 201807, 1500, 0, 30, ''),
(2231, '2018-08-23', 201807, 400, 0, 30, ''),
(2234, '2018-08-23', 201807, 1400, 0, 30, ''),
(2235, '2018-08-23', 201807, 1500, 0, 30, ''),
(2236, '2018-08-23', 201807, 1200, 0, 30, ''),
(2238, '2018-08-23', 201807, 1200, 0, 30, ''),
(2239, '2018-08-23', 201807, 1000, 0, 30, ''),
(2241, '2018-08-23', 201807, 1500, 0, 30, ''),
(2243, '2018-08-23', 201807, 1400, 0, 30, ''),
(2244, '2018-08-23', 201807, 950, 0, 30, ''),
(2246, '2018-08-23', 201807, 1300, 0, 30, ''),
(2247, '2018-08-23', 201807, 1400, 0, 30, ''),
(2248, '2018-08-23', 201807, 1200, 0, 30, ''),
(2249, '2018-08-23', 201807, 600, 0, 30, ''),
(2250, '2018-08-23', 201807, 600, 0, 30, ''),
(2251, '2018-08-23', 201807, 600, 0, 30, ''),
(2252, '2018-08-23', 201807, 600, 0, 30, ''),
(2253, '2018-08-23', 201807, 600, 0, 30, ''),
(2254, '2018-08-23', 201807, 1000, 0, 30, ''),
(2255, '2018-08-23', 201807, 600, 0, 30, ''),
(2256, '2018-08-23', 201807, 600, 0, 30, ''),
(2257, '2018-08-23', 201807, 600, 0, 30, ''),
(2258, '2018-08-23', 201807, 600, 0, 30, ''),
(2259, '2018-08-23', 201807, 1500, 0, 30, ''),
(2260, '2018-08-23', 201807, 600, 0, 30, ''),
(2261, '2018-08-23', 201807, 600, 0, 30, ''),
(2262, '2018-08-23', 201807, 800, 0, 30, ''),
(2263, '2018-08-23', 201807, 1500, 0, 30, ''),
(2264, '2018-08-23', 201807, 1500, 0, 30, ''),
(2265, '2018-08-23', 201807, 300, 0, 30, ''),
(2266, '2018-08-23', 201807, 300, 0, 30, ''),
(2267, '2018-08-23', 201807, 300, 0, 30, ''),
(2268, '2018-08-23', 201807, 1000, 0, 30, ''),
(2269, '2018-08-23', 201807, 300, 0, 30, ''),
(2270, '2018-08-23', 201807, 500, 0, 30, ''),
(2271, '2018-08-23', 201807, 600, 0, 30, ''),
(2272, '2018-08-23', 201807, 1000, 0, 30, ''),
(2273, '2018-08-23', 201807, 1300, 0, 30, ''),
(2274, '2018-08-23', 201807, 1200, 0, 30, ''),
(2275, '2018-08-23', 201807, 1000, 0, 30, ''),
(2276, '2018-08-23', 201807, 1400, 0, 30, ''),
(2277, '2018-08-23', 201807, 1000, 0, 30, ''),
(2278, '2018-08-23', 201807, 1000, 0, 30, ''),
(2279, '2018-08-23', 201807, 1200, 0, 30, ''),
(2280, '2018-08-23', 201807, 1200, 0, 30, ''),
(2281, '2018-08-23', 201807, 1200, 0, 30, ''),
(2282, '2018-08-23', 201807, 800, 0, 30, ''),
(2283, '2018-08-23', 201807, 1200, 0, 30, ''),
(2284, '2018-08-23', 201807, 1200, 0, 30, ''),
(2285, '2018-08-23', 201807, 1200, 0, 30, ''),
(2286, '2018-08-23', 201807, 900, 0, 30, ''),
(2287, '2018-08-23', 201807, 1200, 0, 30, ''),
(2288, '2018-08-23', 201807, 1200, 0, 30, ''),
(2289, '2018-08-23', 201807, 1200, 0, 30, ''),
(2290, '2018-08-23', 201807, 1200, 0, 30, ''),
(2291, '2018-08-23', 201807, 1200, 0, 30, ''),
(2292, '2018-08-23', 201807, 1500, 0, 30, ''),
(2293, '2018-08-23', 201807, 1200, 0, 30, ''),
(2294, '2018-08-23', 201807, 1200, 0, 30, ''),
(2295, '2018-08-23', 201807, 1500, 0, 30, ''),
(2296, '2018-08-23', 201807, 700, 0, 30, ''),
(2297, '2018-08-23', 201807, 1000, 0, 30, ''),
(2301, '2018-08-23', 201807, 1500, 0, 30, ''),
(2305, '2018-08-23', 201807, 500, 0, 30, ''),
(2307, '2018-08-23', 201807, 500, 0, 30, ''),
(2308, '2018-08-23', 201807, 600, 0, 30, ''),
(2309, '2018-08-23', 201807, 500, 0, 30, ''),
(2310, '2018-08-23', 201807, 500, 0, 30, ''),
(2311, '2018-08-23', 201807, 800, 0, 30, ''),
(2313, '2018-08-23', 201807, 800, 0, 30, ''),
(2314, '2018-08-23', 201807, 1000, 0, 30, ''),
(2315, '2018-08-23', 201807, 1000, 0, 30, ''),
(2316, '2018-08-23', 201807, 1200, 0, 30, ''),
(2317, '2018-08-23', 201807, 1200, 0, 30, ''),
(2318, '2018-08-23', 201807, 1200, 0, 30, ''),
(2319, '2018-08-23', 201807, 1000, 0, 30, ''),
(2320, '2018-08-23', 201807, 1200, 0, 30, ''),
(2321, '2018-08-23', 201807, 1500, 0, 30, ''),
(2322, '2018-08-23', 201807, 1500, 0, 30, ''),
(2323, '2018-08-23', 201807, 1500, 0, 30, ''),
(2324, '2018-08-23', 201807, 1500, 0, 30, ''),
(2325, '2018-08-23', 201807, 1500, 0, 30, ''),
(2326, '2018-08-23', 201807, 1500, 0, 30, ''),
(2327, '2018-08-23', 201807, 1500, 0, 30, ''),
(2328, '2018-08-23', 201807, 1500, 0, 30, ''),
(2329, '2018-08-23', 201807, 1500, 0, 30, ''),
(2330, '2018-08-23', 201807, 1500, 0, 30, ''),
(2331, '2018-08-23', 201807, 1500, 0, 30, ''),
(2333, '2018-08-23', 201807, 750, 0, 30, ''),
(2334, '2018-08-23', 201807, 750, 0, 30, ''),
(2335, '2018-08-23', 201807, 1500, 0, 30, ''),
(2336, '2018-08-23', 201807, 750, 0, 30, ''),
(2337, '2018-08-23', 201807, 750, 0, 30, ''),
(2338, '2018-08-23', 201807, 750, 0, 30, ''),
(2339, '2018-08-23', 201807, 1500, 0, 30, ''),
(2340, '2018-08-23', 201807, 750, 0, 30, ''),
(2341, '2018-08-23', 201807, 750, 0, 30, ''),
(2342, '2018-08-23', 201807, 900, 0, 30, ''),
(2343, '2018-08-23', 201807, 900, 0, 30, ''),
(2344, '2018-08-23', 201807, 1000, 0, 30, ''),
(2345, '2018-08-23', 201807, 1000, 0, 30, ''),
(2347, '2018-08-23', 201807, 1500, 0, 30, ''),
(2348, '2018-08-23', 201807, 1500, 0, 30, ''),
(2349, '2018-08-23', 201807, 1300, 0, 30, ''),
(2350, '2018-08-23', 201807, 1300, 0, 30, ''),
(2351, '2018-08-23', 201807, 1200, 0, 30, ''),
(2352, '2018-08-23', 201807, 1400, 0, 30, ''),
(2355, '2018-08-23', 201807, 1500, 0, 30, ''),
(2356, '2018-08-23', 201807, 700, 0, 30, ''),
(2357, '2018-08-23', 201807, 1000, 0, 30, ''),
(2358, '2018-08-23', 201807, 1000, 0, 30, ''),
(2359, '2018-08-23', 201807, 1500, 0, 30, ''),
(2360, '2018-08-23', 201807, 800, 0, 30, ''),
(2361, '2018-08-23', 201807, 1000, 0, 30, ''),
(2363, '2018-08-23', 201807, 1200, 0, 30, ''),
(2365, '2018-08-23', 201807, 1200, 0, 30, ''),
(2366, '2018-08-23', 201807, 1300, 0, 30, ''),
(2367, '2018-08-23', 201807, 1000, 0, 30, ''),
(2369, '2018-08-23', 201807, 1000, 0, 30, ''),
(2370, '2018-08-23', 201807, 1500, 0, 30, ''),
(2374, '2018-08-23', 201807, 1500, 0, 30, ''),
(2375, '2018-08-23', 201807, 1400, 0, 30, ''),
(2376, '2018-08-23', 201807, 1400, 0, 30, ''),
(2377, '2018-08-23', 201807, 1400, 0, 30, ''),
(2378, '2018-08-23', 201807, 1000, 0, 30, ''),
(2379, '2018-08-23', 201807, 1400, 0, 30, ''),
(2380, '2018-08-23', 201807, 500, 0, 30, ''),
(2381, '2018-08-23', 201807, 1100, 0, 30, ''),
(2382, '2018-08-23', 201807, 1200, 0, 30, ''),
(2383, '2018-08-23', 201807, 1400, 0, 30, ''),
(2384, '2018-08-23', 201807, 1000, 0, 30, ''),
(2385, '2018-08-23', 201807, 1400, 0, 30, ''),
(2386, '2018-08-23', 201807, 1400, 0, 30, ''),
(2387, '2018-08-23', 201807, 1300, 0, 30, ''),
(2388, '2018-08-23', 201807, 800, 0, 30, ''),
(2389, '2018-08-23', 201807, 1400, 0, 30, ''),
(2390, '2018-08-23', 201807, 700, 0, 30, ''),
(2391, '2018-08-23', 201807, 600, 0, 30, ''),
(2392, '2018-08-23', 201807, 1000, 0, 30, ''),
(2393, '2018-08-23', 201807, 1300, 0, 30, ''),
(2394, '2018-08-23', 201807, 1000, 0, 30, ''),
(2395, '2018-08-23', 201807, 1400, 0, 30, ''),
(2396, '2018-08-23', 201807, 1400, 0, 30, ''),
(2397, '2018-08-23', 201807, 600, 0, 30, ''),
(2398, '2018-08-23', 201807, 1400, 0, 30, ''),
(2399, '2018-08-23', 201807, 1300, 0, 30, ''),
(2400, '2018-08-23', 201807, 1500, 0, 30, ''),
(2401, '2018-08-23', 201807, 950, 0, 30, ''),
(2402, '2018-08-23', 201807, 1400, 0, 30, ''),
(2403, '2018-08-23', 201807, 1400, 0, 30, ''),
(2404, '2018-08-23', 201807, 1400, 0, 30, ''),
(2405, '2018-08-23', 201807, 1400, 0, 30, ''),
(2406, '2018-08-23', 201807, 1000, 0, 30, ''),
(2407, '2018-08-23', 201807, 1400, 0, 30, ''),
(2408, '2018-08-23', 201807, 700, 0, 30, ''),
(2409, '2018-08-23', 201807, 900, 0, 30, ''),
(2410, '2018-08-23', 201807, 900, 0, 30, ''),
(2411, '2018-08-23', 201807, 1000, 0, 30, ''),
(2412, '2018-08-23', 201807, 1000, 0, 30, ''),
(2413, '2018-08-23', 201807, 1500, 0, 30, ''),
(2414, '2018-08-23', 201807, 1400, 0, 30, ''),
(2415, '2018-08-23', 201807, 800, 0, 30, ''),
(2416, '2018-08-23', 201807, 1300, 0, 30, ''),
(2417, '2018-08-23', 201807, 1500, 0, 30, ''),
(2418, '2018-08-23', 201807, 1500, 0, 30, ''),
(2419, '2018-08-23', 201807, 1000, 0, 30, ''),
(2420, '2018-08-23', 201807, 1000, 0, 30, ''),
(2421, '2018-08-23', 201807, 1400, 0, 30, ''),
(2422, '2018-08-23', 201807, 1400, 0, 30, ''),
(2423, '2018-08-23', 201807, 1000, 0, 30, ''),
(2424, '2018-08-23', 201807, 1400, 0, 30, ''),
(2425, '2018-08-23', 201807, 1400, 0, 30, ''),
(2426, '2018-08-23', 201807, 700, 0, 30, ''),
(2427, '2018-08-23', 201807, 700, 0, 30, ''),
(2428, '2018-08-23', 201807, 900, 0, 30, ''),
(2429, '2018-08-23', 201807, 800, 0, 30, ''),
(2430, '2018-08-23', 201807, 1300, 0, 30, ''),
(2431, '2018-08-23', 201807, 1400, 0, 30, ''),
(2432, '2018-08-23', 201807, 1200, 0, 30, ''),
(2433, '2018-08-23', 201807, 1300, 0, 30, ''),
(2434, '2018-08-23', 201807, 900, 0, 30, ''),
(2435, '2018-08-23', 201807, 1200, 0, 30, ''),
(2436, '2018-08-23', 201807, 1500, 0, 30, ''),
(2437, '2018-08-23', 201807, 1300, 0, 30, ''),
(2438, '2018-08-23', 201807, 1300, 0, 30, ''),
(2439, '2018-08-23', 201807, 900, 0, 30, ''),
(2440, '2018-08-23', 201807, 900, 0, 30, ''),
(2441, '2018-08-23', 201807, 700, 0, 30, ''),
(2442, '2018-08-23', 201807, 1000, 0, 30, ''),
(2443, '2018-08-23', 201807, 500, 0, 30, ''),
(2444, '2018-08-23', 201807, 1100, 0, 30, ''),
(2445, '2018-08-23', 201807, 600, 0, 30, ''),
(2446, '2018-08-23', 201807, 1400, 0, 30, ''),
(2447, '2018-08-23', 201807, 1000, 0, 30, ''),
(2448, '2018-08-23', 201807, 1400, 0, 30, ''),
(2449, '2018-08-23', 201807, 700, 0, 30, ''),
(2450, '2018-08-23', 201807, 1100, 0, 30, ''),
(2451, '2018-08-23', 201807, 1300, 0, 30, ''),
(2452, '2018-08-23', 201807, 1400, 0, 30, ''),
(2453, '2018-08-23', 201807, 1200, 0, 30, ''),
(2454, '2018-08-23', 201807, 700, 0, 30, ''),
(2455, '2018-08-23', 201807, 700, 0, 30, ''),
(2456, '2018-08-23', 201807, 700, 0, 30, ''),
(2457, '2018-08-23', 201807, 1300, 0, 30, ''),
(2458, '2018-08-23', 201807, 1000, 0, 30, ''),
(2459, '2018-08-23', 201807, 1000, 0, 30, ''),
(2460, '2018-08-23', 201807, 600, 0, 30, ''),
(2461, '2018-08-23', 201807, 1000, 0, 30, ''),
(2462, '2018-08-23', 201807, 800, 0, 30, ''),
(2463, '2018-08-23', 201807, 800, 0, 30, ''),
(2464, '2018-08-23', 201807, 800, 0, 30, ''),
(2465, '2018-08-23', 201807, 600, 0, 30, ''),
(2466, '2018-08-23', 201807, 400, 0, 30, ''),
(2467, '2018-08-23', 201807, 1200, 0, 30, ''),
(2468, '2018-08-23', 201807, 1400, 0, 30, ''),
(2469, '2018-08-23', 201807, 600, 0, 30, ''),
(2470, '2018-08-23', 201807, 1400, 0, 30, ''),
(2471, '2018-08-23', 201807, 1400, 0, 30, ''),
(2472, '2018-08-23', 201807, 1400, 0, 30, ''),
(2473, '2018-08-23', 201807, 1400, 0, 30, ''),
(2474, '2018-08-23', 201807, 1000, 0, 30, ''),
(2475, '2018-08-23', 201807, 1400, 0, 30, ''),
(2476, '2018-08-23', 201807, 900, 0, 30, ''),
(2477, '2018-08-23', 201807, 750, 0, 30, ''),
(2478, '2018-08-23', 201807, 800, 0, 30, ''),
(2479, '2018-08-23', 201807, 1000, 0, 30, ''),
(2480, '2018-08-23', 201807, 1200, 0, 30, ''),
(2481, '2018-08-23', 201807, 1000, 0, 30, ''),
(2482, '2018-08-23', 201807, 700, 0, 30, ''),
(2483, '2018-08-23', 201807, 700, 0, 30, ''),
(2484, '2018-08-23', 201807, 500, 0, 30, ''),
(2485, '2018-08-23', 201807, 900, 0, 30, ''),
(2486, '2018-08-23', 201807, 500, 0, 30, ''),
(2487, '2018-08-23', 201807, 350, 0, 30, ''),
(2488, '2018-08-23', 201807, 1000, 0, 30, ''),
(2489, '2018-08-23', 201807, 1500, 0, 30, ''),
(2490, '2018-08-23', 201807, 700, 0, 30, ''),
(2491, '2018-08-23', 201807, 700, 0, 30, ''),
(2493, '2018-08-23', 201807, 1400, 0, 30, ''),
(2494, '2018-08-23', 201807, 1400, 0, 30, ''),
(2495, '2018-08-23', 201807, 800, 0, 30, ''),
(2496, '2018-08-23', 201807, 350, 0, 30, ''),
(2497, '2018-08-23', 201807, 900, 0, 30, ''),
(2498, '2018-08-23', 201807, 500, 0, 30, ''),
(2499, '2018-08-23', 201807, 1000, 0, 30, ''),
(2500, '2018-08-23', 201807, 600, 0, 30, ''),
(2501, '2018-08-23', 201807, 1300, 0, 30, ''),
(2502, '2018-08-23', 201807, 1400, 0, 30, ''),
(2503, '2018-08-23', 201807, 600, 0, 30, ''),
(2504, '2018-08-23', 201807, 1000, 0, 30, ''),
(2505, '2018-08-23', 201807, 1500, 0, 30, ''),
(2506, '2018-08-23', 201807, 1100, 0, 30, ''),
(2507, '2018-08-23', 201807, 1000, 0, 30, ''),
(2508, '2018-08-23', 201807, 1000, 0, 30, ''),
(2509, '2018-08-23', 201807, 700, 0, 30, ''),
(2510, '2018-08-23', 201807, 700, 0, 30, ''),
(2511, '2018-08-23', 201807, 700, 0, 30, ''),
(2512, '2018-08-23', 201807, 1400, 0, 30, ''),
(2513, '2018-08-23', 201807, 700, 0, 30, ''),
(2514, '2018-08-23', 201807, 1000, 0, 30, ''),
(2515, '2018-08-23', 201807, 800, 0, 30, ''),
(2516, '2018-08-23', 201807, 1200, 0, 30, ''),
(2517, '2018-08-23', 201807, 1000, 0, 30, ''),
(2518, '2018-08-23', 201807, 1000, 0, 30, ''),
(2519, '2018-08-23', 201807, 1000, 0, 30, ''),
(2520, '2018-08-23', 201807, 500, 0, 30, ''),
(2521, '2018-08-23', 201807, 1000, 0, 30, ''),
(2522, '2018-08-23', 201807, 1000, 0, 30, ''),
(2523, '2018-08-23', 201807, 500, 0, 30, ''),
(2524, '2018-08-23', 201807, 1500, 0, 30, ''),
(2525, '2018-08-23', 201807, 800, 0, 30, ''),
(2526, '2018-08-23', 201807, 1400, 0, 30, ''),
(2527, '2018-08-23', 201807, 1300, 0, 30, ''),
(2528, '2018-08-23', 201807, 700, 0, 30, ''),
(2529, '2018-08-23', 201807, 1500, 0, 30, ''),
(2530, '2018-08-23', 201807, 650, 0, 30, ''),
(2531, '2018-08-23', 201807, 800, 0, 30, ''),
(2532, '2018-08-23', 201807, 1000, 0, 30, ''),
(2533, '2018-08-23', 201807, 1500, 0, 30, ''),
(2534, '2018-08-23', 201807, 1300, 0, 30, ''),
(2535, '2018-08-23', 201807, 950, 0, 30, ''),
(2536, '2018-08-23', 201807, 1400, 0, 30, ''),
(2537, '2018-08-23', 201807, 950, 0, 30, ''),
(2538, '2018-08-23', 201807, 400, 0, 30, ''),
(2539, '2018-08-23', 201807, 1300, 0, 30, ''),
(2540, '2018-08-23', 201807, 400, 0, 30, ''),
(2541, '2018-08-23', 201807, 500, 0, 30, ''),
(2542, '2018-08-23', 201807, 800, 0, 30, ''),
(2543, '2018-08-23', 201807, 1300, 0, 30, ''),
(2544, '2018-08-23', 201807, 800, 0, 30, ''),
(2545, '2018-08-23', 201807, 700, 0, 30, ''),
(2546, '2018-08-23', 201807, 1000, 0, 30, ''),
(2547, '2018-08-23', 201807, 350, 0, 30, ''),
(2548, '2018-08-23', 201807, 700, 0, 30, ''),
(2549, '2018-08-23', 201807, 1400, 0, 30, ''),
(2550, '2018-08-23', 201807, 500, 0, 30, ''),
(2551, '2018-08-23', 201807, 1200, 0, 30, ''),
(2552, '2018-08-23', 201807, 900, 0, 30, ''),
(2553, '2018-08-23', 201807, 1000, 0, 30, ''),
(2554, '2018-08-23', 201807, 1200, 0, 30, ''),
(2555, '2018-08-23', 201807, 1500, 0, 30, ''),
(2556, '2018-08-23', 201807, 1500, 0, 30, ''),
(2557, '2018-08-23', 201807, 500, 0, 30, ''),
(2558, '2018-08-23', 201807, 1200, 0, 30, ''),
(2559, '2018-08-23', 201807, 1200, 0, 30, ''),
(2560, '2018-08-23', 201807, 1000, 0, 30, ''),
(2561, '2018-08-23', 201807, 400, 0, 30, ''),
(2562, '2018-08-23', 201807, 400, 0, 30, ''),
(2564, '2018-08-24', 201807, 1200, 0, 30, ''),
(2565, '2018-08-24', 201807, 1000, 0, 30, ''),
(2566, '2018-08-24', 201807, 800, 0, 30, ''),
(2568, '2018-08-24', 201807, 900, 0, 30, ''),
(2569, '2018-08-24', 201807, 400, 0, 30, ''),
(2572, '2018-08-24', 201807, 1000, 0, 30, ''),
(2574, '2018-08-24', 201807, 1200, 0, 30, ''),
(2575, '2018-08-24', 201807, 1500, 0, 30, ''),
(2577, '2018-08-24', 201807, 1500, 0, 30, ''),
(2578, '2018-08-24', 201807, 1200, 0, 30, ''),
(2579, '2018-08-24', 201807, 1200, 0, 30, ''),
(2580, '2018-08-24', 201807, 1000, 0, 30, ''),
(2582, '2018-08-24', 201807, 900, 0, 30, ''),
(2583, '2018-08-24', 201807, 1200, 0, 30, ''),
(2584, '2018-08-24', 201807, 1500, 0, 30, ''),
(2585, '2018-08-24', 201807, 900, 0, 30, ''),
(2586, '2018-08-24', 201807, 1000, 0, 30, ''),
(2588, '2018-08-24', 201807, 1000, 0, 30, ''),
(2589, '2018-08-24', 201807, 700, 0, 30, ''),
(2590, '2018-08-24', 201807, 700, 0, 30, ''),
(2591, '2018-08-24', 201807, 1300, 0, 30, ''),
(2595, '2018-08-24', 201807, 1500, 0, 30, ''),
(2596, '2018-08-24', 201807, 1200, 0, 30, ''),
(2597, '2018-08-27', 201807, 1000, 0, 30, ''),
(2598, '2018-08-27', 201807, 1500, 0, 30, ''),
(2599, '2018-08-27', 201807, 1000, 0, 30, ''),
(2600, '2018-08-27', 201807, 1200, 0, 30, ''),
(2601, '2018-08-27', 201807, 950, 0, 30, ''),
(2602, '2018-08-27', 201807, 1400, 0, 30, ''),
(2603, '2018-08-27', 201807, 500, 0, 30, ''),
(2605, '2018-08-27', 201807, 1000, 0, 30, ''),
(2606, '2018-08-27', 201807, 1000, 0, 30, ''),
(2607, '2018-08-28', 201807, 1000, 0, 30, ''),
(2608, '2018-08-28', 201807, 1200, 0, 30, ''),
(2609, '2018-08-29', 201807, 800, 0, 30, ''),
(2610, '2018-08-29', 201807, 1200, 0, 30, ''),
(2611, '2018-08-29', 201807, 400, 0, 30, ''),
(2612, '2018-08-29', 201807, 700, 0, 30, ''),
(2613, '2018-08-29', 201807, 1300, 0, 30, ''),
(2614, '2018-08-29', 201807, 1300, 0, 30, ''),
(2615, '2018-08-29', 201807, 1300, 0, 30, ''),
(2616, '2018-08-29', 201807, 1300, 0, 30, ''),
(2617, '2018-08-29', 201807, 700, 0, 30, ''),
(2618, '2018-08-29', 201807, 700, 0, 30, ''),
(2619, '2018-08-29', 201807, 1500, 0, 30, ''),
(2620, '2018-08-29', 201807, 1300, 0, 30, ''),
(2621, '2018-08-29', 201807, 700, 0, 30, ''),
(2622, '2018-08-29', 201807, 1000, 0, 30, ''),
(2623, '2018-08-29', 201807, 700, 0, 30, ''),
(2624, '2018-08-29', 201807, 1500, 0, 30, ''),
(2625, '2018-08-29', 201807, 600, 0, 30, ''),
(2626, '2018-08-29', 201807, 700, 0, 30, ''),
(2627, '2018-08-29', 201807, 700, 0, 30, ''),
(2628, '2018-08-29', 201807, 600, 0, 30, ''),
(2629, '2018-08-29', 201807, 600, 0, 30, ''),
(2630, '2018-08-29', 201807, 600, 0, 30, ''),
(2631, '2018-08-29', 201807, 600, 0, 30, ''),
(2632, '2018-08-29', 201807, 600, 0, 30, ''),
(2634, '2018-08-29', 201807, 1000, 0, 30, ''),
(2636, '2018-08-29', 201807, 1200, 0, 30, ''),
(2637, '2018-08-29', 201807, 600, 0, 30, '');
INSERT INTO `cuota` (`cuota_id`, `fecha`, `periodo`, `monto`, `descuento`, `cantidad`, `detalle`) VALUES
(2638, '2018-08-29', 201807, 1300, 0, 30, ''),
(2640, '2018-08-29', 201807, 1000, 0, 30, ''),
(2641, '2018-08-30', 201807, 800, 0, 30, ''),
(2643, '2018-08-30', 201807, 1200, 0, 30, ''),
(2644, '2018-08-30', 201807, 1000, 0, 30, ''),
(2646, '2018-08-31', 201807, 1200, 0, 30, ''),
(2647, '2018-09-03', 201807, 1000, 0, 30, ''),
(2650, '2018-09-05', 201807, 700, 0, 30, ''),
(2651, '2018-09-07', 201807, 1500, 0, 30, ''),
(2652, '2018-09-11', 201807, 400, 0, 30, ''),
(2653, '2018-09-24', 201808, 600, 0, 30, ''),
(2654, '2018-09-24', 201808, 600, 0, 30, ''),
(2655, '2018-09-24', 201808, 700, 0, 30, ''),
(2656, '2018-09-24', 201808, 750, 0, 30, ''),
(2657, '2018-09-24', 201808, 900, 0, 30, ''),
(2658, '2018-09-24', 201808, 900, 0, 30, ''),
(2659, '2018-09-24', 201808, 900, 0, 30, ''),
(2660, '2018-09-24', 201808, 900, 0, 30, ''),
(2661, '2018-09-24', 201808, 900, 0, 30, ''),
(2662, '2018-09-24', 201808, 1000, 0, 30, ''),
(2663, '2018-09-24', 201808, 1000, 0, 30, ''),
(2664, '2018-09-24', 201808, 1000, 0, 30, ''),
(2665, '2018-09-24', 201808, 1000, 0, 30, ''),
(2666, '2018-09-24', 201808, 1000, 0, 30, ''),
(2667, '2018-09-24', 201808, 1000, 0, 30, ''),
(2668, '2018-09-24', 201808, 1000, 0, 30, ''),
(2669, '2018-09-24', 201808, 1000, 0, 30, ''),
(2670, '2018-09-24', 201808, 1000, 0, 30, ''),
(2671, '2018-09-24', 201808, 1000, 0, 30, ''),
(2672, '2018-09-24', 201808, 1000, 0, 30, ''),
(2673, '2018-09-24', 201808, 1200, 0, 30, ''),
(2674, '2018-09-24', 201808, 1500, 0, 30, ''),
(2675, '2018-09-24', 201808, 1500, 0, 30, ''),
(2676, '2018-09-24', 201808, 1500, 0, 30, ''),
(2677, '2018-09-24', 201808, 1500, 0, 30, ''),
(2678, '2018-09-24', 201808, 1500, 0, 30, ''),
(2679, '2018-09-24', 201808, 1500, 0, 30, ''),
(2680, '2018-09-24', 201808, 1500, 0, 30, ''),
(2681, '2018-09-24', 201808, 1500, 0, 30, ''),
(2682, '2018-09-24', 201808, 1500, 0, 30, ''),
(2683, '2018-09-24', 201808, 1500, 0, 30, ''),
(2684, '2018-09-24', 201808, 1500, 0, 30, ''),
(2685, '2018-09-24', 201808, 1500, 0, 30, ''),
(2686, '2018-09-24', 201808, 1500, 0, 30, ''),
(2687, '2018-09-24', 201808, 1500, 0, 30, ''),
(2688, '2018-09-24', 201808, 1500, 0, 30, ''),
(2689, '2018-09-24', 201808, 1500, 0, 30, ''),
(2690, '2018-09-24', 201808, 1500, 0, 30, ''),
(2691, '2018-09-24', 201808, 1500, 0, 30, ''),
(2693, '2018-09-24', 201808, 1500, 0, 30, ''),
(2694, '2018-09-24', 201808, 1000, 0, 30, ''),
(2696, '2018-09-24', 201808, 1500, 0, 30, ''),
(2697, '2018-09-24', 201808, 950, 0, 30, ''),
(2698, '2018-09-24', 201808, 900, 0, 30, ''),
(2699, '2018-09-24', 201808, 1000, 0, 30, ''),
(2700, '2018-09-24', 201808, 900, 0, 30, ''),
(2701, '2018-09-24', 201808, 1500, 0, 30, ''),
(2703, '2018-09-24', 201808, 1000, 0, 30, ''),
(2704, '2018-09-24', 201808, 1000, 0, 30, ''),
(2705, '2018-09-24', 201808, 1000, 0, 30, ''),
(2707, '2018-09-24', 201808, 1200, 0, 30, ''),
(2714, '2018-09-24', 201808, 1000, 0, 30, ''),
(2715, '2018-09-24', 201808, 1000, 0, 30, ''),
(2727, '2018-09-24', 201808, 1500, 0, 30, ''),
(2728, '2018-09-24', 201808, 1500, 0, 30, ''),
(2729, '2018-09-24', 201808, 700, 0, 30, ''),
(2730, '2018-09-24', 201808, 700, 0, 30, ''),
(2731, '2018-09-24', 201808, 1200, 0, 30, ''),
(2733, '2018-09-24', 201808, 1000, 0, 30, ''),
(2743, '2018-09-24', 201808, 900, 0, 30, ''),
(2744, '2018-09-24', 201808, 1000, 0, 30, ''),
(2745, '2018-09-24', 201808, 1500, 0, 30, ''),
(2746, '2018-09-24', 201808, 1000, 0, 30, ''),
(2747, '2018-09-24', 201808, 1200, 0, 30, ''),
(2749, '2018-09-24', 201808, 1000, 0, 30, ''),
(2751, '2018-09-24', 201808, 950, 0, 30, ''),
(2752, '2018-09-24', 201808, 1200, 0, 30, ''),
(2753, '2018-09-24', 201808, 1000, 0, 30, ''),
(2756, '2018-09-24', 201808, 950, 0, 30, ''),
(2758, '2018-09-24', 201808, 1000, 0, 30, ''),
(2759, '2018-09-24', 201808, 1000, 0, 30, ''),
(2760, '2018-09-24', 201808, 1000, 0, 30, ''),
(2761, '2018-09-24', 201808, 1300, 0, 30, ''),
(2762, '2018-09-24', 201808, 1500, 0, 30, ''),
(2763, '2018-09-24', 201808, 800, 0, 30, ''),
(2765, '2018-09-24', 201808, 1500, 0, 30, ''),
(2766, '2018-09-24', 201808, 1000, 0, 30, ''),
(2767, '2018-09-24', 201808, 1400, 0, 30, ''),
(2768, '2018-09-24', 201808, 1500, 0, 30, ''),
(2769, '2018-09-24', 201808, 1300, 0, 30, ''),
(2770, '2018-09-24', 201808, 1000, 0, 30, ''),
(2771, '2018-09-24', 201808, 1500, 0, 30, ''),
(2772, '2018-09-24', 201808, 1000, 0, 30, ''),
(2773, '2018-09-24', 201808, 1200, 0, 30, ''),
(2774, '2018-09-24', 201808, 1300, 0, 30, ''),
(2777, '2018-09-24', 201808, 1500, 0, 30, ''),
(2778, '2018-09-24', 201808, 1500, 0, 30, ''),
(2781, '2018-09-24', 201808, 1500, 0, 30, ''),
(2782, '2018-09-25', 201808, 400, 0, 30, ''),
(2783, '2018-09-25', 201808, 400, 0, 30, ''),
(2784, '2018-09-25', 201808, 400, 0, 30, ''),
(2785, '2018-09-25', 201808, 400, 0, 30, ''),
(2786, '2018-09-25', 201808, 500, 0, 30, ''),
(2787, '2018-09-25', 201808, 600, 0, 30, ''),
(2788, '2018-09-25', 201808, 650, 0, 30, ''),
(2789, '2018-09-25', 201808, 650, 0, 30, ''),
(2790, '2018-09-25', 201808, 750, 0, 30, ''),
(2791, '2018-09-25', 201808, 800, 0, 30, ''),
(2792, '2018-09-25', 201808, 800, 0, 30, ''),
(2793, '2018-09-25', 201808, 1000, 0, 30, ''),
(2794, '2018-09-25', 201808, 1200, 0, 30, ''),
(2795, '2018-09-25', 201808, 1200, 0, 30, ''),
(2796, '2018-09-25', 201808, 1200, 0, 30, ''),
(2797, '2018-09-25', 201808, 1200, 0, 30, ''),
(2798, '2018-09-25', 201808, 1200, 0, 30, ''),
(2799, '2018-09-25', 201808, 1200, 0, 30, ''),
(2800, '2018-09-25', 201808, 1200, 0, 30, ''),
(2801, '2018-09-25', 201808, 1200, 0, 30, ''),
(2802, '2018-09-25', 201808, 1200, 0, 30, ''),
(2803, '2018-09-25', 201808, 1200, 0, 30, ''),
(2804, '2018-09-25', 201808, 1500, 0, 30, ''),
(2805, '2018-09-25', 201808, 1500, 0, 30, ''),
(2806, '2018-09-25', 201808, 1700, 0, 30, ''),
(2807, '2018-09-25', 201808, 1500, 0, 30, ''),
(2808, '2018-09-25', 201808, 1700, 0, 30, ''),
(2809, '2018-09-25', 201808, 1700, 0, 30, ''),
(2810, '2018-09-25', 201808, 1700, 0, 30, ''),
(2811, '2018-09-25', 201808, 1700, 0, 30, ''),
(2813, '2018-09-25', 201808, 600, 0, 30, ''),
(2815, '2018-09-25', 201808, 600, 0, 30, ''),
(2816, '2018-09-25', 201808, 600, 0, 30, ''),
(2817, '2018-09-25', 201808, 1500, 0, 30, ''),
(2818, '2018-09-25', 201808, 600, 0, 30, ''),
(2819, '2018-09-25', 201808, 600, 0, 30, ''),
(2820, '2018-09-25', 201808, 600, 0, 30, ''),
(2821, '2018-09-25', 201808, 600, 0, 30, ''),
(2822, '2018-09-25', 201808, 600, 0, 30, ''),
(2823, '2018-09-25', 201808, 600, 0, 30, ''),
(2824, '2018-09-25', 201808, 1000, 0, 30, ''),
(2825, '2018-09-25', 201808, 600, 0, 30, ''),
(2826, '2018-09-25', 201808, 600, 0, 30, ''),
(2827, '2018-09-25', 201808, 600, 0, 30, ''),
(2828, '2018-09-25', 201808, 600, 0, 30, ''),
(2829, '2018-09-25', 201808, 900, 0, 30, ''),
(2830, '2018-09-25', 201808, 600, 0, 30, ''),
(2831, '2018-09-25', 201808, 1500, 0, 30, ''),
(2833, '2018-09-25', 201808, 800, 0, 30, ''),
(2835, '2018-09-25', 201808, 800, 0, 30, ''),
(2836, '2018-09-25', 201808, 800, 0, 30, ''),
(2837, '2018-09-25', 201808, 800, 0, 30, ''),
(2838, '2018-09-25', 201808, 1400, 0, 30, ''),
(2839, '2018-09-25', 201808, 1200, 0, 30, ''),
(2840, '2018-09-25', 201808, 1200, 0, 30, ''),
(2841, '2018-09-25', 201808, 1200, 0, 30, ''),
(2842, '2018-09-25', 201808, 1200, 0, 30, ''),
(2843, '2018-09-25', 201808, 1200, 0, 30, ''),
(2844, '2018-09-25', 201808, 1200, 0, 30, ''),
(2845, '2018-09-25', 201808, 1200, 0, 30, ''),
(2846, '2018-09-25', 201808, 1200, 0, 30, ''),
(2847, '2018-09-25', 201808, 1500, 0, 30, ''),
(2849, '2018-09-25', 201808, 1500, 0, 30, ''),
(2851, '2018-09-25', 201808, 1200, 0, 30, ''),
(2852, '2018-09-25', 201808, 1500, 0, 30, ''),
(2853, '2018-09-25', 201808, 1500, 0, 30, ''),
(2854, '2018-09-25', 201808, 1500, 0, 30, ''),
(2855, '2018-09-25', 201808, 1500, 0, 30, ''),
(2856, '2018-09-25', 201808, 1700, 0, 30, ''),
(2857, '2018-09-25', 201808, 1200, 0, 30, ''),
(2858, '2018-09-25', 201808, 1700, 0, 30, ''),
(2859, '2018-09-25', 201808, 1700, 0, 30, ''),
(2860, '2018-09-25', 201808, 1700, 0, 30, ''),
(2861, '2018-09-25', 201808, 1700, 0, 30, ''),
(2863, '2018-09-25', 201808, 1200, 0, 30, ''),
(2864, '2018-09-25', 201808, 1700, 0, 30, ''),
(2865, '2018-09-25', 201808, 1700, 0, 30, ''),
(2866, '2018-09-25', 201808, 1700, 0, 30, ''),
(2867, '2018-09-25', 201808, 1700, 0, 30, ''),
(2869, '2018-09-25', 201808, 1700, 0, 30, ''),
(2870, '2018-09-25', 201808, 1700, 0, 30, ''),
(2871, '2018-09-25', 201808, 1700, 0, 30, ''),
(2872, '2018-09-25', 201808, 1500, 0, 30, ''),
(2873, '2018-09-25', 201808, 1700, 0, 30, ''),
(2874, '2018-09-25', 201808, 1700, 0, 30, ''),
(2875, '2018-09-25', 201808, 1700, 0, 30, ''),
(2876, '2018-09-25', 201808, 1700, 0, 30, ''),
(2877, '2018-09-25', 201808, 1700, 0, 30, ''),
(2878, '2018-09-25', 201808, 1700, 0, 30, ''),
(2879, '2018-09-25', 201808, 1200, 0, 30, ''),
(2880, '2018-09-25', 201808, 1700, 0, 30, ''),
(2881, '2018-09-25', 201808, 1700, 0, 30, ''),
(2882, '2018-09-25', 201808, 1700, 0, 30, ''),
(2883, '2018-09-25', 201808, 1700, 0, 30, ''),
(2884, '2018-09-25', 201808, 1700, 0, 30, ''),
(2885, '2018-09-25', 201808, 1500, 0, 30, ''),
(2886, '2018-09-25', 201808, 1000, 0, 30, ''),
(2887, '2018-09-25', 201808, 400, 0, 30, ''),
(2889, '2018-09-25', 201808, 800, 0, 30, ''),
(2890, '2018-09-25', 201808, 1200, 0, 30, ''),
(2891, '2018-09-25', 201808, 1400, 0, 30, ''),
(2892, '2018-09-25', 201808, 1000, 0, 30, ''),
(2893, '2018-09-25', 201808, 1000, 0, 30, ''),
(2894, '2018-09-25', 201808, 1000, 0, 30, ''),
(2895, '2018-09-25', 201808, 1000, 0, 30, ''),
(2896, '2018-09-25', 201808, 1000, 0, 30, ''),
(2897, '2018-09-25', 201808, 1200, 0, 30, ''),
(2898, '2018-09-25', 201808, 1500, 0, 30, ''),
(2899, '2018-09-25', 201808, 1200, 0, 30, ''),
(2901, '2018-09-25', 201808, 1200, 0, 30, ''),
(2902, '2018-09-25', 201808, 1200, 0, 30, ''),
(2904, '2018-09-25', 201808, 600, 0, 30, ''),
(2905, '2018-09-25', 201808, 1500, 0, 30, ''),
(2906, '2018-09-25', 201808, 1200, 0, 30, ''),
(2907, '2018-09-25', 201808, 1200, 0, 30, ''),
(2908, '2018-09-25', 201808, 1200, 0, 30, ''),
(2910, '2018-09-25', 201808, 1200, 0, 30, ''),
(2911, '2018-09-25', 201808, 1200, 0, 30, ''),
(2912, '2018-09-25', 201808, 1200, 0, 30, ''),
(2913, '2018-09-25', 201808, 1200, 0, 30, ''),
(2914, '2018-09-25', 201808, 1200, 0, 30, ''),
(2915, '2018-09-25', 201808, 1200, 0, 30, ''),
(2916, '2018-09-25', 201808, 1000, 0, 30, ''),
(2917, '2018-09-25', 201808, 800, 0, 30, ''),
(2918, '2018-09-25', 201808, 950, 0, 30, ''),
(2919, '2018-09-25', 201808, 1000, 0, 30, ''),
(2920, '2018-09-25', 201808, 1500, 0, 30, ''),
(2921, '2018-09-25', 201808, 1200, 0, 30, ''),
(2922, '2018-09-25', 201808, 1400, 0, 30, ''),
(2923, '2018-09-25', 201808, 600, 0, 30, ''),
(2924, '2018-09-25', 201808, 600, 0, 30, ''),
(2925, '2018-09-25', 201808, 1200, 0, 30, ''),
(2926, '2018-09-25', 201808, 600, 0, 30, ''),
(2927, '2018-09-25', 201808, 600, 0, 30, ''),
(2929, '2018-09-25', 201808, 1500, 0, 30, ''),
(2931, '2018-09-25', 201808, 1000, 0, 30, ''),
(2932, '2018-09-25', 201808, 1200, 0, 30, ''),
(2933, '2018-09-25', 201808, 1400, 0, 30, ''),
(2934, '2018-09-25', 201808, 600, 0, 30, ''),
(2935, '2018-09-25', 201808, 600, 0, 30, ''),
(2936, '2018-09-25', 201808, 1500, 0, 30, ''),
(2937, '2018-09-25', 201808, 1000, 0, 30, ''),
(2938, '2018-09-25', 201808, 600, 0, 30, ''),
(2939, '2018-09-25', 201808, 700, 0, 30, ''),
(2940, '2018-09-25', 201808, 1300, 0, 30, ''),
(2941, '2018-09-25', 201808, 700, 0, 30, ''),
(2942, '2018-09-25', 201808, 700, 0, 30, ''),
(2943, '2018-09-25', 201808, 1000, 0, 30, ''),
(2944, '2018-09-25', 201808, 700, 0, 30, ''),
(2945, '2018-09-25', 201808, 700, 0, 30, ''),
(2946, '2018-09-25', 201808, 1300, 0, 30, ''),
(2947, '2018-09-25', 201808, 1300, 0, 30, ''),
(2948, '2018-09-25', 201808, 1300, 0, 30, ''),
(2949, '2018-09-25', 201808, 700, 0, 30, ''),
(2950, '2018-09-25', 201808, 700, 0, 30, ''),
(2952, '2018-09-25', 201808, 1000, 0, 30, ''),
(2953, '2018-09-25', 201808, 1300, 0, 30, ''),
(2954, '2018-09-25', 201808, 1300, 0, 30, ''),
(2955, '2018-09-25', 201808, 1300, 0, 30, ''),
(2956, '2018-09-25', 201808, 1300, 0, 30, ''),
(2957, '2018-09-25', 201808, 1300, 0, 30, ''),
(2959, '2018-09-25', 201808, 1000, 0, 30, ''),
(2960, '2018-09-25', 201808, 1300, 0, 30, ''),
(2961, '2018-09-25', 201808, 1500, 0, 30, ''),
(2962, '2018-09-25', 201808, 1500, 0, 30, ''),
(2963, '2018-09-25', 201808, 1500, 0, 30, ''),
(2964, '2018-09-25', 201808, 700, 0, 30, ''),
(2966, '2018-09-25', 201808, 1500, 0, 30, ''),
(2967, '2018-09-25', 201808, 1500, 0, 30, ''),
(2968, '2018-09-25', 201808, 1200, 0, 30, ''),
(2970, '2018-09-25', 201808, 1500, 0, 30, ''),
(2973, '2018-09-25', 201808, 1500, 0, 30, ''),
(2975, '2018-09-25', 201808, 1200, 0, 30, ''),
(2978, '2018-09-25', 201808, 1000, 0, 30, ''),
(2979, '2018-09-25', 201808, 1000, 0, 30, ''),
(2981, '2018-09-25', 201808, 1000, 0, 30, ''),
(2983, '2018-09-25', 201808, 1200, 0, 30, ''),
(2984, '2018-09-25', 201808, 900, 0, 30, ''),
(2985, '2018-09-25', 201808, 1700, 0, 30, ''),
(2988, '2018-09-25', 201808, 700, 0, 30, ''),
(2989, '2018-09-25', 201808, 1300, 0, 30, ''),
(2993, '2018-09-25', 201808, 1000, 0, 30, ''),
(2994, '2018-09-25', 201808, 800, 0, 30, ''),
(2997, '2018-09-25', 201808, 1500, 0, 30, ''),
(2999, '2018-09-25', 201808, 1200, 0, 30, ''),
(3002, '2018-09-25', 201808, 800, 0, 30, ''),
(3003, '2018-09-25', 201808, 1200, 0, 30, ''),
(3005, '2018-09-25', 201808, 1300, 0, 30, ''),
(3006, '2018-09-25', 201808, 1200, 0, 30, ''),
(3007, '2018-09-25', 201808, 1000, 0, 30, ''),
(3008, '2018-09-25', 201808, 700, 0, 30, ''),
(3009, '2018-09-25', 201808, 700, 0, 30, ''),
(3010, '2018-09-25', 201808, 700, 0, 30, ''),
(3011, '2018-09-25', 201808, 700, 0, 30, ''),
(3013, '2018-09-25', 201808, 1000, 0, 30, ''),
(3014, '2018-09-25', 201808, 1700, 0, 30, ''),
(3015, '2018-09-25', 201808, 1500, 0, 30, ''),
(3016, '2018-09-25', 201808, 1600, 0, 30, ''),
(3017, '2018-09-25', 201808, 1600, 0, 30, ''),
(3018, '2018-09-25', 201808, 1700, 0, 30, ''),
(3019, '2018-09-25', 201808, 1000, 0, 30, ''),
(3020, '2018-09-25', 201808, 1600, 0, 30, ''),
(3021, '2018-09-25', 201808, 1600, 0, 30, ''),
(3022, '2018-09-25', 201808, 1200, 0, 30, ''),
(3023, '2018-09-25', 201808, 1600, 0, 30, ''),
(3024, '2018-09-25', 201808, 900, 0, 30, ''),
(3025, '2018-09-25', 201808, 1200, 0, 30, ''),
(3026, '2018-09-25', 201808, 600, 0, 30, ''),
(3027, '2018-09-25', 201808, 1600, 0, 30, ''),
(3028, '2018-09-25', 201808, 1600, 0, 30, ''),
(3029, '2018-09-25', 201808, 1200, 0, 30, ''),
(3030, '2018-09-25', 201808, 1500, 0, 30, ''),
(3031, '2018-09-25', 201808, 600, 0, 30, ''),
(3032, '2018-09-25', 201808, 1500, 0, 30, ''),
(3033, '2018-09-25', 201808, 1400, 0, 30, ''),
(3034, '2018-09-25', 201808, 1000, 0, 30, ''),
(3035, '2018-09-25', 201808, 500, 0, 30, ''),
(3036, '2018-09-25', 201808, 1600, 0, 30, ''),
(3037, '2018-09-25', 201808, 700, 0, 30, ''),
(3038, '2018-09-25', 201808, 1200, 0, 30, ''),
(3039, '2018-09-25', 201808, 1500, 0, 30, ''),
(3040, '2018-09-25', 201808, 1200, 0, 30, ''),
(3041, '2018-09-25', 201808, 1600, 0, 30, ''),
(3042, '2018-09-25', 201808, 1500, 0, 30, ''),
(3043, '2018-09-25', 201808, 1600, 0, 30, ''),
(3044, '2018-09-25', 201808, 1500, 0, 30, ''),
(3045, '2018-09-25', 201808, 1600, 0, 30, ''),
(3046, '2018-09-25', 201808, 1600, 0, 30, ''),
(3047, '2018-09-25', 201808, 1500, 0, 30, ''),
(3048, '2018-09-25', 201808, 1300, 0, 30, ''),
(3049, '2018-09-25', 201808, 1600, 0, 30, ''),
(3050, '2018-09-25', 201808, 1600, 0, 30, ''),
(3052, '2018-09-25', 201808, 1600, 0, 30, ''),
(3053, '2018-09-25', 201808, 1400, 0, 30, ''),
(3054, '2018-09-25', 201808, 1000, 0, 30, ''),
(3055, '2018-09-25', 201808, 1600, 0, 30, ''),
(3056, '2018-09-25', 201808, 1200, 0, 30, ''),
(3057, '2018-09-25', 201808, 1600, 0, 30, ''),
(3058, '2018-09-25', 201808, 1500, 0, 30, ''),
(3059, '2018-09-25', 201808, 1200, 0, 30, ''),
(3060, '2018-09-25', 201808, 1600, 0, 30, ''),
(3061, '2018-09-25', 201808, 1500, 0, 30, ''),
(3062, '2018-09-25', 201808, 1500, 0, 30, ''),
(3063, '2018-09-25', 201808, 1100, 0, 30, ''),
(3064, '2018-09-25', 201808, 1600, 0, 30, ''),
(3065, '2018-09-25', 201808, 1000, 0, 30, ''),
(3066, '2018-09-25', 201808, 1500, 0, 30, ''),
(3067, '2018-09-25', 201808, 1200, 0, 30, ''),
(3068, '2018-09-25', 201808, 1600, 0, 30, ''),
(3069, '2018-09-25', 201808, 1600, 0, 30, ''),
(3070, '2018-09-25', 201808, 1400, 0, 30, ''),
(3071, '2018-09-25', 201808, 350, 0, 30, ''),
(3072, '2018-09-25', 201808, 1600, 0, 30, ''),
(3073, '2018-09-25', 201808, 1300, 0, 30, ''),
(3074, '2018-09-25', 201808, 1200, 0, 30, ''),
(3075, '2018-09-25', 201808, 900, 0, 30, ''),
(3076, '2018-09-25', 201808, 700, 0, 30, ''),
(3077, '2018-09-25', 201808, 1200, 0, 30, ''),
(3078, '2018-09-25', 201808, 1000, 0, 30, ''),
(3079, '2018-09-25', 201808, 1000, 0, 30, ''),
(3080, '2018-09-25', 201808, 900, 0, 30, ''),
(3081, '2018-09-25', 201808, 700, 0, 30, ''),
(3082, '2018-09-25', 201808, 1000, 0, 30, ''),
(3083, '2018-09-25', 201808, 1600, 0, 30, ''),
(3084, '2018-09-25', 201808, 1000, 0, 30, ''),
(3085, '2018-09-25', 201808, 350, 0, 30, ''),
(3086, '2018-09-25', 201808, 500, 0, 30, ''),
(3087, '2018-09-25', 201808, 900, 0, 30, ''),
(3088, '2018-09-25', 201808, 1100, 0, 30, ''),
(3089, '2018-09-25', 201808, 800, 0, 30, ''),
(3090, '2018-09-25', 201808, 500, 0, 30, ''),
(3091, '2018-09-25', 201808, 700, 0, 30, ''),
(3092, '2018-09-25', 201808, 700, 0, 30, ''),
(3093, '2018-09-25', 201808, 900, 0, 30, ''),
(3094, '2018-09-25', 201808, 600, 0, 30, ''),
(3095, '2018-09-25', 201808, 1600, 0, 30, ''),
(3096, '2018-09-25', 201808, 1000, 0, 30, ''),
(3097, '2018-09-25', 201808, 1200, 0, 30, ''),
(3098, '2018-09-25', 201808, 1200, 0, 30, ''),
(3099, '2018-09-25', 201808, 600, 0, 30, ''),
(3102, '2018-09-25', 201808, 1600, 0, 30, ''),
(3103, '2018-09-25', 201808, 1200, 0, 30, ''),
(3104, '2018-09-25', 201808, 800, 0, 30, ''),
(3105, '2018-09-25', 201808, 750, 0, 30, ''),
(3106, '2018-09-25', 201808, 1500, 0, 30, ''),
(3107, '2018-09-25', 201808, 1000, 0, 30, ''),
(3108, '2018-09-25', 201808, 1600, 0, 30, ''),
(3109, '2018-09-25', 201808, 600, 0, 30, ''),
(3110, '2018-09-25', 201808, 500, 0, 30, ''),
(3111, '2018-09-25', 201808, 1600, 0, 30, ''),
(3112, '2018-09-25', 201808, 500, 0, 30, ''),
(3113, '2018-09-25', 201808, 800, 0, 30, ''),
(3114, '2018-09-25', 201808, 1200, 0, 30, ''),
(3115, '2018-09-25', 201808, 1200, 0, 30, ''),
(3116, '2018-09-25', 201808, 900, 0, 30, ''),
(3117, '2018-09-25', 201808, 950, 0, 30, ''),
(3118, '2018-09-25', 201808, 1300, 0, 30, ''),
(3119, '2018-09-25', 201808, 1200, 0, 30, ''),
(3120, '2018-09-25', 201808, 1000, 0, 30, ''),
(3121, '2018-09-25', 201808, 1000, 0, 30, ''),
(3122, '2018-09-25', 201808, 800, 0, 30, ''),
(3123, '2018-09-25', 201808, 700, 0, 30, ''),
(3124, '2018-09-25', 201808, 700, 0, 30, ''),
(3125, '2018-09-25', 201808, 700, 0, 30, ''),
(3126, '2018-09-25', 201808, 900, 0, 30, ''),
(3127, '2018-09-25', 201808, 1700, 0, 30, ''),
(3128, '2018-09-25', 201808, 1500, 0, 30, ''),
(3129, '2018-09-25', 201808, 1000, 0, 30, ''),
(3130, '2018-09-25', 201808, 800, 0, 30, ''),
(3131, '2018-09-25', 201808, 700, 0, 30, ''),
(3132, '2018-09-25', 201808, 1200, 0, 30, ''),
(3133, '2018-09-25', 201808, 500, 0, 30, ''),
(3134, '2018-09-25', 201808, 1100, 0, 30, ''),
(3135, '2018-09-25', 201808, 700, 0, 30, ''),
(3136, '2018-09-25', 201808, 700, 0, 30, ''),
(3137, '2018-09-25', 201808, 400, 0, 30, ''),
(3138, '2018-09-25', 201808, 900, 0, 30, ''),
(3139, '2018-09-25', 201808, 1600, 0, 30, ''),
(3140, '2018-09-25', 201808, 1600, 0, 30, ''),
(3141, '2018-09-25', 201808, 1200, 0, 30, ''),
(3142, '2018-09-25', 201808, 1200, 0, 30, ''),
(3143, '2018-09-25', 201808, 800, 0, 30, ''),
(3144, '2018-09-25', 201808, 1600, 0, 30, ''),
(3145, '2018-09-25', 201808, 1700, 0, 30, ''),
(3146, '2018-09-25', 201808, 1500, 0, 30, ''),
(3147, '2018-09-25', 201808, 600, 0, 30, ''),
(3148, '2018-09-25', 201808, 1200, 0, 30, ''),
(3149, '2018-09-25', 201808, 1400, 0, 30, ''),
(3150, '2018-09-25', 201808, 1500, 0, 30, ''),
(3151, '2018-09-25', 201808, 700, 0, 30, ''),
(3152, '2018-09-25', 201808, 700, 0, 30, ''),
(3153, '2018-09-25', 201808, 1300, 0, 30, ''),
(3154, '2018-09-25', 201808, 700, 0, 30, ''),
(3155, '2018-09-25', 201808, 1000, 0, 30, ''),
(3156, '2018-09-25', 201808, 1500, 0, 30, ''),
(3157, '2018-09-25', 201808, 1600, 0, 30, ''),
(3158, '2018-09-25', 201808, 1600, 0, 30, ''),
(3159, '2018-09-25', 201808, 800, 0, 30, ''),
(3160, '2018-09-25', 201808, 600, 0, 30, ''),
(3161, '2018-09-25', 201808, 1000, 0, 30, ''),
(3162, '2018-09-25', 201808, 1000, 0, 30, ''),
(3163, '2018-09-25', 201808, 1400, 0, 30, ''),
(3164, '2018-09-25', 201808, 1000, 0, 30, ''),
(3165, '2018-09-25', 201808, 700, 0, 30, ''),
(3166, '2018-09-25', 201808, 700, 0, 30, ''),
(3167, '2018-09-25', 201808, 700, 0, 30, ''),
(3168, '2018-09-25', 201808, 700, 0, 30, ''),
(3169, '2018-09-25', 201808, 1000, 0, 30, ''),
(3170, '2018-09-25', 201808, 700, 0, 30, ''),
(3171, '2018-09-25', 201808, 700, 0, 30, ''),
(3172, '2018-09-25', 201808, 1600, 0, 30, ''),
(3173, '2018-09-25', 201808, 1300, 0, 30, ''),
(3174, '2018-09-25', 201808, 1200, 0, 30, ''),
(3175, '2018-09-25', 201808, 1500, 0, 30, ''),
(3176, '2018-09-25', 201808, 900, 0, 30, ''),
(3177, '2018-09-25', 201808, 1100, 0, 30, ''),
(3178, '2018-09-25', 201808, 1500, 0, 30, ''),
(3179, '2018-09-25', 201808, 1500, 0, 30, ''),
(3180, '2018-09-25', 201808, 1000, 0, 30, ''),
(3181, '2018-09-25', 201808, 350, 0, 30, ''),
(3182, '2018-09-25', 201808, 400, 0, 30, ''),
(3183, '2018-09-25', 201808, 400, 0, 30, ''),
(3184, '2018-09-25', 201808, 400, 0, 30, ''),
(3185, '2018-09-25', 201808, 1000, 0, 30, ''),
(3186, '2018-09-25', 201808, 400, 0, 30, ''),
(3187, '2018-09-25', 201808, 500, 0, 30, ''),
(3188, '2018-09-25', 201808, 500, 0, 30, ''),
(3189, '2018-09-25', 201808, 500, 0, 30, ''),
(3190, '2018-09-25', 201808, 500, 0, 30, ''),
(3191, '2018-09-25', 201808, 700, 0, 30, ''),
(3192, '2018-09-25', 201808, 800, 0, 30, ''),
(3193, '2018-09-25', 201808, 800, 0, 30, ''),
(3194, '2018-09-25', 201808, 1300, 0, 30, ''),
(3195, '2018-09-25', 201808, 1000, 0, 30, ''),
(3196, '2018-09-25', 201808, 1000, 0, 30, ''),
(3197, '2018-09-25', 201808, 1000, 0, 30, ''),
(3198, '2018-09-25', 201808, 1400, 0, 30, ''),
(3199, '2018-09-25', 201808, 1400, 0, 30, ''),
(3200, '2018-09-25', 201808, 1100, 0, 30, ''),
(3201, '2018-09-25', 201808, 1100, 0, 30, ''),
(3202, '2018-09-25', 201808, 1200, 0, 30, ''),
(3203, '2018-09-25', 201808, 1200, 0, 30, ''),
(3204, '2018-09-25', 201808, 1300, 0, 30, ''),
(3205, '2018-09-25', 201808, 1600, 0, 30, ''),
(3206, '2018-09-25', 201808, 1700, 0, 30, ''),
(3207, '2018-09-25', 201808, 1600, 0, 30, ''),
(3208, '2018-09-26', 201808, 1200, 0, 30, ''),
(3209, '2018-09-26', 201808, 1500, 0, 30, ''),
(3210, '2018-09-26', 201808, 1000, 0, 30, ''),
(3211, '2018-09-26', 201808, 600, 0, 30, ''),
(3212, '2018-09-26', 201808, 1000, 0, 30, ''),
(3213, '2018-09-26', 201808, 600, 0, 30, ''),
(3214, '2018-09-26', 201808, 600, 0, 30, ''),
(3215, '2018-09-26', 201808, 600, 0, 30, ''),
(3216, '2018-09-26', 201808, 600, 0, 30, ''),
(3217, '2018-09-26', 201808, 600, 0, 30, ''),
(3218, '2018-09-26', 201808, 1400, 0, 30, ''),
(3219, '2018-09-26', 201808, 800, 0, 30, ''),
(3220, '2018-09-26', 201808, 600, 0, 30, ''),
(3221, '2018-09-26', 201808, 600, 0, 30, ''),
(3222, '2018-09-26', 201808, 600, 0, 30, ''),
(3223, '2018-09-26', 201808, 600, 0, 30, ''),
(3224, '2018-09-26', 201808, 600, 0, 30, ''),
(3225, '2018-09-26', 201808, 800, 0, 30, ''),
(3226, '2018-09-26', 201808, 1500, 0, 30, ''),
(3227, '2018-09-26', 201808, 300, 0, 30, ''),
(3228, '2018-09-26', 201808, 300, 0, 30, ''),
(3229, '2018-09-26', 201808, 300, 0, 30, ''),
(3230, '2018-09-26', 201808, 300, 0, 30, ''),
(3231, '2018-09-26', 201808, 500, 0, 30, ''),
(3232, '2018-09-26', 201808, 600, 0, 30, ''),
(3233, '2018-09-26', 201808, 700, 0, 30, ''),
(3234, '2018-09-26', 201808, 1300, 0, 30, ''),
(3235, '2018-09-26', 201808, 500, 0, 30, ''),
(3236, '2018-09-26', 201808, 500, 0, 30, ''),
(3237, '2018-09-26', 201808, 500, 0, 30, ''),
(3238, '2018-09-26', 201808, 500, 0, 30, ''),
(3239, '2018-09-26', 201808, 800, 0, 30, ''),
(3240, '2018-09-26', 201808, 800, 0, 30, ''),
(3241, '2018-09-26', 201808, 1000, 0, 30, ''),
(3242, '2018-09-26', 201808, 1000, 0, 30, ''),
(3243, '2018-09-26', 201808, 1500, 0, 30, ''),
(3244, '2018-09-26', 201808, 1000, 0, 30, ''),
(3245, '2018-09-26', 201808, 1200, 0, 30, ''),
(3246, '2018-09-26', 201808, 1200, 0, 30, ''),
(3247, '2018-09-26', 201808, 1200, 0, 30, ''),
(3248, '2018-09-26', 201808, 1200, 0, 30, ''),
(3249, '2018-09-26', 201808, 1500, 0, 30, ''),
(3250, '2018-09-26', 201808, 1500, 0, 30, ''),
(3251, '2018-09-26', 201808, 1500, 0, 30, ''),
(3252, '2018-09-26', 201808, 1500, 0, 30, ''),
(3253, '2018-09-26', 201808, 1500, 0, 30, ''),
(3254, '2018-09-26', 201808, 1500, 0, 30, ''),
(3255, '2018-09-26', 201808, 1500, 0, 30, ''),
(3256, '2018-09-26', 201808, 1500, 0, 30, ''),
(3257, '2018-09-26', 201808, 1500, 0, 30, ''),
(3258, '2018-09-26', 201808, 1500, 0, 30, ''),
(3259, '2018-09-26', 201808, 1500, 0, 30, ''),
(3260, '2018-09-26', 201808, 1200, 0, 30, ''),
(3261, '2018-09-26', 201808, 600, 0, 30, ''),
(3268, '2018-09-26', 201808, 750, 0, 30, ''),
(3269, '2018-09-26', 201808, 750, 0, 30, ''),
(3270, '2018-09-26', 201808, 750, 0, 30, ''),
(3271, '2018-09-26', 201808, 750, 0, 30, ''),
(3272, '2018-09-26', 201808, 750, 0, 30, ''),
(3273, '2018-09-26', 201808, 1200, 0, 30, ''),
(3274, '2018-09-26', 201808, 750, 0, 30, ''),
(3275, '2018-09-26', 201808, 750, 0, 30, ''),
(3276, '2018-09-26', 201808, 750, 0, 30, ''),
(3277, '2018-09-26', 201808, 900, 0, 30, ''),
(3279, '2018-09-26', 201808, 950, 0, 30, ''),
(3280, '2018-09-26', 201808, 900, 0, 30, ''),
(3281, '2018-09-26', 201808, 1000, 0, 30, ''),
(3283, '2018-09-26', 201808, 1500, 0, 30, ''),
(3284, '2018-09-26', 201808, 1000, 0, 30, ''),
(3285, '2018-09-26', 201808, 500, 0, 30, ''),
(3286, '2018-09-26', 201808, 1200, 0, 30, ''),
(3287, '2018-09-26', 201808, 1300, 0, 30, ''),
(3288, '2018-09-26', 201808, 1000, 0, 30, ''),
(3289, '2018-09-26', 201808, 400, 0, 30, ''),
(3290, '2018-09-26', 201808, 400, 0, 30, ''),
(3291, '2018-09-26', 201808, 650, 0, 30, ''),
(3292, '2018-09-26', 201808, 650, 0, 30, ''),
(3293, '2018-09-26', 201808, 700, 0, 30, ''),
(3294, '2018-09-26', 201808, 900, 0, 30, ''),
(3295, '2018-09-26', 201808, 900, 0, 30, ''),
(3296, '2018-09-26', 201808, 900, 0, 30, ''),
(3297, '2018-09-26', 201808, 900, 0, 30, ''),
(3298, '2018-09-26', 201808, 1000, 0, 30, ''),
(3299, '2018-09-26', 201808, 1000, 0, 30, ''),
(3300, '2018-09-26', 201808, 1000, 0, 30, ''),
(3301, '2018-09-26', 201808, 1000, 0, 30, ''),
(3302, '2018-09-26', 201808, 1000, 0, 30, ''),
(3303, '2018-09-26', 201808, 1200, 0, 30, ''),
(3304, '2018-09-26', 201808, 1500, 0, 30, ''),
(3305, '2018-09-26', 201808, 1500, 0, 30, ''),
(3306, '2018-09-26', 201808, 1500, 0, 30, ''),
(3307, '2018-09-26', 201808, 1500, 0, 30, ''),
(3308, '2018-09-26', 201808, 1500, 0, 30, ''),
(3309, '2018-09-26', 201808, 1500, 0, 30, ''),
(3310, '2018-09-26', 201808, 1500, 0, 30, ''),
(3311, '2018-09-26', 201808, 1500, 0, 30, ''),
(3312, '2018-09-26', 201808, 1500, 0, 30, ''),
(3313, '2018-09-26', 201808, 1500, 0, 30, ''),
(3314, '2018-09-26', 201808, 1200, 0, 30, ''),
(3315, '2018-09-26', 201808, 1400, 0, 30, ''),
(3316, '2018-09-26', 201808, 1000, 0, 30, ''),
(3317, '2018-09-26', 201808, 1200, 0, 30, ''),
(3318, '2018-09-26', 201808, 400, 0, 30, ''),
(3319, '2018-09-27', 201808, 1000, 0, 30, ''),
(3320, '2018-09-27', 201808, 1000, 0, 30, ''),
(3321, '2018-09-27', 201808, 900, 0, 30, ''),
(3322, '2018-09-27', 201808, 1200, 0, 30, ''),
(3323, '2018-09-27', 201808, 1200, 0, 30, ''),
(3324, '2018-09-27', 201808, 700, 0, 30, ''),
(3325, '2018-09-27', 201808, 600, 0, 30, ''),
(3329, '2018-09-27', 201808, 1200, 0, 30, ''),
(3330, '2018-09-27', 201808, 800, 0, 30, ''),
(3331, '2018-09-27', 201808, 1500, 0, 30, ''),
(3334, '2018-09-27', 201808, 1000, 0, 30, ''),
(3335, '2018-09-28', 201808, 800, 0, 30, ''),
(3341, '2018-09-28', 201808, 600, 0, 30, ''),
(3342, '2018-09-28', 201808, 900, 0, 30, ''),
(3343, '2018-10-01', 201808, 800, 0, 30, ''),
(3344, '2018-10-01', 201808, 1200, 0, 30, ''),
(3348, '2018-09-28', 201808, 1400, 0, 30, ''),
(3349, '2018-10-02', 201808, 700, 0, 30, ''),
(3350, '2018-10-02', 201808, 1500, 0, 30, ''),
(3351, '2018-10-03', 201808, 1200, 0, 30, ''),
(3353, '2018-10-04', 201808, 500, 0, 30, ''),
(3355, '2018-10-09', 201808, 800, 0, 30, ''),
(3356, '2018-10-10', 201808, 700, 0, 30, ''),
(3357, '2018-09-27', 201808, 1200, 0, 30, ''),
(3358, '2018-10-18', 201809, 400, 0, 30, ''),
(3359, '2018-10-18', 201809, 400, 0, 30, ''),
(3360, '2018-10-18', 201809, 400, 0, 30, ''),
(3361, '2018-10-18', 201809, 400, 0, 30, ''),
(3362, '2018-10-18', 201809, 500, 0, 30, ''),
(3363, '2018-10-18', 201809, 600, 0, 30, ''),
(3364, '2018-10-18', 201809, 650, 0, 30, ''),
(3365, '2018-10-18', 201809, 650, 0, 30, ''),
(3366, '2018-10-18', 201809, 750, 0, 30, ''),
(3367, '2018-10-18', 201809, 800, 0, 30, ''),
(3368, '2018-10-18', 201809, 800, 0, 30, ''),
(3369, '2018-10-18', 201809, 1000, 0, 30, ''),
(3370, '2018-10-18', 201809, 1200, 0, 30, ''),
(3371, '2018-10-18', 201809, 1200, 0, 30, ''),
(3372, '2018-10-18', 201809, 1200, 0, 30, ''),
(3373, '2018-10-18', 201809, 1200, 0, 30, ''),
(3374, '2018-10-18', 201809, 1200, 0, 30, ''),
(3375, '2018-10-18', 201809, 1200, 0, 30, ''),
(3376, '2018-10-18', 201809, 1200, 0, 30, ''),
(3377, '2018-10-18', 201809, 1200, 0, 30, ''),
(3378, '2018-10-18', 201809, 1200, 0, 30, ''),
(3379, '2018-10-18', 201809, 1200, 0, 30, ''),
(3380, '2018-10-18', 201809, 1500, 0, 30, ''),
(3381, '2018-10-18', 201809, 1500, 0, 30, ''),
(3382, '2018-10-18', 201809, 1700, 0, 30, ''),
(3383, '2018-10-18', 201809, 1700, 0, 30, ''),
(3384, '2018-10-18', 201809, 1700, 0, 30, ''),
(3385, '2018-10-18', 201809, 1700, 0, 30, ''),
(3386, '2018-10-18', 201809, 1700, 0, 30, ''),
(3387, '2018-10-18', 201809, 1000, 0, 30, ''),
(3388, '2018-10-18', 201809, 1000, 0, 30, ''),
(3389, '2018-10-18', 201809, 1700, 0, 30, ''),
(3390, '2018-10-18', 201809, 1700, 0, 30, ''),
(3391, '2018-10-18', 201809, 1500, 0, 30, ''),
(3392, '2018-10-18', 201809, 900, 0, 30, ''),
(3393, '2018-10-18', 201809, 1200, 0, 30, ''),
(3394, '2018-10-18', 201809, 1000, 0, 30, ''),
(3395, '2018-10-18', 201809, 1500, 0, 30, ''),
(3396, '2018-10-18', 201809, 1200, 0, 30, ''),
(3397, '2018-10-18', 201809, 1700, 0, 30, ''),
(3398, '2018-10-18', 201809, 1700, 0, 30, ''),
(3399, '2018-10-18', 201809, 1700, 0, 30, ''),
(3400, '2018-10-18', 201809, 1700, 0, 30, ''),
(3401, '2018-10-18', 201809, 1700, 0, 30, ''),
(3402, '2018-10-18', 201809, 1000, 0, 30, ''),
(3403, '2018-10-18', 201809, 1400, 0, 30, ''),
(3404, '2018-10-18', 201809, 1700, 0, 30, ''),
(3405, '2018-10-18', 201809, 1700, 0, 30, ''),
(3406, '2018-10-18', 201809, 1000, 0, 30, ''),
(3407, '2018-10-18', 201809, 1700, 0, 30, ''),
(3408, '2018-10-18', 201809, 900, 0, 30, ''),
(3409, '2018-10-18', 201809, 1200, 0, 30, ''),
(3410, '2018-10-18', 201809, 1500, 0, 30, ''),
(3411, '2018-10-18', 201809, 1200, 0, 30, ''),
(3412, '2018-10-18', 201809, 1500, 0, 30, ''),
(3413, '2018-10-18', 201809, 1000, 0, 30, ''),
(3414, '2018-10-18', 201809, 1300, 0, 30, ''),
(3415, '2018-10-18', 201809, 1700, 0, 30, ''),
(3416, '2018-10-18', 201809, 1700, 0, 30, ''),
(3417, '2018-10-18', 201809, 1700, 0, 30, ''),
(3418, '2018-10-18', 201809, 1500, 0, 30, ''),
(3419, '2018-10-18', 201809, 1700, 0, 30, ''),
(3420, '2018-10-18', 201809, 1300, 0, 30, ''),
(3421, '2018-10-18', 201809, 1300, 0, 30, ''),
(3422, '2018-10-18', 201809, 1300, 0, 30, ''),
(3423, '2018-10-18', 201809, 1500, 0, 30, ''),
(3424, '2018-10-18', 201809, 1700, 0, 30, ''),
(3425, '2018-10-18', 201809, 1500, 0, 30, ''),
(3426, '2018-10-18', 201809, 1700, 0, 30, ''),
(3427, '2018-10-18', 201809, 600, 0, 30, ''),
(3428, '2018-10-18', 201809, 1200, 0, 30, ''),
(3429, '2018-10-18', 201809, 1700, 0, 30, ''),
(3430, '2018-10-18', 201809, 1500, 0, 30, ''),
(3431, '2018-10-18', 201809, 1700, 0, 30, ''),
(3432, '2018-10-18', 201809, 1200, 0, 30, ''),
(3433, '2018-10-18', 201809, 1700, 0, 30, ''),
(3434, '2018-10-18', 201809, 1500, 0, 30, ''),
(3435, '2018-10-18', 201809, 1500, 0, 30, ''),
(3436, '2018-10-18', 201809, 1000, 0, 30, ''),
(3437, '2018-10-18', 201809, 1200, 0, 30, ''),
(3438, '2018-10-18', 201809, 1200, 0, 30, ''),
(3439, '2018-10-18', 201809, 1700, 0, 30, ''),
(3440, '2018-10-18', 201809, 1000, 0, 30, ''),
(3441, '2018-10-18', 201809, 1500, 0, 30, ''),
(3442, '2018-10-18', 201809, 1200, 0, 30, ''),
(3443, '2018-10-18', 201809, 1600, 0, 30, ''),
(3444, '2018-10-18', 201809, 1000, 0, 30, ''),
(3445, '2018-10-18', 201809, 1700, 0, 30, ''),
(3446, '2018-10-18', 201809, 1000, 0, 30, ''),
(3447, '2018-10-18', 201809, 1000, 0, 30, ''),
(3448, '2018-10-18', 201809, 1500, 0, 30, ''),
(3449, '2018-10-18', 201809, 1700, 0, 30, ''),
(3450, '2018-10-18', 201809, 1700, 0, 30, ''),
(3451, '2018-10-18', 201809, 1200, 0, 30, ''),
(3452, '2018-10-18', 201809, 1700, 0, 30, ''),
(3453, '2018-10-18', 201809, 1700, 0, 30, ''),
(3454, '2018-10-18', 201809, 1200, 0, 30, ''),
(3455, '2018-10-18', 201809, 1500, 0, 30, ''),
(3456, '2018-10-18', 201809, 800, 0, 30, ''),
(3457, '2018-10-18', 201809, 1500, 0, 30, ''),
(3458, '2018-10-18', 201809, 1000, 0, 30, ''),
(3459, '2018-10-18', 201809, 1500, 0, 30, ''),
(3460, '2018-10-18', 201809, 1200, 0, 30, ''),
(3461, '2018-10-18', 201809, 1000, 0, 30, ''),
(3462, '2018-10-18', 201809, 1300, 0, 30, ''),
(3463, '2018-10-18', 201809, 1000, 0, 30, ''),
(3464, '2018-10-18', 201809, 1000, 0, 30, ''),
(3465, '2018-10-18', 201809, 1500, 0, 30, ''),
(3466, '2018-10-18', 201809, 1500, 0, 30, ''),
(3467, '2018-10-18', 201809, 1700, 0, 30, ''),
(3468, '2018-10-18', 201809, 1500, 0, 30, ''),
(3469, '2018-10-18', 201809, 1500, 0, 30, ''),
(3470, '2018-10-18', 201809, 1200, 0, 30, ''),
(3471, '2018-10-18', 201809, 1300, 0, 30, ''),
(3472, '2018-10-18', 201809, 1500, 0, 30, ''),
(3473, '2018-10-18', 201809, 1500, 0, 30, ''),
(3474, '2018-10-18', 201809, 1700, 0, 30, ''),
(3475, '2018-10-18', 201809, 1300, 0, 30, ''),
(3477, '2018-10-18', 201809, 1400, 0, 30, ''),
(3478, '2018-10-18', 201809, 1700, 0, 30, ''),
(3479, '2018-10-18', 201809, 950, 0, 30, ''),
(3480, '2018-10-18', 201809, 1200, 0, 30, ''),
(3481, '2018-10-18', 201809, 1000, 0, 30, ''),
(3482, '2018-10-18', 201809, 1000, 0, 30, ''),
(3483, '2018-10-18', 201809, 600, 0, 30, ''),
(3484, '2018-10-18', 201809, 700, 0, 30, ''),
(3485, '2018-10-18', 201809, 1200, 0, 30, ''),
(3486, '2018-10-18', 201809, 700, 0, 30, ''),
(3487, '2018-10-18', 201809, 700, 0, 30, ''),
(3488, '2018-10-18', 201809, 1500, 0, 30, ''),
(3489, '2018-10-18', 201809, 700, 0, 30, ''),
(3490, '2018-10-18', 201809, 1000, 0, 30, ''),
(3492, '2018-10-18', 201809, 600, 0, 30, ''),
(3493, '2018-10-18', 201809, 1400, 0, 30, ''),
(3494, '2018-10-18', 201809, 950, 0, 30, ''),
(3495, '2018-10-18', 201809, 700, 0, 30, ''),
(3496, '2018-10-18', 201809, 950, 0, 30, ''),
(3497, '2018-10-18', 201809, 1700, 0, 30, ''),
(3498, '2018-10-18', 201809, 1200, 0, 30, ''),
(3499, '2018-10-18', 201809, 1200, 0, 30, ''),
(3500, '2018-10-18', 201809, 900, 0, 30, ''),
(3501, '2018-10-18', 201809, 1200, 0, 30, ''),
(3502, '2018-10-18', 201809, 1000, 0, 30, ''),
(3503, '2018-10-18', 201809, 1200, 0, 30, ''),
(3504, '2018-10-18', 201809, 1500, 0, 30, ''),
(3505, '2018-10-18', 201809, 1600, 0, 30, ''),
(3506, '2018-10-18', 201809, 1200, 0, 30, ''),
(3507, '2018-10-18', 201809, 1200, 0, 30, ''),
(3508, '2018-10-18', 201809, 950, 0, 30, ''),
(3509, '2018-10-18', 201809, 1500, 0, 30, ''),
(3510, '2018-10-18', 201809, 1500, 0, 30, ''),
(3511, '2018-10-18', 201809, 1000, 0, 30, ''),
(3512, '2018-10-18', 201809, 1500, 0, 30, ''),
(3513, '2018-10-18', 201809, 600, 0, 30, ''),
(3514, '2018-10-18', 201809, 1500, 0, 30, ''),
(3515, '2018-10-19', 201809, 600, 0, 30, ''),
(3516, '2018-10-19', 201809, 600, 0, 30, ''),
(3517, '2018-10-19', 201809, 1700, 0, 30, ''),
(3518, '2018-10-19', 201809, 700, 0, 30, ''),
(3519, '2018-10-19', 201809, 700, 0, 30, ''),
(3520, '2018-10-19', 201809, 750, 0, 30, ''),
(3521, '2018-10-19', 201809, 900, 0, 30, ''),
(3522, '2018-10-19', 201809, 900, 0, 30, ''),
(3523, '2018-10-19', 201809, 1700, 0, 30, ''),
(3524, '2018-10-19', 201809, 1700, 0, 30, ''),
(3525, '2018-10-19', 201809, 900, 0, 30, ''),
(3527, '2018-10-19', 201809, 900, 0, 30, ''),
(3528, '2018-10-19', 201809, 1000, 0, 30, ''),
(3529, '2018-10-19', 201809, 1000, 0, 30, ''),
(3530, '2018-10-19', 201809, 1000, 0, 30, ''),
(3531, '2018-10-19', 201809, 1000, 0, 30, ''),
(3532, '2018-10-19', 201809, 1000, 0, 30, ''),
(3533, '2018-10-19', 201809, 1000, 0, 30, ''),
(3534, '2018-10-19', 201809, 1000, 0, 30, ''),
(3535, '2018-10-19', 201809, 1000, 0, 30, ''),
(3536, '2018-10-19', 201809, 1000, 0, 30, ''),
(3537, '2018-10-19', 201809, 1400, 0, 30, ''),
(3538, '2018-10-19', 201809, 1000, 0, 30, ''),
(3539, '2018-10-19', 201809, 1000, 0, 30, ''),
(3540, '2018-10-19', 201809, 1500, 0, 30, ''),
(3541, '2018-10-19', 201809, 1200, 0, 30, ''),
(3542, '2018-10-19', 201809, 1500, 0, 30, ''),
(3543, '2018-10-19', 201809, 1500, 0, 30, ''),
(3544, '2018-10-19', 201809, 1500, 0, 30, ''),
(3545, '2018-10-19', 201809, 1500, 0, 30, ''),
(3546, '2018-10-19', 201809, 1500, 0, 30, ''),
(3547, '2018-10-19', 201809, 1500, 0, 30, ''),
(3548, '2018-10-19', 201809, 1500, 0, 30, ''),
(3549, '2018-10-19', 201809, 800, 0, 30, ''),
(3550, '2018-10-19', 201809, 1500, 0, 30, ''),
(3551, '2018-10-19', 201809, 1500, 0, 30, ''),
(3552, '2018-10-19', 201809, 1700, 0, 30, ''),
(3553, '2018-10-19', 201809, 1500, 0, 30, ''),
(3554, '2018-10-19', 201809, 1500, 0, 30, ''),
(3555, '2018-10-19', 201809, 1500, 0, 30, ''),
(3556, '2018-10-19', 201809, 1500, 0, 30, ''),
(3557, '2018-10-19', 201809, 1500, 0, 30, ''),
(3558, '2018-10-19', 201809, 1500, 0, 30, ''),
(3559, '2018-10-19', 201809, 1500, 0, 30, ''),
(3560, '2018-10-19', 201809, 1700, 0, 30, ''),
(3561, '2018-10-19', 201809, 1500, 0, 30, ''),
(3562, '2018-10-19', 201809, 1500, 0, 30, ''),
(3563, '2018-10-19', 201809, 1500, 0, 30, ''),
(3564, '2018-10-19', 201809, 600, 0, 30, ''),
(3565, '2018-10-19', 201809, 600, 0, 30, ''),
(3566, '2018-10-19', 201809, 600, 0, 30, ''),
(3567, '2018-10-19', 201809, 600, 0, 30, ''),
(3568, '2018-10-19', 201809, 600, 0, 30, ''),
(3569, '2018-10-19', 201809, 600, 0, 30, ''),
(3570, '2018-10-19', 201809, 600, 0, 30, ''),
(3571, '2018-10-19', 201809, 600, 0, 30, ''),
(3572, '2018-10-19', 201809, 600, 0, 30, ''),
(3573, '2018-10-19', 201809, 600, 0, 30, ''),
(3574, '2018-10-19', 201809, 1700, 0, 30, ''),
(3575, '2018-10-19', 201809, 600, 0, 30, ''),
(3576, '2018-10-19', 201809, 600, 0, 30, ''),
(3577, '2018-10-19', 201809, 600, 0, 30, ''),
(3578, '2018-10-19', 201809, 600, 0, 30, ''),
(3579, '2018-10-19', 201809, 800, 0, 30, ''),
(3580, '2018-10-19', 201809, 800, 0, 30, ''),
(3581, '2018-10-19', 201809, 800, 0, 30, ''),
(3582, '2018-10-19', 201809, 800, 0, 30, ''),
(3583, '2018-10-19', 201809, 1200, 0, 30, ''),
(3584, '2018-10-19', 201809, 1200, 0, 30, ''),
(3585, '2018-10-19', 201809, 1200, 0, 30, ''),
(3586, '2018-10-19', 201809, 1200, 0, 30, ''),
(3587, '2018-10-19', 201809, 1200, 0, 30, ''),
(3588, '2018-10-19', 201809, 1200, 0, 30, ''),
(3589, '2018-10-19', 201809, 1200, 0, 30, ''),
(3590, '2018-10-19', 201809, 1500, 0, 30, ''),
(3591, '2018-10-19', 201809, 1500, 0, 30, ''),
(3592, '2018-10-19', 201809, 1500, 0, 30, ''),
(3593, '2018-10-19', 201809, 1500, 0, 30, ''),
(3594, '2018-10-19', 201809, 1500, 0, 30, ''),
(3595, '2018-10-19', 201809, 1700, 0, 30, ''),
(3596, '2018-10-19', 201809, 1700, 0, 30, ''),
(3597, '2018-10-19', 201809, 1700, 0, 30, ''),
(3598, '2018-10-19', 201809, 1700, 0, 30, ''),
(3600, '2018-10-19', 201809, 1700, 0, 30, ''),
(3601, '2018-10-19', 201809, 1700, 0, 30, ''),
(3602, '2018-10-19', 201809, 1700, 0, 30, ''),
(3603, '2018-10-19', 201809, 1700, 0, 30, ''),
(3604, '2018-10-19', 201809, 1200, 0, 30, ''),
(3605, '2018-10-19', 201809, 1700, 0, 30, ''),
(3606, '2018-10-19', 201809, 1700, 0, 30, ''),
(3607, '2018-10-19', 201809, 1700, 0, 30, ''),
(3608, '2018-10-19', 201809, 1700, 0, 30, ''),
(3609, '2018-10-19', 201809, 1700, 0, 30, ''),
(3610, '2018-10-19', 201809, 1700, 0, 30, ''),
(3611, '2018-10-19', 201809, 1700, 0, 30, ''),
(3612, '2018-10-19', 201809, 1700, 0, 30, ''),
(3613, '2018-10-19', 201809, 1700, 0, 30, ''),
(3614, '2018-10-19', 201809, 1700, 0, 30, ''),
(3615, '2018-10-19', 201809, 1700, 0, 30, ''),
(3616, '2018-10-19', 201809, 1700, 0, 30, ''),
(3617, '2018-10-19', 201809, 1700, 0, 30, ''),
(3618, '2018-10-19', 201809, 1700, 0, 30, ''),
(3619, '2018-10-19', 201809, 1700, 0, 30, ''),
(3620, '2018-10-19', 201809, 1400, 0, 30, ''),
(3621, '2018-10-19', 201809, 1700, 0, 30, ''),
(3622, '2018-10-19', 201809, 1700, 0, 30, ''),
(3623, '2018-10-19', 201809, 1700, 0, 30, ''),
(3624, '2018-10-19', 201809, 1000, 0, 30, ''),
(3625, '2018-10-19', 201809, 1000, 0, 30, ''),
(3626, '2018-10-19', 201809, 500, 0, 30, ''),
(3627, '2018-10-19', 201809, 500, 0, 30, ''),
(3628, '2018-10-19', 201809, 500, 0, 30, ''),
(3629, '2018-10-19', 201809, 500, 0, 30, ''),
(3630, '2018-10-19', 201809, 800, 0, 30, ''),
(3631, '2018-10-19', 201809, 800, 0, 30, ''),
(3632, '2018-10-19', 201809, 1000, 0, 30, ''),
(3633, '2018-10-19', 201809, 1000, 0, 30, ''),
(3634, '2018-10-19', 201809, 1200, 0, 30, ''),
(3635, '2018-10-19', 201809, 1200, 0, 30, ''),
(3636, '2018-10-19', 201809, 1200, 0, 30, ''),
(3637, '2018-10-19', 201809, 1200, 0, 30, ''),
(3638, '2018-10-19', 201809, 950, 0, 30, ''),
(3639, '2018-10-19', 201809, 1500, 0, 30, ''),
(3640, '2018-10-19', 201809, 1500, 0, 30, ''),
(3641, '2018-10-19', 201809, 1500, 0, 30, ''),
(3642, '2018-10-19', 201809, 1500, 0, 30, ''),
(3643, '2018-10-19', 201809, 1500, 0, 30, ''),
(3644, '2018-10-19', 201809, 1500, 0, 30, ''),
(3645, '2018-10-19', 201809, 1500, 0, 30, ''),
(3646, '2018-10-19', 201809, 1500, 0, 30, ''),
(3647, '2018-10-19', 201809, 1000, 0, 30, ''),
(3648, '2018-10-19', 201809, 1500, 0, 30, ''),
(3649, '2018-10-19', 201809, 1500, 0, 30, ''),
(3650, '2018-10-19', 201809, 1500, 0, 30, ''),
(3651, '2018-10-19', 201809, 750, 0, 30, ''),
(3652, '2018-10-19', 201809, 750, 0, 30, ''),
(3653, '2018-10-19', 201809, 750, 0, 30, ''),
(3654, '2018-10-19', 201809, 750, 0, 30, ''),
(3655, '2018-10-19', 201809, 750, 0, 30, ''),
(3656, '2018-10-19', 201809, 750, 0, 30, ''),
(3657, '2018-10-19', 201809, 750, 0, 30, ''),
(3658, '2018-10-19', 201809, 750, 0, 30, ''),
(3659, '2018-10-19', 201809, 400, 0, 30, ''),
(3660, '2018-10-19', 201809, 900, 0, 30, ''),
(3661, '2018-10-19', 201809, 900, 0, 30, ''),
(3662, '2018-10-19', 201809, 1000, 0, 30, ''),
(3663, '2018-10-19', 201809, 1500, 0, 30, ''),
(3664, '2018-10-19', 201809, 600, 0, 30, ''),
(3665, '2018-10-19', 201809, 600, 0, 30, ''),
(3666, '2018-10-19', 201809, 600, 0, 30, ''),
(3667, '2018-10-19', 201809, 600, 0, 30, ''),
(3668, '2018-10-19', 201809, 600, 0, 30, ''),
(3669, '2018-10-19', 201809, 600, 0, 30, ''),
(3670, '2018-10-19', 201809, 1000, 0, 30, ''),
(3671, '2018-10-19', 201809, 600, 0, 30, ''),
(3672, '2018-10-19', 201809, 600, 0, 30, ''),
(3673, '2018-10-19', 201809, 600, 0, 30, ''),
(3674, '2018-10-19', 201809, 600, 0, 30, ''),
(3675, '2018-10-19', 201809, 1500, 0, 30, ''),
(3676, '2018-10-19', 201809, 800, 0, 30, ''),
(3677, '2018-10-19', 201809, 1500, 0, 30, ''),
(3678, '2018-10-19', 201809, 300, 0, 30, ''),
(3679, '2018-10-19', 201809, 300, 0, 30, ''),
(3680, '2018-10-19', 201809, 1500, 0, 30, ''),
(3681, '2018-10-19', 201809, 300, 0, 30, ''),
(3682, '2018-10-19', 201809, 300, 0, 30, ''),
(3683, '2018-10-19', 201809, 500, 0, 30, ''),
(3684, '2018-10-19', 201809, 1700, 0, 30, ''),
(3685, '2018-10-19', 201809, 600, 0, 30, ''),
(3686, '2018-10-19', 201809, 1500, 0, 30, ''),
(3687, '2018-10-19', 201809, 1000, 0, 30, ''),
(3688, '2018-10-19', 201809, 1000, 0, 30, ''),
(3689, '2018-10-19', 201809, 1000, 0, 30, ''),
(3690, '2018-10-19', 201809, 1200, 0, 30, ''),
(3691, '2018-10-19', 201809, 1200, 0, 30, ''),
(3692, '2018-10-19', 201809, 1200, 0, 30, ''),
(3693, '2018-10-19', 201809, 1200, 0, 30, ''),
(3694, '2018-10-19', 201809, 1200, 0, 30, ''),
(3695, '2018-10-19', 201809, 1200, 0, 30, ''),
(3696, '2018-10-19', 201809, 1000, 0, 30, ''),
(3697, '2018-10-19', 201809, 1200, 0, 30, ''),
(3698, '2018-10-19', 201809, 1200, 0, 30, ''),
(3699, '2018-10-19', 201809, 1200, 0, 30, ''),
(3700, '2018-10-19', 201809, 1000, 0, 30, ''),
(3701, '2018-10-19', 201809, 1200, 0, 30, ''),
(3702, '2018-10-19', 201809, 1200, 0, 30, ''),
(3703, '2018-10-19', 201809, 1200, 0, 30, ''),
(3704, '2018-10-19', 201809, 1200, 0, 30, ''),
(3705, '2018-10-19', 201809, 1400, 0, 30, ''),
(3706, '2018-10-19', 201809, 800, 0, 30, ''),
(3707, '2018-10-19', 201809, 1400, 0, 30, ''),
(3708, '2018-10-19', 201809, 600, 0, 30, ''),
(3709, '2018-10-19', 201809, 600, 0, 30, ''),
(3710, '2018-10-19', 201809, 600, 0, 30, ''),
(3711, '2018-10-19', 201809, 1200, 0, 30, ''),
(3712, '2018-10-19', 201809, 600, 0, 30, ''),
(3713, '2018-10-19', 201809, 600, 0, 30, ''),
(3714, '2018-10-19', 201809, 600, 0, 30, ''),
(3715, '2018-10-19', 201809, 600, 0, 30, ''),
(3716, '2018-10-19', 201809, 1500, 0, 30, ''),
(3717, '2018-10-19', 201809, 600, 0, 30, ''),
(3718, '2018-10-19', 201809, 1200, 0, 30, ''),
(3719, '2018-10-19', 201809, 700, 0, 30, ''),
(3720, '2018-10-19', 201809, 1500, 0, 30, ''),
(3721, '2018-10-19', 201809, 700, 0, 30, ''),
(3722, '2018-10-19', 201809, 700, 0, 30, ''),
(3723, '2018-10-19', 201809, 1200, 0, 30, ''),
(3724, '2018-10-19', 201809, 700, 0, 30, ''),
(3725, '2018-10-19', 201809, 700, 0, 30, ''),
(3726, '2018-10-19', 201809, 1500, 0, 30, ''),
(3727, '2018-10-19', 201809, 700, 0, 30, ''),
(3728, '2018-10-19', 201809, 700, 0, 30, ''),
(3729, '2018-10-19', 201809, 1000, 0, 30, ''),
(3730, '2018-10-19', 201809, 1300, 0, 30, ''),
(3731, '2018-10-19', 201809, 900, 0, 30, ''),
(3732, '2018-10-19', 201809, 1300, 0, 30, ''),
(3733, '2018-10-19', 201809, 1300, 0, 30, ''),
(3734, '2018-10-19', 201809, 1300, 0, 30, ''),
(3735, '2018-10-19', 201809, 1300, 0, 30, ''),
(3736, '2018-10-19', 201809, 1700, 0, 30, ''),
(3737, '2018-10-19', 201809, 1300, 0, 30, ''),
(3738, '2018-10-19', 201809, 1500, 0, 30, ''),
(3739, '2018-10-19', 201809, 1500, 0, 30, ''),
(3740, '2018-10-19', 201809, 1300, 0, 30, ''),
(3741, '2018-10-19', 201809, 1500, 0, 30, ''),
(3742, '2018-10-19', 201809, 1200, 0, 30, ''),
(3743, '2018-10-19', 201809, 1500, 0, 30, ''),
(3744, '2018-10-19', 201809, 400, 0, 30, ''),
(3745, '2018-10-19', 201809, 400, 0, 30, ''),
(3746, '2018-10-19', 201809, 400, 0, 30, ''),
(3747, '2018-10-19', 201809, 650, 0, 30, ''),
(3748, '2018-10-19', 201809, 650, 0, 30, ''),
(3749, '2018-10-19', 201809, 1500, 0, 30, ''),
(3750, '2018-10-19', 201809, 700, 0, 30, ''),
(3751, '2018-10-19', 201809, 900, 0, 30, ''),
(3752, '2018-10-19', 201809, 900, 0, 30, ''),
(3753, '2018-10-19', 201809, 900, 0, 30, ''),
(3754, '2018-10-19', 201809, 1700, 0, 30, ''),
(3755, '2018-10-19', 201809, 900, 0, 30, ''),
(3756, '2018-10-19', 201809, 1000, 0, 30, ''),
(3757, '2018-10-19', 201809, 1200, 0, 30, ''),
(3758, '2018-10-19', 201809, 1000, 0, 30, ''),
(3759, '2018-10-19', 201809, 1500, 0, 30, ''),
(3760, '2018-10-19', 201809, 1000, 0, 30, ''),
(3761, '2018-10-19', 201809, 1000, 0, 30, ''),
(3762, '2018-10-19', 201809, 1000, 0, 30, ''),
(3763, '2018-10-19', 201809, 1500, 0, 30, ''),
(3764, '2018-10-19', 201809, 1000, 0, 30, ''),
(3765, '2018-10-19', 201809, 1200, 0, 30, ''),
(3766, '2018-10-19', 201809, 1500, 0, 30, ''),
(3767, '2018-10-19', 201809, 1500, 0, 30, ''),
(3768, '2018-10-19', 201809, 1500, 0, 30, ''),
(3769, '2018-10-19', 201809, 1200, 0, 30, ''),
(3770, '2018-10-19', 201809, 1500, 0, 30, ''),
(3771, '2018-10-19', 201809, 1500, 0, 30, ''),
(3772, '2018-10-19', 201809, 1500, 0, 30, ''),
(3773, '2018-10-19', 201809, 1500, 0, 30, ''),
(3774, '2018-10-19', 201809, 1500, 0, 30, ''),
(3775, '2018-10-19', 201809, 1500, 0, 30, ''),
(3776, '2018-10-19', 201809, 1500, 0, 30, ''),
(3777, '2018-10-19', 201809, 1000, 0, 30, ''),
(3778, '2018-10-19', 201809, 1000, 0, 30, ''),
(3779, '2018-10-19', 201809, 900, 0, 30, ''),
(3780, '2018-10-19', 201809, 900, 0, 30, ''),
(3781, '2018-10-19', 201809, 1500, 0, 30, ''),
(3782, '2018-10-19', 201809, 1500, 0, 30, ''),
(3783, '2018-10-19', 201809, 1700, 0, 30, ''),
(3784, '2018-10-19', 201809, 800, 0, 30, ''),
(3785, '2018-10-19', 201809, 1700, 0, 30, ''),
(3786, '2018-10-19', 201809, 900, 0, 30, ''),
(3787, '2018-10-19', 201809, 1200, 0, 30, ''),
(3788, '2018-10-19', 201809, 600, 0, 30, ''),
(3789, '2018-10-19', 201809, 1000, 0, 30, ''),
(3790, '2018-10-19', 201809, 1000, 0, 30, ''),
(3791, '2018-10-19', 201809, 1500, 0, 30, ''),
(3792, '2018-10-19', 201809, 1300, 0, 30, ''),
(3793, '2018-10-19', 201809, 1700, 0, 30, ''),
(3794, '2018-10-19', 201809, 1700, 0, 30, ''),
(3795, '2018-10-19', 201809, 1400, 0, 30, ''),
(3796, '2018-10-19', 201809, 1000, 0, 30, ''),
(3797, '2018-10-19', 201809, 1000, 0, 30, ''),
(3798, '2018-10-19', 201809, 1000, 0, 30, ''),
(3799, '2018-10-19', 201809, 1500, 0, 30, ''),
(3800, '2018-10-19', 201809, 1500, 0, 30, ''),
(3801, '2018-10-19', 201809, 1500, 0, 30, ''),
(3802, '2018-10-19', 201809, 1200, 0, 30, ''),
(3803, '2018-10-19', 201809, 1000, 0, 30, ''),
(3804, '2018-10-19', 201809, 1000, 0, 30, ''),
(3805, '2018-10-19', 201809, 700, 0, 30, ''),
(3806, '2018-10-19', 201809, 1700, 0, 30, ''),
(3807, '2018-10-19', 201809, 1000, 0, 30, ''),
(3808, '2018-10-19', 201809, 1200, 0, 30, ''),
(3809, '2018-10-19', 201809, 1200, 0, 30, ''),
(3810, '2018-10-19', 201809, 1000, 0, 30, ''),
(3811, '2018-10-19', 201809, 1200, 0, 30, ''),
(3812, '2018-10-19', 201809, 1300, 0, 30, ''),
(3813, '2018-10-19', 201809, 1700, 0, 30, ''),
(3814, '2018-10-19', 201809, 1000, 0, 30, ''),
(3815, '2018-10-19', 201809, 1000, 0, 30, ''),
(3816, '2018-10-19', 201809, 400, 0, 30, ''),
(3817, '2018-10-19', 201809, 1000, 0, 30, ''),
(3818, '2018-10-19', 201809, 800, 0, 30, ''),
(3819, '2018-10-19', 201809, 1200, 0, 30, ''),
(3820, '2018-10-19', 201809, 1400, 0, 30, ''),
(3821, '2018-10-19', 201809, 1700, 0, 30, ''),
(3822, '2018-10-19', 201809, 700, 0, 30, ''),
(3823, '2018-10-19', 201809, 950, 0, 30, ''),
(3824, '2018-10-19', 201809, 1300, 0, 30, ''),
(3825, '2018-10-19', 201809, 1200, 0, 30, ''),
(3826, '2018-10-19', 201809, 1000, 0, 30, ''),
(3827, '2018-10-19', 201809, 1400, 0, 30, ''),
(3828, '2018-10-19', 201809, 1600, 0, 30, ''),
(3829, '2018-10-19', 201809, 1500, 0, 30, ''),
(3830, '2018-10-19', 201809, 1600, 0, 30, ''),
(3831, '2018-10-19', 201809, 1400, 0, 30, ''),
(3832, '2018-10-19', 201809, 600, 0, 30, ''),
(3833, '2018-10-19', 201809, 1100, 0, 30, ''),
(3834, '2018-10-19', 201809, 1200, 0, 30, ''),
(3835, '2018-10-19', 201809, 1000, 0, 30, ''),
(3836, '2018-10-19', 201809, 1600, 0, 30, ''),
(3837, '2018-10-19', 201809, 1200, 0, 30, ''),
(3838, '2018-10-19', 201809, 1000, 0, 30, ''),
(3839, '2018-10-19', 201809, 1600, 0, 30, ''),
(3840, '2018-10-19', 201809, 1600, 0, 30, ''),
(3841, '2018-10-19', 201809, 700, 0, 30, ''),
(3842, '2018-10-19', 201809, 1200, 0, 30, ''),
(3843, '2018-10-19', 201809, 1500, 0, 30, ''),
(3844, '2018-10-19', 201809, 500, 0, 30, ''),
(3845, '2018-10-19', 201809, 1000, 0, 30, ''),
(3846, '2018-10-19', 201809, 1100, 0, 30, ''),
(3847, '2018-10-19', 201809, 1600, 0, 30, ''),
(3848, '2018-10-19', 201809, 1300, 0, 30, ''),
(3849, '2018-10-19', 201809, 900, 0, 30, ''),
(3850, '2018-10-19', 201809, 1500, 0, 30, ''),
(3851, '2018-10-19', 201809, 1200, 0, 30, ''),
(3852, '2018-10-19', 201809, 700, 0, 30, ''),
(3853, '2018-10-19', 201809, 900, 0, 30, ''),
(3854, '2018-10-19', 201809, 1600, 0, 30, ''),
(3855, '2018-10-19', 201809, 1600, 0, 30, ''),
(3856, '2018-10-19', 201809, 1200, 0, 30, ''),
(3857, '2018-10-19', 201809, 1600, 0, 30, ''),
(3858, '2018-10-19', 201809, 1100, 0, 30, ''),
(3859, '2018-10-19', 201809, 1600, 0, 30, ''),
(3860, '2018-10-19', 201809, 1000, 0, 30, ''),
(3861, '2018-10-19', 201809, 1200, 0, 30, ''),
(3862, '2018-10-19', 201809, 1300, 0, 30, ''),
(3863, '2018-10-19', 201809, 1300, 0, 30, ''),
(3864, '2018-10-19', 201809, 1200, 0, 30, ''),
(3865, '2018-10-19', 201809, 1000, 0, 30, ''),
(3866, '2018-10-19', 201809, 1600, 0, 30, '');
INSERT INTO `cuota` (`cuota_id`, `fecha`, `periodo`, `monto`, `descuento`, `cantidad`, `detalle`) VALUES
(3867, '2018-10-19', 201809, 1600, 0, 30, ''),
(3868, '2018-10-19', 201809, 1200, 0, 30, ''),
(3869, '2018-10-19', 201809, 1600, 0, 30, ''),
(3870, '2018-10-19', 201809, 1600, 0, 30, ''),
(3871, '2018-10-19', 201809, 1500, 0, 30, ''),
(3872, '2018-10-19', 201809, 1500, 0, 30, ''),
(3873, '2018-10-19', 201809, 1500, 0, 30, ''),
(3874, '2018-10-19', 201809, 1700, 0, 30, ''),
(3875, '2018-10-19', 201809, 1500, 0, 30, ''),
(3876, '2018-10-19', 201809, 400, 0, 30, ''),
(3877, '2018-10-19', 201809, 1300, 0, 30, ''),
(3878, '2018-10-19', 201809, 1600, 0, 30, ''),
(3879, '2018-10-19', 201809, 1200, 0, 30, ''),
(3880, '2018-10-19', 201809, 900, 0, 30, ''),
(3881, '2018-10-19', 201809, 1600, 0, 30, ''),
(3882, '2018-10-19', 201809, 1300, 0, 30, ''),
(3883, '2018-10-19', 201809, 800, 0, 30, ''),
(3884, '2018-10-19', 201809, 750, 0, 30, ''),
(3885, '2018-10-19', 201809, 1600, 0, 30, ''),
(3886, '2018-10-19', 201809, 1600, 0, 30, ''),
(3887, '2018-10-19', 201809, 1200, 0, 30, ''),
(3888, '2018-10-19', 201809, 1200, 0, 30, ''),
(3889, '2018-10-19', 201809, 900, 0, 30, ''),
(3890, '2018-10-19', 201809, 1200, 0, 30, ''),
(3891, '2018-10-19', 201809, 1000, 0, 30, ''),
(3892, '2018-10-19', 201809, 1200, 0, 30, ''),
(3893, '2018-10-19', 201809, 600, 0, 30, ''),
(3894, '2018-10-19', 201809, 1600, 0, 30, ''),
(3895, '2018-10-19', 201809, 1000, 0, 30, ''),
(3896, '2018-10-19', 201809, 1600, 0, 30, ''),
(3897, '2018-10-19', 201809, 1000, 0, 30, ''),
(3898, '2018-10-19', 201809, 1300, 0, 30, ''),
(3899, '2018-10-19', 201809, 800, 0, 30, ''),
(3900, '2018-10-19', 201809, 1600, 0, 30, ''),
(3901, '2018-10-19', 201809, 1600, 0, 30, ''),
(3902, '2018-10-19', 201809, 1500, 0, 30, ''),
(3903, '2018-10-19', 201809, 1000, 0, 30, ''),
(3904, '2018-10-19', 201809, 1500, 0, 30, ''),
(3905, '2018-10-19', 201809, 600, 0, 30, ''),
(3906, '2018-10-19', 201809, 1400, 0, 30, ''),
(3907, '2018-10-19', 201809, 1000, 0, 30, ''),
(3908, '2018-10-19', 201809, 800, 0, 30, ''),
(3909, '2018-10-19', 201809, 600, 0, 30, ''),
(3910, '2018-10-19', 201809, 1200, 0, 30, ''),
(3911, '2018-10-19', 201809, 700, 0, 30, ''),
(3912, '2018-10-19', 201809, 1400, 0, 30, ''),
(3913, '2018-10-19', 201809, 900, 0, 30, ''),
(3914, '2018-10-19', 201809, 1600, 0, 30, ''),
(3915, '2018-10-19', 201809, 1500, 0, 30, ''),
(3916, '2018-10-19', 201809, 1600, 0, 30, ''),
(3917, '2018-10-19', 201809, 1000, 0, 30, ''),
(3918, '2018-10-19', 201809, 500, 0, 30, ''),
(3919, '2018-10-19', 201809, 1000, 0, 30, ''),
(3920, '2018-10-19', 201809, 900, 0, 30, ''),
(3921, '2018-10-19', 201809, 1600, 0, 30, ''),
(3922, '2018-10-19', 201809, 1700, 0, 30, ''),
(3923, '2018-10-19', 201809, 1600, 0, 30, ''),
(3924, '2018-10-19', 201809, 700, 0, 30, ''),
(3925, '2018-10-19', 201809, 1200, 0, 30, ''),
(3926, '2018-10-19', 201809, 950, 0, 30, ''),
(3927, '2018-10-19', 201809, 1200, 0, 30, ''),
(3928, '2018-10-19', 201809, 1200, 0, 30, ''),
(3929, '2018-10-19', 201809, 1600, 0, 30, ''),
(3930, '2018-10-19', 201809, 700, 0, 30, ''),
(3931, '2018-10-19', 201809, 700, 0, 30, ''),
(3932, '2018-10-19', 201809, 1600, 0, 30, ''),
(3933, '2018-10-19', 201809, 500, 0, 30, ''),
(3934, '2018-10-19', 201809, 1500, 0, 30, ''),
(3935, '2018-10-19', 201809, 1200, 0, 30, ''),
(3936, '2018-10-19', 201809, 1200, 0, 30, ''),
(3937, '2018-10-19', 201809, 1200, 0, 30, ''),
(3938, '2018-10-19', 201809, 1700, 0, 30, ''),
(3939, '2018-10-19', 201809, 900, 0, 30, ''),
(3940, '2018-10-19', 201809, 700, 0, 30, ''),
(3941, '2018-10-19', 201809, 1200, 0, 30, ''),
(3942, '2018-10-19', 201809, 1000, 0, 30, ''),
(3943, '2018-10-19', 201809, 800, 0, 30, ''),
(3944, '2018-10-19', 201809, 1500, 0, 30, ''),
(3945, '2018-10-19', 201809, 1700, 0, 30, ''),
(3946, '2018-10-19', 201809, 1300, 0, 30, ''),
(3947, '2018-10-19', 201809, 500, 0, 30, ''),
(3948, '2018-10-19', 201809, 500, 0, 30, ''),
(3949, '2018-10-19', 201809, 1600, 0, 30, ''),
(3950, '2018-10-19', 201809, 800, 0, 30, ''),
(3951, '2018-10-19', 201809, 1600, 0, 30, ''),
(3952, '2018-10-19', 201809, 1500, 0, 30, ''),
(3953, '2018-10-19', 201809, 1500, 0, 30, ''),
(3954, '2018-10-19', 201809, 700, 0, 30, ''),
(3955, '2018-10-19', 201809, 1000, 0, 30, ''),
(3956, '2018-10-19', 201809, 1000, 0, 30, ''),
(3957, '2018-10-19', 201809, 1500, 0, 30, ''),
(3958, '2018-10-19', 201809, 1400, 0, 30, ''),
(3959, '2018-10-19', 201809, 800, 0, 30, ''),
(3960, '2018-10-19', 201809, 1600, 0, 30, ''),
(3961, '2018-10-19', 201809, 1600, 0, 30, ''),
(3962, '2018-10-19', 201809, 700, 0, 30, ''),
(3963, '2018-10-19', 201809, 700, 0, 30, ''),
(3964, '2018-10-19', 201809, 1600, 0, 30, ''),
(3965, '2018-10-19', 201809, 1500, 0, 30, ''),
(3966, '2018-10-19', 201809, 1000, 0, 30, ''),
(3967, '2018-10-19', 201809, 1400, 0, 30, ''),
(3968, '2018-10-19', 201809, 1700, 0, 30, ''),
(3969, '2018-10-19', 201809, 700, 0, 30, ''),
(3970, '2018-10-19', 201809, 700, 0, 30, ''),
(3971, '2018-10-19', 201809, 700, 0, 30, ''),
(3972, '2018-10-19', 201809, 700, 0, 30, ''),
(3973, '2018-10-19', 201809, 900, 0, 30, ''),
(3974, '2018-10-19', 201809, 400, 0, 30, ''),
(3975, '2018-10-19', 201809, 400, 0, 30, ''),
(3976, '2018-10-19', 201809, 1000, 0, 30, ''),
(3977, '2018-10-19', 201809, 1000, 0, 30, ''),
(3978, '2018-10-19', 201809, 1000, 0, 30, ''),
(3979, '2018-10-19', 201809, 1000, 0, 30, ''),
(3980, '2018-10-19', 201809, 1000, 0, 30, ''),
(3981, '2018-10-19', 201809, 1500, 0, 30, ''),
(3982, '2018-10-19', 201809, 1600, 0, 30, ''),
(3983, '2018-10-19', 201809, 1500, 0, 30, ''),
(3984, '2018-10-19', 201809, 900, 0, 30, ''),
(3985, '2018-10-19', 201809, 350, 0, 30, ''),
(3986, '2018-10-19', 201809, 700, 0, 30, ''),
(3987, '2018-10-19', 201809, 1100, 0, 30, ''),
(3988, '2018-10-19', 201809, 500, 0, 30, ''),
(3989, '2018-10-19', 201809, 1400, 0, 30, ''),
(3990, '2018-10-19', 201809, 600, 0, 30, ''),
(3991, '2018-10-19', 201809, 500, 0, 30, ''),
(3992, '2018-10-19', 201809, 700, 0, 30, ''),
(3993, '2018-10-19', 201809, 700, 0, 30, ''),
(3994, '2018-10-19', 201809, 350, 0, 30, ''),
(3995, '2018-10-19', 201809, 350, 0, 30, ''),
(3996, '2018-10-19', 201809, 400, 0, 30, ''),
(3997, '2018-10-19', 201809, 400, 0, 30, ''),
(3998, '2018-10-19', 201809, 500, 0, 30, ''),
(3999, '2018-10-19', 201809, 500, 0, 30, ''),
(4000, '2018-10-19', 201809, 500, 0, 30, ''),
(4001, '2018-10-19', 201809, 600, 0, 30, ''),
(4002, '2018-10-19', 201809, 600, 0, 30, ''),
(4003, '2018-10-19', 201809, 700, 0, 30, ''),
(4004, '2018-10-19', 201809, 700, 0, 30, ''),
(4005, '2018-10-19', 201809, 700, 0, 30, ''),
(4006, '2018-10-19', 201809, 700, 0, 30, ''),
(4007, '2018-10-19', 201809, 800, 0, 30, ''),
(4008, '2018-10-19', 201809, 800, 0, 30, ''),
(4009, '2018-10-19', 201809, 800, 0, 30, ''),
(4010, '2018-10-19', 201809, 1000, 0, 30, ''),
(4011, '2018-10-19', 201809, 1000, 0, 30, ''),
(4012, '2018-10-19', 201809, 1100, 0, 30, ''),
(4013, '2018-10-19', 201809, 1100, 0, 30, ''),
(4014, '2018-10-19', 201809, 1200, 0, 30, ''),
(4015, '2018-10-19', 201809, 1200, 0, 30, ''),
(4016, '2018-10-19', 201809, 1500, 0, 30, ''),
(4017, '2018-10-19', 201809, 1500, 0, 30, ''),
(4018, '2018-10-19', 201809, 1600, 0, 30, ''),
(4019, '2018-10-19', 201809, 1700, 0, 30, ''),
(4020, '2018-10-22', 201809, 700, 0, 30, ''),
(4021, '2018-10-22', 201809, 1700, 0, 30, ''),
(4022, '2018-10-22', 201809, 1400, 0, 30, ''),
(4023, '2018-10-22', 201809, 1200, 0, 30, ''),
(4024, '2018-10-22', 201809, 1200, 0, 30, ''),
(4025, '2018-10-22', 201809, 800, 0, 30, ''),
(4026, '2018-10-22', 201809, 500, 0, 30, ''),
(4027, '2018-10-22', 201809, 1700, 0, 30, ''),
(4028, '2018-10-22', 201809, 1500, 0, 30, ''),
(4029, '2018-10-22', 201809, 1500, 0, 30, ''),
(4030, '2018-10-22', 201809, 1500, 0, 30, ''),
(4031, '2018-10-22', 201809, 900, 0, 30, ''),
(4032, '2018-10-22', 201809, 1500, 0, 30, ''),
(4033, '2018-10-22', 201809, 1700, 0, 30, ''),
(4034, '2018-10-23', 201809, 1700, 0, 30, ''),
(4035, '2018-10-23', 201809, 1000, 0, 30, ''),
(4036, '2018-10-23', 201809, 1000, 0, 30, ''),
(4037, '2018-10-23', 201809, 1200, 0, 30, ''),
(4038, '2018-10-23', 201809, 700, 0, 30, ''),
(4039, '2018-10-23', 201809, 700, 0, 30, ''),
(4040, '2018-10-23', 201809, 1000, 0, 30, ''),
(4041, '2018-10-23', 201809, 1000, 0, 30, ''),
(4042, '2018-10-23', 201809, 1700, 0, 30, ''),
(4043, '2018-10-23', 201809, 1700, 0, 30, ''),
(4044, '2018-10-23', 201809, 1500, 0, 30, ''),
(4045, '2018-10-23', 201809, 1500, 0, 30, ''),
(4046, '2018-10-24', 201809, 900, 0, 30, ''),
(4047, '2018-10-24', 201809, 1700, 0, 30, ''),
(4048, '2018-10-24', 201809, 1200, 0, 30, ''),
(4049, '2018-10-24', 201809, 1000, 0, 30, ''),
(4050, '2018-10-25', 201809, 800, 0, 30, ''),
(4051, '2018-10-25', 201809, 1400, 0, 30, ''),
(4052, '2018-10-25', 201809, 1200, 0, 30, ''),
(4053, '2018-10-26', 201809, 1200, 0, 30, ''),
(4054, '2018-10-26', 201809, 1200, 0, 30, ''),
(4055, '2018-10-31', 201809, 1000, 0, 30, ''),
(4056, '2018-11-01', 201809, 800, 0, 30, ''),
(4058, '2018-11-02', 201809, 1000, 0, 30, ''),
(4059, '2018-11-06', 201809, 500, 0, 30, ''),
(4060, '2018-11-13', 201809, 600, 0, 30, ''),
(4061, '2018-11-13', 201809, 1000, 0, 30, ''),
(4062, '2018-10-23', 201809, 1000, 0, 30, ''),
(4063, '2018-10-23', 201809, 1200, 0, 30, ''),
(4064, '2018-10-23', 201809, 1200, 0, 30, ''),
(4065, '2018-10-23', 201809, 1200, 0, 30, ''),
(4066, '2018-10-23', 201809, 1300, 0, 30, ''),
(4067, '2018-11-22', 201810, 1200, 0, 30, ''),
(4069, '2018-11-22', 201810, 1200, 0, 30, ''),
(4070, '2018-11-22', 201810, 1200, 0, 30, ''),
(4071, '2018-11-22', 201810, 950, 0, 30, ''),
(4074, '2018-11-22', 201810, 1600, 0, 30, ''),
(4075, '2018-11-22', 201810, 1200, 0, 30, ''),
(4076, '2018-11-22', 201810, 1200, 0, 30, ''),
(4077, '2018-11-22', 201810, 1600, 0, 30, ''),
(4078, '2018-11-22', 201810, 1000, 0, 30, ''),
(4079, '2018-11-22', 201810, 800, 0, 30, ''),
(4080, '2018-11-22', 201810, 1700, 0, 30, ''),
(4081, '2018-11-22', 201810, 1200, 0, 30, ''),
(4082, '2018-11-22', 201810, 1000, 0, 30, ''),
(4083, '2018-11-22', 201810, 1700, 0, 30, ''),
(4084, '2018-11-22', 201810, 1700, 0, 30, ''),
(4085, '2018-11-22', 201810, 1700, 0, 30, ''),
(4086, '2018-11-22', 201810, 1700, 0, 30, ''),
(4087, '2018-11-22', 201810, 1000, 0, 30, ''),
(4088, '2018-11-22', 201810, 1700, 0, 30, ''),
(4089, '2018-11-22', 201810, 1200, 0, 30, ''),
(4090, '2018-11-22', 201810, 1500, 0, 30, ''),
(4091, '2018-11-22', 201810, 1700, 0, 30, ''),
(4092, '2018-11-22', 201810, 1700, 0, 30, ''),
(4093, '2018-11-22', 201810, 1700, 0, 30, ''),
(4094, '2018-11-22', 201810, 1500, 0, 30, ''),
(4095, '2018-11-22', 201810, 1200, 0, 30, ''),
(4096, '2018-11-22', 201810, 1400, 0, 30, ''),
(4097, '2018-11-22', 201810, 1500, 0, 30, ''),
(4098, '2018-11-22', 201810, 900, 0, 30, ''),
(4099, '2018-11-22', 201810, 1200, 0, 30, ''),
(4100, '2018-11-22', 201810, 1500, 0, 30, ''),
(4101, '2018-11-22', 201810, 1700, 0, 30, ''),
(4102, '2018-11-22', 201810, 1700, 0, 30, ''),
(4103, '2018-11-22', 201810, 700, 0, 30, ''),
(4104, '2018-11-22', 201810, 1500, 0, 30, ''),
(4105, '2018-11-22', 201810, 1000, 0, 30, ''),
(4106, '2018-11-22', 201810, 1500, 0, 30, ''),
(4107, '2018-11-22', 201810, 1200, 0, 30, ''),
(4108, '2018-11-22', 201810, 1400, 0, 30, ''),
(4109, '2018-11-22', 201810, 1700, 0, 30, ''),
(4110, '2018-11-22', 201810, 1700, 0, 30, ''),
(4111, '2018-11-22', 201810, 1500, 0, 30, ''),
(4112, '2018-11-22', 201810, 1500, 0, 30, ''),
(4113, '2018-11-22', 201810, 1500, 0, 30, ''),
(4114, '2018-11-22', 201810, 1700, 0, 30, ''),
(4115, '2018-11-22', 201810, 1700, 0, 30, ''),
(4116, '2018-11-22', 201810, 1700, 0, 30, ''),
(4117, '2018-11-22', 201810, 1500, 0, 30, ''),
(4118, '2018-11-22', 201810, 1400, 0, 30, ''),
(4119, '2018-11-22', 201810, 1500, 0, 30, ''),
(4120, '2018-11-22', 201810, 1500, 0, 30, ''),
(4121, '2018-11-22', 201810, 1700, 0, 30, ''),
(4122, '2018-11-22', 201810, 1700, 0, 30, ''),
(4123, '2018-11-22', 201810, 1700, 0, 30, ''),
(4124, '2018-11-22', 201810, 900, 0, 30, ''),
(4125, '2018-11-22', 201810, 1200, 0, 30, ''),
(4126, '2018-11-22', 201810, 1700, 0, 30, ''),
(4127, '2018-11-22', 201810, 1700, 0, 30, ''),
(4128, '2018-11-22', 201810, 1700, 0, 30, ''),
(4129, '2018-11-22', 201810, 1700, 0, 30, ''),
(4130, '2018-11-22', 201810, 600, 0, 30, ''),
(4132, '2018-11-22', 201810, 900, 0, 30, ''),
(4133, '2018-11-22', 201810, 900, 0, 30, ''),
(4134, '2018-11-22', 201810, 1200, 0, 30, ''),
(4135, '2018-11-22', 201810, 1400, 0, 30, ''),
(4136, '2018-11-22', 201810, 1200, 0, 30, ''),
(4137, '2018-11-22', 201810, 1000, 0, 30, ''),
(4138, '2018-11-22', 201810, 1700, 0, 30, ''),
(4139, '2018-11-22', 201810, 1000, 0, 30, ''),
(4140, '2018-11-22', 201810, 1500, 0, 30, ''),
(4141, '2018-11-22', 201810, 1500, 0, 30, ''),
(4142, '2018-11-22', 201810, 1200, 0, 30, ''),
(4143, '2018-11-22', 201810, 1400, 0, 30, ''),
(4144, '2018-11-22', 201810, 1000, 0, 30, ''),
(4145, '2018-11-22', 201810, 1500, 0, 30, ''),
(4146, '2018-11-22', 201810, 1700, 0, 30, ''),
(4147, '2018-11-22', 201810, 1700, 0, 30, ''),
(4148, '2018-11-22', 201810, 1500, 0, 30, ''),
(4149, '2018-11-22', 201810, 1000, 0, 30, ''),
(4150, '2018-11-22', 201810, 1500, 0, 30, ''),
(4151, '2018-11-22', 201810, 800, 0, 30, ''),
(4152, '2018-11-22', 201810, 1000, 0, 30, ''),
(4153, '2018-11-22', 201810, 1000, 0, 30, ''),
(4154, '2018-11-22', 201810, 1500, 0, 30, ''),
(4155, '2018-11-22', 201810, 1500, 0, 30, ''),
(4156, '2018-11-22', 201810, 950, 0, 30, ''),
(4157, '2018-11-22', 201810, 1700, 0, 30, ''),
(4158, '2018-11-22', 201810, 1700, 0, 30, ''),
(4159, '2018-11-22', 201810, 1300, 0, 30, ''),
(4160, '2018-11-22', 201810, 1300, 0, 30, ''),
(4161, '2018-11-22', 201810, 1300, 0, 30, ''),
(4162, '2018-11-22', 201810, 1000, 0, 30, ''),
(4163, '2018-11-22', 201810, 1000, 0, 30, ''),
(4164, '2018-11-22', 201810, 1000, 0, 30, ''),
(4165, '2018-11-22', 201810, 1000, 0, 30, ''),
(4166, '2018-11-22', 201810, 1500, 0, 30, ''),
(4167, '2018-11-22', 201810, 1700, 0, 30, ''),
(4168, '2018-11-22', 201810, 1700, 0, 30, ''),
(4169, '2018-11-22', 201810, 1700, 0, 30, ''),
(4170, '2018-11-22', 201810, 1400, 0, 30, ''),
(4171, '2018-11-22', 201810, 1700, 0, 30, ''),
(4172, '2018-11-22', 201810, 1500, 0, 30, ''),
(4173, '2018-11-22', 201810, 1200, 0, 30, ''),
(4174, '2018-11-22', 201810, 600, 0, 30, ''),
(4175, '2018-11-22', 201810, 1700, 0, 30, ''),
(4176, '2018-11-22', 201810, 950, 0, 30, ''),
(4177, '2018-11-22', 201810, 1500, 0, 30, ''),
(4178, '2018-11-22', 201810, 1500, 0, 30, ''),
(4179, '2018-11-22', 201810, 1200, 0, 30, ''),
(4180, '2018-11-22', 201810, 1700, 0, 30, ''),
(4181, '2018-11-22', 201810, 1400, 0, 30, ''),
(4182, '2018-11-22', 201810, 950, 0, 30, ''),
(4183, '2018-11-22', 201810, 1000, 0, 30, ''),
(4184, '2018-11-22', 201810, 1500, 0, 30, ''),
(4185, '2018-11-22', 201810, 1700, 0, 30, ''),
(4186, '2018-11-22', 201810, 1500, 0, 30, ''),
(4187, '2018-11-22', 201810, 1700, 0, 30, ''),
(4189, '2018-11-22', 201810, 1700, 0, 30, ''),
(4190, '2018-11-22', 201810, 1700, 0, 30, ''),
(4191, '2018-11-22', 201810, 1200, 0, 30, ''),
(4192, '2018-11-22', 201810, 1200, 0, 30, ''),
(4193, '2018-11-22', 201810, 700, 0, 30, ''),
(4194, '2018-11-22', 201810, 1000, 0, 30, ''),
(4195, '2018-11-22', 201810, 1000, 0, 30, ''),
(4196, '2018-11-22', 201810, 1700, 0, 30, ''),
(4197, '2018-11-22', 201810, 1300, 0, 30, ''),
(4198, '2018-11-22', 201810, 1700, 0, 30, ''),
(4199, '2018-11-22', 201810, 1500, 0, 30, ''),
(4200, '2018-11-22', 201810, 1200, 0, 30, ''),
(4201, '2018-11-22', 201810, 1300, 0, 30, ''),
(4202, '2018-11-23', 201810, 600, 0, 30, ''),
(4203, '2018-11-23', 201810, 600, 0, 30, ''),
(4204, '2018-11-23', 201810, 600, 0, 30, ''),
(4205, '2018-11-23', 201810, 600, 0, 30, ''),
(4206, '2018-11-23', 201810, 600, 0, 30, ''),
(4207, '2018-11-23', 201810, 600, 0, 30, ''),
(4208, '2018-11-23', 201810, 600, 0, 30, ''),
(4209, '2018-11-23', 201810, 600, 0, 30, ''),
(4210, '2018-11-23', 201810, 600, 0, 30, ''),
(4211, '2018-11-23', 201810, 600, 0, 30, ''),
(4212, '2018-11-23', 201810, 600, 0, 30, ''),
(4213, '2018-11-23', 201810, 600, 0, 30, ''),
(4214, '2018-11-23', 201810, 600, 0, 30, ''),
(4215, '2018-11-23', 201810, 600, 0, 30, ''),
(4216, '2018-11-23', 201810, 800, 0, 30, ''),
(4217, '2018-11-23', 201810, 800, 0, 30, ''),
(4218, '2018-11-23', 201810, 800, 0, 30, ''),
(4219, '2018-11-23', 201810, 800, 0, 30, ''),
(4220, '2018-11-23', 201810, 1000, 0, 30, ''),
(4221, '2018-11-23', 201810, 1200, 0, 30, ''),
(4222, '2018-11-23', 201810, 1200, 0, 30, ''),
(4223, '2018-11-23', 201810, 1200, 0, 30, ''),
(4224, '2018-11-23', 201810, 1200, 0, 30, ''),
(4225, '2018-11-23', 201810, 1200, 0, 30, ''),
(4226, '2018-11-23', 201810, 1200, 0, 30, ''),
(4227, '2018-11-23', 201810, 1200, 0, 30, ''),
(4228, '2018-11-23', 201810, 1200, 0, 30, ''),
(4229, '2018-11-23', 201810, 1500, 0, 30, ''),
(4230, '2018-11-23', 201810, 1500, 0, 30, ''),
(4231, '2018-11-23', 201810, 1500, 0, 30, ''),
(4232, '2018-11-23', 201810, 1500, 0, 30, ''),
(4233, '2018-11-23', 201810, 1500, 0, 30, ''),
(4234, '2018-11-23', 201810, 1700, 0, 30, ''),
(4235, '2018-11-23', 201810, 1700, 0, 30, ''),
(4236, '2018-11-23', 201810, 1700, 0, 30, ''),
(4237, '2018-11-23', 201810, 1700, 0, 30, ''),
(4239, '2018-11-23', 201810, 1700, 0, 30, ''),
(4240, '2018-11-23', 201810, 1700, 0, 30, ''),
(4241, '2018-11-23', 201810, 1700, 0, 30, ''),
(4242, '2018-11-23', 201810, 1700, 0, 30, ''),
(4243, '2018-11-23', 201810, 1700, 0, 30, ''),
(4244, '2018-11-23', 201810, 1700, 0, 30, ''),
(4245, '2018-11-23', 201810, 1700, 0, 30, ''),
(4246, '2018-11-23', 201810, 1700, 0, 30, ''),
(4247, '2018-11-23', 201810, 1700, 0, 30, ''),
(4248, '2018-11-23', 201810, 1700, 0, 30, ''),
(4249, '2018-11-23', 201810, 1700, 0, 30, ''),
(4250, '2018-11-23', 201810, 1700, 0, 30, ''),
(4251, '2018-11-23', 201810, 1700, 0, 30, ''),
(4252, '2018-11-23', 201810, 1700, 0, 30, ''),
(4253, '2018-11-23', 201810, 1700, 0, 30, ''),
(4254, '2018-11-23', 201810, 1700, 0, 30, ''),
(4255, '2018-11-23', 201810, 1700, 0, 30, ''),
(4256, '2018-11-23', 201810, 1700, 0, 30, ''),
(4257, '2018-11-23', 201810, 1700, 0, 30, ''),
(4258, '2018-11-23', 201810, 1700, 0, 30, ''),
(4259, '2018-11-23', 201810, 1700, 0, 30, ''),
(4260, '2018-11-23', 201810, 1700, 0, 30, ''),
(4262, '2018-11-23', 201810, 500, 0, 30, ''),
(4263, '2018-11-23', 201810, 500, 0, 30, ''),
(4264, '2018-11-23', 201810, 500, 0, 30, ''),
(4265, '2018-11-23', 201810, 500, 0, 30, ''),
(4266, '2018-11-23', 201810, 800, 0, 30, ''),
(4267, '2018-11-23', 201810, 800, 0, 30, ''),
(4268, '2018-11-23', 201810, 1000, 0, 30, ''),
(4269, '2018-11-23', 201810, 1000, 0, 30, ''),
(4270, '2018-11-23', 201810, 1200, 0, 30, ''),
(4271, '2018-11-23', 201810, 1200, 0, 30, ''),
(4272, '2018-11-23', 201810, 1200, 0, 30, ''),
(4273, '2018-11-23', 201810, 1200, 0, 30, ''),
(4274, '2018-11-23', 201810, 1500, 0, 30, ''),
(4275, '2018-11-23', 201810, 1500, 0, 30, ''),
(4276, '2018-11-23', 201810, 1500, 0, 30, ''),
(4277, '2018-11-23', 201810, 1500, 0, 30, ''),
(4278, '2018-11-23', 201810, 1500, 0, 30, ''),
(4279, '2018-11-23', 201810, 1500, 0, 30, ''),
(4280, '2018-11-23', 201810, 1500, 0, 30, ''),
(4281, '2018-11-23', 201810, 1500, 0, 30, ''),
(4282, '2018-11-23', 201810, 1500, 0, 30, ''),
(4283, '2018-11-23', 201810, 1500, 0, 30, ''),
(4284, '2018-11-23', 201810, 1500, 0, 30, ''),
(4285, '2018-11-23', 201810, 1400, 0, 30, ''),
(4286, '2018-11-23', 201810, 1200, 0, 30, ''),
(4287, '2018-11-23', 201810, 1200, 0, 30, ''),
(4288, '2018-11-23', 201810, 600, 0, 30, ''),
(4289, '2018-11-23', 201810, 600, 0, 30, ''),
(4290, '2018-11-23', 201810, 700, 0, 30, ''),
(4291, '2018-11-23', 201810, 700, 0, 30, ''),
(4292, '2018-11-23', 201810, 400, 0, 30, ''),
(4293, '2018-11-23', 201810, 400, 0, 30, ''),
(4294, '2018-11-23', 201810, 650, 0, 30, ''),
(4295, '2018-11-23', 201810, 650, 0, 30, ''),
(4296, '2018-11-23', 201810, 700, 0, 30, ''),
(4297, '2018-11-23', 201810, 950, 0, 30, ''),
(4298, '2018-11-23', 201810, 900, 0, 30, ''),
(4299, '2018-11-23', 201810, 900, 0, 30, ''),
(4300, '2018-11-23', 201810, 900, 0, 30, ''),
(4301, '2018-11-23', 201810, 900, 0, 30, ''),
(4302, '2018-11-23', 201810, 1000, 0, 30, ''),
(4303, '2018-11-23', 201810, 1000, 0, 30, ''),
(4304, '2018-11-23', 201810, 1000, 0, 30, ''),
(4305, '2018-11-23', 201810, 1000, 0, 30, ''),
(4306, '2018-11-23', 201810, 750, 0, 30, ''),
(4307, '2018-11-23', 201810, 1200, 0, 30, ''),
(4308, '2018-11-23', 201810, 900, 0, 30, ''),
(4309, '2018-11-23', 201810, 1400, 0, 30, ''),
(4310, '2018-11-23', 201810, 1000, 0, 30, ''),
(4311, '2018-11-23', 201810, 1500, 0, 30, ''),
(4312, '2018-11-23', 201810, 400, 0, 30, ''),
(4313, '2018-11-23', 201810, 1000, 0, 30, ''),
(4314, '2018-11-23', 201810, 1500, 0, 30, ''),
(4315, '2018-11-23', 201810, 1700, 0, 30, ''),
(4316, '2018-11-23', 201810, 1000, 0, 30, ''),
(4317, '2018-11-23', 201810, 900, 0, 30, ''),
(4318, '2018-11-23', 201810, 900, 0, 30, ''),
(4319, '2018-11-23', 201810, 800, 0, 30, ''),
(4320, '2018-11-23', 201810, 1000, 0, 30, ''),
(4321, '2018-11-23', 201810, 1200, 0, 30, ''),
(4322, '2018-11-23', 201810, 1500, 0, 30, ''),
(4323, '2018-11-23', 201810, 900, 0, 30, ''),
(4324, '2018-11-23', 201810, 900, 0, 30, ''),
(4325, '2018-11-23', 201810, 1000, 0, 30, ''),
(4326, '2018-11-23', 201810, 1000, 0, 30, ''),
(4327, '2018-11-23', 201810, 1000, 0, 30, ''),
(4328, '2018-11-23', 201810, 1500, 0, 30, ''),
(4329, '2018-11-23', 201810, 1500, 0, 30, ''),
(4330, '2018-11-23', 201810, 1500, 0, 30, ''),
(4331, '2018-11-23', 201810, 1500, 0, 30, ''),
(4332, '2018-11-23', 201810, 1500, 0, 30, ''),
(4333, '2018-11-23', 201810, 1500, 0, 30, ''),
(4334, '2018-11-23', 201810, 1500, 0, 30, ''),
(4335, '2018-11-23', 201810, 1500, 0, 30, ''),
(4336, '2018-11-23', 201810, 1000, 0, 30, ''),
(4337, '2018-11-23', 201810, 1500, 0, 30, ''),
(4338, '2018-11-23', 201810, 1500, 0, 30, ''),
(4339, '2018-11-23', 201810, 1500, 0, 30, ''),
(4340, '2018-11-23', 201810, 1700, 0, 30, ''),
(4341, '2018-11-23', 201810, 1000, 0, 30, ''),
(4342, '2018-11-23', 201810, 1000, 0, 30, ''),
(4343, '2018-11-23', 201810, 1200, 0, 30, ''),
(4344, '2018-11-23', 201810, 400, 0, 30, ''),
(4345, '2018-11-23', 201810, 1000, 0, 30, ''),
(4346, '2018-11-23', 201810, 400, 0, 30, ''),
(4347, '2018-11-23', 201810, 400, 0, 30, ''),
(4348, '2018-11-23', 201810, 1200, 0, 30, ''),
(4349, '2018-11-23', 201810, 400, 0, 30, ''),
(4350, '2018-11-23', 201810, 500, 0, 30, ''),
(4351, '2018-11-23', 201810, 650, 0, 30, ''),
(4352, '2018-11-23', 201810, 650, 0, 30, ''),
(4353, '2018-11-23', 201810, 1000, 0, 30, ''),
(4354, '2018-11-23', 201810, 750, 0, 30, ''),
(4355, '2018-11-23', 201810, 800, 0, 30, ''),
(4356, '2018-11-23', 201810, 800, 0, 30, ''),
(4357, '2018-11-23', 201810, 900, 0, 30, ''),
(4358, '2018-11-23', 201810, 1000, 0, 30, ''),
(4359, '2018-11-23', 201810, 1000, 0, 30, ''),
(4360, '2018-11-23', 201810, 1200, 0, 30, ''),
(4361, '2018-11-23', 201810, 1200, 0, 30, ''),
(4362, '2018-11-23', 201810, 1200, 0, 30, ''),
(4363, '2018-11-23', 201810, 1000, 0, 30, ''),
(4364, '2018-11-23', 201810, 1200, 0, 30, ''),
(4365, '2018-11-23', 201810, 1200, 0, 30, ''),
(4366, '2018-11-23', 201810, 1200, 0, 30, ''),
(4367, '2018-11-23', 201810, 1200, 0, 30, ''),
(4368, '2018-11-23', 201810, 1500, 0, 30, ''),
(4369, '2018-11-23', 201810, 1200, 0, 30, ''),
(4370, '2018-11-23', 201810, 1200, 0, 30, ''),
(4371, '2018-11-23', 201810, 1200, 0, 30, ''),
(4372, '2018-11-23', 201810, 1500, 0, 30, ''),
(4373, '2018-11-23', 201810, 1500, 0, 30, ''),
(4374, '2018-11-23', 201810, 1700, 0, 30, ''),
(4375, '2018-11-23', 201810, 1200, 0, 30, ''),
(4377, '2018-11-23', 201810, 1700, 0, 30, ''),
(4378, '2018-11-23', 201810, 1200, 0, 30, ''),
(4379, '2018-11-23', 201810, 1700, 0, 30, ''),
(4380, '2018-11-23', 201810, 1700, 0, 30, ''),
(4381, '2018-11-23', 201810, 1700, 0, 30, ''),
(4382, '2018-11-23', 201810, 1200, 0, 30, ''),
(4383, '2018-11-23', 201810, 1500, 0, 30, ''),
(4384, '2018-11-23', 201810, 1000, 0, 30, ''),
(4385, '2018-11-23', 201810, 1500, 0, 30, ''),
(4386, '2018-11-23', 201810, 1000, 0, 30, ''),
(4387, '2018-11-23', 201810, 1500, 0, 30, ''),
(4388, '2018-11-23', 201810, 1000, 0, 30, ''),
(4389, '2018-11-23', 201810, 1200, 0, 30, ''),
(4390, '2018-11-23', 201810, 1200, 0, 30, ''),
(4391, '2018-11-23', 201810, 1200, 0, 30, ''),
(4392, '2018-11-23', 201810, 1200, 0, 30, ''),
(4393, '2018-11-23', 201810, 1200, 0, 30, ''),
(4395, '2018-11-23', 201810, 1200, 0, 30, ''),
(4396, '2018-11-23', 201810, 1700, 0, 30, ''),
(4397, '2018-11-23', 201810, 1200, 0, 30, ''),
(4398, '2018-11-23', 201810, 1200, 0, 30, ''),
(4399, '2018-11-23', 201810, 1200, 0, 30, ''),
(4400, '2018-11-23', 201810, 1200, 0, 30, ''),
(4401, '2018-11-23', 201810, 1200, 0, 30, ''),
(4402, '2018-11-23', 201810, 800, 0, 30, ''),
(4403, '2018-11-23', 201810, 1700, 0, 30, ''),
(4404, '2018-11-23', 201810, 1000, 0, 30, ''),
(4405, '2018-11-23', 201810, 1300, 0, 30, ''),
(4406, '2018-11-23', 201810, 1200, 0, 30, ''),
(4407, '2018-11-23', 201810, 700, 0, 30, ''),
(4408, '2018-11-23', 201810, 700, 0, 30, ''),
(4409, '2018-11-23', 201810, 1000, 0, 30, ''),
(4410, '2018-11-23', 201810, 1000, 0, 30, ''),
(4411, '2018-11-23', 201810, 1000, 0, 30, ''),
(4412, '2018-11-23', 201810, 1700, 0, 30, ''),
(4413, '2018-11-23', 201810, 1000, 0, 30, ''),
(4414, '2018-11-23', 201810, 1700, 0, 30, ''),
(4415, '2018-11-23', 201810, 1000, 0, 30, ''),
(4416, '2018-11-23', 201810, 1000, 0, 30, ''),
(4417, '2018-11-23', 201810, 1700, 0, 30, ''),
(4418, '2018-11-23', 201810, 1200, 0, 30, ''),
(4419, '2018-11-23', 201810, 1400, 0, 30, ''),
(4420, '2018-11-23', 201810, 1500, 0, 30, ''),
(4421, '2018-11-23', 201810, 1500, 0, 30, ''),
(4422, '2018-11-23', 201810, 1500, 0, 30, ''),
(4423, '2018-11-23', 201810, 1500, 0, 30, ''),
(4424, '2018-11-23', 201810, 1500, 0, 30, ''),
(4425, '2018-11-23', 201810, 1000, 0, 30, ''),
(4426, '2018-11-23', 201810, 1500, 0, 30, ''),
(4427, '2018-11-23', 201810, 1000, 0, 30, ''),
(4428, '2018-11-23', 201810, 1500, 0, 30, ''),
(4429, '2018-11-23', 201810, 1000, 0, 30, ''),
(4430, '2018-11-23', 201810, 1500, 0, 30, ''),
(4431, '2018-11-23', 201810, 1500, 0, 30, ''),
(4432, '2018-11-23', 201810, 1000, 0, 30, ''),
(4433, '2018-11-23', 201810, 1500, 0, 30, ''),
(4434, '2018-11-23', 201810, 1500, 0, 30, ''),
(4435, '2018-11-23', 201810, 1500, 0, 30, ''),
(4436, '2018-11-23', 201810, 1500, 0, 30, ''),
(4437, '2018-11-23', 201810, 1500, 0, 30, ''),
(4438, '2018-11-23', 201810, 1000, 0, 30, ''),
(4439, '2018-11-23', 201810, 600, 0, 30, ''),
(4440, '2018-11-23', 201810, 1500, 0, 30, ''),
(4441, '2018-11-23', 201810, 1500, 0, 30, ''),
(4442, '2018-11-23', 201810, 1000, 0, 30, ''),
(4443, '2018-11-23', 201810, 1500, 0, 30, ''),
(4444, '2018-11-23', 201810, 1500, 0, 30, ''),
(4445, '2018-11-23', 201810, 1500, 0, 30, ''),
(4446, '2018-11-23', 201810, 1500, 0, 30, ''),
(4447, '2018-11-23', 201810, 1500, 0, 30, ''),
(4448, '2018-11-23', 201810, 1500, 0, 30, ''),
(4449, '2018-11-23', 201810, 700, 0, 30, ''),
(4450, '2018-11-23', 201810, 1000, 0, 30, ''),
(4451, '2018-11-23', 201810, 1000, 0, 30, ''),
(4452, '2018-11-23', 201810, 1000, 0, 30, ''),
(4453, '2018-11-23', 201810, 1000, 0, 30, ''),
(4454, '2018-11-23', 201810, 600, 0, 30, ''),
(4455, '2018-11-23', 201810, 600, 0, 30, ''),
(4456, '2018-11-23', 201810, 1500, 0, 30, ''),
(4457, '2018-11-23', 201810, 600, 0, 30, ''),
(4458, '2018-11-23', 201810, 1500, 0, 30, ''),
(4459, '2018-11-23', 201810, 600, 0, 30, ''),
(4460, '2018-11-23', 201810, 600, 0, 30, ''),
(4461, '2018-11-23', 201810, 600, 0, 30, ''),
(4462, '2018-11-23', 201810, 600, 0, 30, ''),
(4463, '2018-11-23', 201810, 600, 0, 30, ''),
(4464, '2018-11-23', 201810, 600, 0, 30, ''),
(4465, '2018-11-23', 201810, 600, 0, 30, ''),
(4466, '2018-11-23', 201810, 800, 0, 30, ''),
(4467, '2018-11-23', 201810, 1500, 0, 30, ''),
(4468, '2018-11-23', 201810, 300, 0, 30, ''),
(4469, '2018-11-23', 201810, 300, 0, 30, ''),
(4470, '2018-11-23', 201810, 300, 0, 30, ''),
(4471, '2018-11-23', 201810, 300, 0, 30, ''),
(4472, '2018-11-23', 201810, 1000, 0, 30, ''),
(4473, '2018-11-23', 201810, 1500, 0, 30, ''),
(4474, '2018-11-23', 201810, 1200, 0, 30, ''),
(4475, '2018-11-23', 201810, 1200, 0, 30, ''),
(4476, '2018-11-23', 201810, 1000, 0, 30, ''),
(4477, '2018-11-23', 201810, 500, 0, 30, ''),
(4478, '2018-11-23', 201810, 600, 0, 30, ''),
(4479, '2018-11-23', 201810, 600, 0, 30, ''),
(4480, '2018-11-23', 201810, 1200, 0, 30, ''),
(4481, '2018-11-23', 201810, 1500, 0, 30, ''),
(4482, '2018-11-23', 201810, 1700, 0, 30, ''),
(4483, '2018-11-23', 201810, 1500, 0, 30, ''),
(4484, '2018-11-23', 201810, 1200, 0, 30, ''),
(4485, '2018-11-23', 201810, 1200, 0, 30, ''),
(4487, '2018-11-23', 201810, 1300, 0, 30, ''),
(4488, '2018-11-23', 201810, 1200, 0, 30, ''),
(4489, '2018-11-23', 201810, 1200, 0, 30, ''),
(4490, '2018-11-23', 201810, 1500, 0, 30, ''),
(4491, '2018-11-23', 201810, 1200, 0, 30, ''),
(4492, '2018-11-23', 201810, 1500, 0, 30, ''),
(4493, '2018-11-23', 201810, 1200, 0, 30, ''),
(4494, '2018-11-23', 201810, 1500, 0, 30, ''),
(4495, '2018-11-23', 201810, 1200, 0, 30, ''),
(4496, '2018-11-23', 201810, 900, 0, 30, ''),
(4498, '2018-11-23', 201810, 1500, 0, 30, ''),
(4499, '2018-11-23', 201810, 950, 0, 30, ''),
(4500, '2018-11-23', 201810, 600, 0, 30, ''),
(4501, '2018-11-23', 201810, 1000, 0, 30, ''),
(4502, '2018-11-23', 201810, 1200, 0, 30, ''),
(4504, '2018-11-23', 201810, 1700, 0, 30, ''),
(4506, '2018-11-23', 201810, 1300, 0, 30, ''),
(4507, '2018-11-23', 201810, 1500, 0, 30, ''),
(4508, '2018-11-23', 201810, 1700, 0, 30, ''),
(4510, '2018-11-23', 201810, 1500, 0, 30, ''),
(4511, '2018-11-23', 201810, 1000, 0, 30, ''),
(4512, '2018-11-23', 201810, 1600, 0, 30, ''),
(4513, '2018-11-23', 201810, 1200, 0, 30, ''),
(4514, '2018-11-23', 201810, 1200, 0, 30, ''),
(4515, '2018-11-23', 201810, 1600, 0, 30, ''),
(4516, '2018-11-23', 201810, 1600, 0, 30, ''),
(4517, '2018-11-23', 201810, 1000, 0, 30, ''),
(4518, '2018-11-23', 201810, 900, 0, 30, ''),
(4519, '2018-11-23', 201810, 1500, 0, 30, ''),
(4520, '2018-11-23', 201810, 1200, 0, 30, ''),
(4521, '2018-11-23', 201810, 1500, 0, 30, ''),
(4522, '2018-11-23', 201810, 1500, 0, 30, ''),
(4523, '2018-11-23', 201810, 1000, 0, 30, ''),
(4524, '2018-11-23', 201810, 1500, 0, 30, ''),
(4525, '2018-11-23', 201810, 1200, 0, 30, ''),
(4526, '2018-11-23', 201810, 1600, 0, 30, ''),
(4527, '2018-11-23', 201810, 1600, 0, 30, ''),
(4528, '2018-11-23', 201810, 1700, 0, 30, ''),
(4529, '2018-11-23', 201810, 1500, 0, 30, ''),
(4530, '2018-11-23', 201810, 1600, 0, 30, ''),
(4531, '2018-11-23', 201810, 1300, 0, 30, ''),
(4532, '2018-11-23', 201810, 400, 0, 30, ''),
(4533, '2018-11-23', 201810, 600, 0, 30, ''),
(4534, '2018-11-23', 201810, 1400, 0, 30, ''),
(4535, '2018-11-23', 201810, 1200, 0, 30, ''),
(4536, '2018-11-23', 201810, 1300, 0, 30, ''),
(4537, '2018-11-23', 201810, 1500, 0, 30, ''),
(4538, '2018-11-23', 201810, 1600, 0, 30, ''),
(4539, '2018-11-23', 201810, 900, 0, 30, ''),
(4540, '2018-11-23', 201810, 1200, 0, 30, ''),
(4541, '2018-11-23', 201810, 1200, 0, 30, ''),
(4542, '2018-11-23', 201810, 1600, 0, 30, ''),
(4543, '2018-11-23', 201810, 1600, 0, 30, ''),
(4544, '2018-11-23', 201810, 1600, 0, 30, ''),
(4545, '2018-11-23', 201810, 1500, 0, 30, ''),
(4546, '2018-11-23', 201810, 1600, 0, 30, ''),
(4547, '2018-11-23', 201810, 1100, 0, 30, ''),
(4548, '2018-11-23', 201810, 1600, 0, 30, ''),
(4549, '2018-11-23', 201810, 1500, 0, 30, ''),
(4550, '2018-11-23', 201810, 1200, 0, 30, ''),
(4551, '2018-11-23', 201810, 800, 0, 30, ''),
(4552, '2018-11-23', 201810, 1000, 0, 30, ''),
(4553, '2018-11-23', 201810, 350, 0, 30, ''),
(4554, '2018-11-23', 201810, 1500, 0, 30, ''),
(4555, '2018-11-23', 201810, 1200, 0, 30, ''),
(4556, '2018-11-23', 201810, 1400, 0, 30, ''),
(4557, '2018-11-23', 201810, 1300, 0, 30, ''),
(4558, '2018-11-23', 201810, 1700, 0, 30, ''),
(4559, '2018-11-23', 201810, 1000, 0, 30, ''),
(4560, '2018-11-23', 201810, 350, 0, 30, ''),
(4561, '2018-11-23', 201810, 1200, 0, 30, ''),
(4562, '2018-11-23', 201810, 1000, 0, 30, ''),
(4563, '2018-11-23', 201810, 1600, 0, 30, ''),
(4564, '2018-11-23', 201810, 1200, 0, 30, ''),
(4565, '2018-11-23', 201810, 1600, 0, 30, ''),
(4566, '2018-11-23', 201810, 1600, 0, 30, ''),
(4567, '2018-11-23', 201810, 1200, 0, 30, ''),
(4568, '2018-11-23', 201810, 1300, 0, 30, ''),
(4569, '2018-11-23', 201810, 800, 0, 30, ''),
(4570, '2018-11-23', 201810, 1000, 0, 30, ''),
(4571, '2018-11-23', 201810, 400, 0, 30, ''),
(4572, '2018-11-23', 201810, 1300, 0, 30, ''),
(4573, '2018-11-23', 201810, 750, 0, 30, ''),
(4574, '2018-11-23', 201810, 1100, 0, 30, ''),
(4575, '2018-11-23', 201810, 1500, 0, 30, ''),
(4576, '2018-11-23', 201810, 1100, 0, 30, ''),
(4577, '2018-11-23', 201810, 900, 0, 30, ''),
(4578, '2018-11-23', 201810, 700, 0, 30, ''),
(4579, '2018-11-23', 201810, 1700, 0, 30, ''),
(4580, '2018-11-23', 201810, 1200, 0, 30, ''),
(4581, '2018-11-23', 201810, 1600, 0, 30, ''),
(4582, '2018-11-23', 201810, 700, 0, 30, ''),
(4583, '2018-11-23', 201810, 1600, 0, 30, ''),
(4584, '2018-11-23', 201810, 1600, 0, 30, ''),
(4585, '2018-11-23', 201810, 600, 0, 30, ''),
(4586, '2018-11-23', 201810, 1500, 0, 30, ''),
(4587, '2018-11-23', 201810, 1000, 0, 30, ''),
(4588, '2018-11-23', 201810, 500, 0, 30, ''),
(4589, '2018-11-23', 201810, 600, 0, 30, ''),
(4590, '2018-11-23', 201810, 1500, 0, 30, ''),
(4591, '2018-11-23', 201810, 1200, 0, 30, ''),
(4592, '2018-11-23', 201810, 700, 0, 30, ''),
(4593, '2018-11-23', 201810, 800, 0, 30, ''),
(4594, '2018-11-23', 201810, 1000, 0, 30, ''),
(4595, '2018-11-23', 201810, 1000, 0, 30, ''),
(4596, '2018-11-23', 201810, 600, 0, 30, ''),
(4597, '2018-11-23', 201810, 1600, 0, 30, ''),
(4598, '2018-11-23', 201810, 500, 0, 30, ''),
(4599, '2018-11-23', 201810, 1200, 0, 30, ''),
(4600, '2018-11-23', 201810, 1500, 0, 30, ''),
(4601, '2018-11-23', 201810, 1000, 0, 30, ''),
(4602, '2018-11-23', 201810, 1200, 0, 30, ''),
(4603, '2018-11-23', 201810, 1200, 0, 30, ''),
(4604, '2018-11-23', 201810, 1000, 0, 30, ''),
(4605, '2018-11-23', 201810, 800, 0, 30, ''),
(4606, '2018-11-23', 201810, 1600, 0, 30, ''),
(4607, '2018-11-23', 201810, 1600, 0, 30, ''),
(4608, '2018-11-23', 201810, 800, 0, 30, ''),
(4609, '2018-11-23', 201810, 700, 0, 30, ''),
(4610, '2018-11-23', 201810, 1600, 0, 30, ''),
(4611, '2018-11-23', 201810, 500, 0, 30, ''),
(4612, '2018-11-23', 201810, 1000, 0, 30, ''),
(4613, '2018-11-23', 201810, 1000, 0, 30, ''),
(4614, '2018-11-23', 201810, 500, 0, 30, ''),
(4615, '2018-11-23', 201810, 1100, 0, 30, ''),
(4616, '2018-11-23', 201810, 700, 0, 30, ''),
(4617, '2018-11-23', 201810, 700, 0, 30, ''),
(4618, '2018-11-23', 201810, 500, 0, 30, ''),
(4619, '2018-11-23', 201810, 500, 0, 30, ''),
(4620, '2018-11-23', 201810, 1600, 0, 30, ''),
(4621, '2018-11-23', 201810, 800, 0, 30, ''),
(4622, '2018-11-23', 201810, 1400, 0, 30, ''),
(4623, '2018-11-23', 201810, 1000, 0, 30, ''),
(4624, '2018-11-23', 201810, 900, 0, 30, ''),
(4625, '2018-11-23', 201810, 700, 0, 30, ''),
(4626, '2018-11-23', 201810, 800, 0, 30, ''),
(4627, '2018-11-23', 201810, 1600, 0, 30, ''),
(4628, '2018-11-23', 201810, 900, 0, 30, ''),
(4629, '2018-11-23', 201810, 1600, 0, 30, ''),
(4630, '2018-11-23', 201810, 1600, 0, 30, ''),
(4631, '2018-11-23', 201810, 1600, 0, 30, ''),
(4632, '2018-11-23', 201810, 1600, 0, 30, ''),
(4633, '2018-11-23', 201810, 700, 0, 30, ''),
(4634, '2018-11-23', 201810, 700, 0, 30, ''),
(4635, '2018-11-23', 201810, 700, 0, 30, ''),
(4636, '2018-11-23', 201810, 700, 0, 30, ''),
(4637, '2018-11-23', 201810, 700, 0, 30, ''),
(4638, '2018-11-23', 201810, 700, 0, 30, ''),
(4639, '2018-11-23', 201810, 700, 0, 30, ''),
(4640, '2018-11-23', 201810, 700, 0, 30, ''),
(4641, '2018-11-23', 201810, 1000, 0, 30, ''),
(4642, '2018-11-23', 201810, 700, 0, 30, ''),
(4643, '2018-11-23', 201810, 700, 0, 30, ''),
(4644, '2018-11-23', 201810, 1600, 0, 30, ''),
(4645, '2018-11-23', 201810, 1000, 0, 30, ''),
(4646, '2018-11-23', 201810, 500, 0, 30, ''),
(4647, '2018-11-23', 201810, 1200, 0, 30, ''),
(4648, '2018-11-23', 201810, 1200, 0, 30, ''),
(4649, '2018-11-23', 201810, 700, 0, 30, ''),
(4650, '2018-11-23', 201810, 900, 0, 30, ''),
(4651, '2018-11-23', 201810, 900, 0, 30, ''),
(4652, '2018-11-23', 201810, 1500, 0, 30, ''),
(4653, '2018-11-23', 201810, 1000, 0, 30, ''),
(4654, '2018-11-23', 201810, 1000, 0, 30, ''),
(4655, '2018-11-23', 201810, 600, 0, 30, ''),
(4656, '2018-11-23', 201810, 1000, 0, 30, ''),
(4657, '2018-11-23', 201810, 1500, 0, 30, ''),
(4658, '2018-11-23', 201810, 1200, 0, 30, ''),
(4659, '2018-11-23', 201810, 1100, 0, 30, ''),
(4660, '2018-11-23', 201810, 500, 0, 30, ''),
(4661, '2018-11-23', 201810, 1100, 0, 30, ''),
(4662, '2018-11-23', 201810, 700, 0, 30, ''),
(4663, '2018-11-23', 201810, 1200, 0, 30, ''),
(4664, '2018-11-23', 201810, 1500, 0, 30, ''),
(4665, '2018-11-23', 201810, 1700, 0, 30, ''),
(4666, '2018-11-23', 201810, 1300, 0, 30, ''),
(4667, '2018-11-23', 201810, 1500, 0, 30, ''),
(4668, '2018-11-23', 201810, 1600, 0, 30, ''),
(4669, '2018-11-23', 201810, 1500, 0, 30, ''),
(4670, '2018-11-23', 201810, 1600, 0, 30, ''),
(4671, '2018-11-23', 201810, 1200, 0, 30, ''),
(4672, '2018-11-23', 201810, 1700, 0, 30, ''),
(4673, '2018-11-23', 201810, 1600, 0, 30, ''),
(4674, '2018-11-23', 201810, 1600, 0, 30, ''),
(4675, '2018-11-23', 201810, 800, 0, 30, ''),
(4676, '2018-11-23', 201810, 1400, 0, 30, ''),
(4677, '2018-11-23', 201810, 1000, 0, 30, ''),
(4678, '2018-11-23', 201810, 1200, 0, 30, ''),
(4679, '2018-11-23', 201810, 1600, 0, 30, ''),
(4680, '2018-11-23', 201810, 1500, 0, 30, ''),
(4681, '2018-11-23', 201810, 1400, 0, 30, ''),
(4682, '2018-11-23', 201810, 1200, 0, 30, ''),
(4683, '2018-11-23', 201810, 500, 0, 30, ''),
(4684, '2018-11-23', 201810, 900, 0, 30, ''),
(4685, '2018-11-23', 201810, 1000, 0, 30, ''),
(4686, '2018-11-23', 201810, 1400, 0, 30, ''),
(4687, '2018-11-23', 201810, 1000, 0, 30, ''),
(4688, '2018-11-23', 201810, 1400, 0, 30, ''),
(4689, '2018-11-23', 201810, 1500, 0, 30, ''),
(4690, '2018-11-23', 201810, 1100, 0, 30, ''),
(4691, '2018-11-23', 201810, 1400, 0, 30, ''),
(4692, '2018-11-23', 201810, 1600, 0, 30, ''),
(4693, '2018-11-23', 201810, 400, 0, 30, ''),
(4694, '2018-11-23', 201810, 400, 0, 30, ''),
(4695, '2018-11-23', 201810, 1000, 0, 30, ''),
(4697, '2018-11-23', 201810, 1000, 0, 30, ''),
(4698, '2018-11-23', 201810, 1000, 0, 30, ''),
(4699, '2018-11-23', 201810, 1300, 0, 30, ''),
(4700, '2018-11-23', 201810, 500, 0, 30, ''),
(4701, '2018-11-23', 201810, 1200, 0, 30, ''),
(4702, '2018-11-23', 201810, 1200, 0, 30, ''),
(4703, '2018-11-23', 201810, 800, 0, 30, ''),
(4704, '2018-11-23', 201810, 1300, 0, 30, ''),
(4705, '2018-11-23', 201810, 950, 0, 30, ''),
(4706, '2018-11-23', 201810, 1000, 0, 30, ''),
(4707, '2018-11-23', 201810, 1300, 0, 30, ''),
(4708, '2018-11-23', 201810, 700, 0, 30, ''),
(4709, '2018-11-23', 201810, 700, 0, 30, ''),
(4710, '2018-11-23', 201810, 1700, 0, 30, ''),
(4711, '2018-11-23', 201810, 700, 0, 30, ''),
(4712, '2018-11-23', 201810, 1000, 0, 30, ''),
(4713, '2018-11-26', 201810, 1700, 0, 30, ''),
(4714, '2018-11-26', 201810, 750, 0, 30, ''),
(4715, '2018-11-26', 201810, 750, 0, 30, ''),
(4716, '2018-11-26', 201810, 750, 0, 30, ''),
(4717, '2018-11-26', 201810, 750, 0, 30, ''),
(4718, '2018-11-26', 201810, 750, 0, 30, ''),
(4719, '2018-11-26', 201810, 750, 0, 30, ''),
(4720, '2018-11-26', 201810, 750, 0, 30, ''),
(4721, '2018-11-26', 201810, 1400, 0, 30, ''),
(4722, '2018-11-26', 201810, 1200, 0, 30, ''),
(4723, '2018-11-26', 201810, 750, 0, 30, ''),
(4724, '2018-11-26', 201810, 900, 0, 30, ''),
(4725, '2018-11-26', 201810, 900, 0, 30, ''),
(4726, '2018-11-26', 201810, 1000, 0, 30, ''),
(4727, '2018-11-26', 201810, 1500, 0, 30, ''),
(4728, '2018-11-26', 201810, 1400, 0, 30, ''),
(4729, '2018-11-26', 201810, 1400, 0, 30, ''),
(4730, '2018-11-26', 201810, 1200, 0, 30, ''),
(4731, '2018-11-26', 201810, 1200, 0, 30, ''),
(4732, '2018-11-26', 201810, 1500, 0, 30, ''),
(4733, '2018-11-26', 201810, 1000, 0, 30, ''),
(4734, '2018-11-26', 201810, 1000, 0, 30, ''),
(4735, '2018-11-26', 201810, 1700, 0, 30, ''),
(4736, '2018-11-26', 201810, 700, 0, 30, ''),
(4737, '2018-11-26', 201810, 1000, 0, 30, ''),
(4738, '2018-11-26', 201810, 1000, 0, 30, ''),
(4739, '2018-11-26', 201810, 900, 0, 30, ''),
(4740, '2018-11-26', 201810, 350, 0, 30, ''),
(4741, '2018-11-26', 201810, 600, 0, 30, ''),
(4742, '2018-11-26', 201810, 900, 0, 30, ''),
(4743, '2018-11-26', 201810, 600, 0, 30, ''),
(4744, '2018-11-26', 201810, 1200, 0, 30, ''),
(4745, '2018-11-26', 201810, 600, 0, 30, ''),
(4746, '2018-11-26', 201810, 600, 0, 30, ''),
(4747, '2018-11-26', 201810, 600, 0, 30, ''),
(4748, '2018-11-26', 201810, 600, 0, 30, ''),
(4749, '2018-11-26', 201810, 600, 0, 30, ''),
(4750, '2018-11-26', 201810, 600, 0, 30, ''),
(4751, '2018-11-26', 201810, 600, 0, 30, ''),
(4752, '2018-11-26', 201810, 600, 0, 30, ''),
(4753, '2018-11-26', 201810, 700, 0, 30, ''),
(4754, '2018-11-26', 201810, 700, 0, 30, ''),
(4755, '2018-11-26', 201810, 700, 0, 30, ''),
(4756, '2018-11-26', 201810, 700, 0, 30, ''),
(4757, '2018-11-26', 201810, 700, 0, 30, ''),
(4758, '2018-11-26', 201810, 700, 0, 30, ''),
(4759, '2018-11-26', 201810, 700, 0, 30, ''),
(4760, '2018-11-26', 201810, 1000, 0, 30, ''),
(4761, '2018-11-26', 201810, 1300, 0, 30, ''),
(4762, '2018-11-26', 201810, 1300, 0, 30, ''),
(4763, '2018-11-26', 201810, 1300, 0, 30, ''),
(4764, '2018-11-26', 201810, 1300, 0, 30, ''),
(4765, '2018-11-26', 201810, 1300, 0, 30, ''),
(4766, '2018-11-26', 201810, 1300, 0, 30, ''),
(4767, '2018-11-26', 201810, 1500, 0, 30, ''),
(4768, '2018-11-26', 201810, 1500, 0, 30, ''),
(4769, '2018-11-26', 201810, 1500, 0, 30, ''),
(4770, '2018-11-27', 201810, 1000, 0, 30, ''),
(4771, '2018-11-27', 201810, 900, 0, 30, ''),
(4772, '2018-11-27', 201810, 800, 0, 30, ''),
(4773, '2018-11-27', 201810, 1200, 0, 30, ''),
(4774, '2018-11-27', 201810, 1000, 0, 30, ''),
(4775, '2018-11-27', 201810, 800, 0, 30, ''),
(4776, '2018-11-27', 201810, 500, 0, 30, ''),
(4777, '2018-11-27', 201810, 700, 0, 30, ''),
(4778, '2018-11-27', 201810, 1400, 0, 30, ''),
(4779, '2018-11-27', 201810, 1000, 0, 30, ''),
(4780, '2018-11-27', 201810, 1700, 0, 30, ''),
(4781, '2018-11-27', 201810, 1000, 0, 30, ''),
(4782, '2018-11-28', 201810, 1700, 0, 30, ''),
(4783, '2018-11-28', 201810, 1000, 0, 30, ''),
(4784, '2018-11-28', 201810, 1000, 0, 30, ''),
(4785, '2018-11-28', 201810, 1700, 0, 30, ''),
(4786, '2018-11-28', 201810, 700, 0, 30, ''),
(4787, '2018-11-28', 201810, 1000, 0, 30, ''),
(4788, '2018-11-28', 201810, 1000, 0, 30, ''),
(4789, '2018-11-29', 201810, 1000, 0, 30, ''),
(4790, '2018-11-29', 201810, 1000, 0, 30, ''),
(4791, '2018-11-29', 201810, 1200, 0, 30, ''),
(4792, '2018-11-30', 201810, 1500, 0, 30, ''),
(4793, '2018-11-30', 201810, 800, 0, 30, ''),
(4794, '2018-11-30', 201810, 1200, 0, 30, ''),
(4795, '2018-12-03', 201810, 800, 0, 30, ''),
(4796, '2018-12-03', 201810, 1000, 0, 30, ''),
(4797, '2018-12-05', 201810, 1200, 0, 30, ''),
(4798, '2018-12-11', 201810, 600, 0, 30, ''),
(4799, '2018-12-13', 201810, 500, 0, 30, ''),
(4800, '2018-12-14', 201810, 1500, 0, 30, ''),
(4802, '2018-12-19', 201811, 600, 0, 30, '');

-- --------------------------------------------------------

--
-- Estructura de tabla para la tabla `cuotabeneficio`
--

CREATE TABLE `cuotabeneficio` (
  `cuotabeneficio_id` int(11) NOT NULL,
  `compuesto` int(11) DEFAULT NULL,
  `compositor` int(11) DEFAULT NULL
) ENGINE=InnoDB DEFAULT CHARSET=utf8 COLLATE=utf8_spanish_ci;

--
-- Volcado de datos para la tabla `cuotabeneficio`
--

INSERT INTO `cuotabeneficio` (`cuotabeneficio_id`, `compuesto`, `compositor`) VALUES
(3, 108, 3),
(69, 36, 69),
(92, 97, 92),
(97, 34, 97),
(102, 230, 102),
(167, 412, 167),
(198, 366, 198),
(267, 407, 267),
(305, 40, 305),
(479, 47, 473),
(498, 891, 492),
(611, 638, 605),
(617, 52, 611),
(636, 14, 630),
(853, 62, 318),
(854, 62, 757),
(855, 65, 25),
(856, 65, 758),
(857, 57, 91),
(858, 57, 759),
(1185, 30, 77),
(1186, 30, 926),
(1230, 470, 259),
(1231, 470, 949),
(2149, 895, 616),
(2150, 895, 745),
(2151, 895, 1382),
(2218, 849, 38),
(2219, 849, 827),
(2220, 849, 1405),
(2704, 910, 1572),
(2861, 161, 27),
(2862, 161, 871),
(2863, 161, 1626),
(2867, 145, 114),
(2868, 145, 882),
(2869, 145, 1628),
(2876, 759, 78),
(2877, 759, 744),
(2878, 759, 1631),
(2968, 56, 275),
(2969, 56, 1260),
(2970, 56, 1663),
(3031, 162, 299),
(3032, 162, 1309),
(3033, 162, 1685),
(3037, 853, 73),
(3038, 853, 764),
(3039, 853, 1687),
(3716, 142, 401),
(3717, 142, 1202),
(3718, 142, 1925),
(3763, 228, 47),
(3764, 228, 810),
(3765, 228, 1941),
(3782, 238, 99),
(3783, 238, 902),
(3784, 238, 1948),
(3998, 41, 453),
(3999, 41, 715),
(4000, 41, 1678),
(4001, 41, 2017),
(4002, 84, 108),
(4003, 84, 709),
(4004, 84, 1681),
(4005, 84, 2018),
(4404, 265, 512),
(4405, 265, 684),
(4406, 265, 1499),
(4407, 265, 2126),
(4408, 266, 513),
(4409, 266, 685),
(4410, 266, 1500),
(4411, 266, 2127),
(4412, 267, 514),
(4413, 267, 686),
(4414, 267, 1501),
(4415, 267, 2128),
(4416, 268, 515),
(4417, 268, 687),
(4418, 268, 1502),
(4419, 268, 2129),
(4420, 269, 516),
(4421, 269, 689),
(4422, 269, 1503),
(4423, 269, 2130),
(4432, 272, 519),
(4433, 272, 692),
(4434, 272, 1506),
(4435, 272, 2133),
(4452, 276, 523),
(4453, 276, 703),
(4454, 276, 1511),
(4455, 276, 2138),
(4456, 277, 524),
(4457, 277, 704),
(4458, 277, 1512),
(4459, 277, 2139),
(4460, 278, 525),
(4461, 278, 706),
(4462, 278, 1513),
(4463, 278, 2140),
(4464, 279, 526),
(4465, 279, 707),
(4466, 279, 1514),
(4467, 279, 2141),
(4468, 280, 527),
(4469, 280, 708),
(4470, 280, 1515),
(4471, 280, 2142),
(4472, 281, 528),
(4473, 281, 711),
(4474, 281, 1516),
(4475, 281, 2143),
(4476, 282, 529),
(4477, 282, 712),
(4478, 282, 1517),
(4479, 282, 2144),
(4484, 284, 531),
(4485, 284, 714),
(4486, 284, 1519),
(4487, 284, 2146),
(4488, 285, 532),
(4489, 285, 716),
(4490, 285, 1520),
(4491, 285, 2147),
(4492, 286, 533),
(4493, 286, 718),
(4494, 286, 1521),
(4495, 286, 2148),
(4496, 287, 534),
(4497, 287, 720),
(4498, 287, 1522),
(4499, 287, 2149),
(4500, 288, 535),
(4501, 288, 723),
(4502, 288, 1523),
(4503, 288, 2150),
(4504, 289, 536),
(4505, 289, 724),
(4506, 289, 1524),
(4507, 289, 2151),
(4508, 290, 537),
(4509, 290, 725),
(4510, 290, 1525),
(4511, 290, 2152),
(4512, 291, 538),
(4513, 291, 727),
(4514, 291, 1526),
(4515, 291, 2153),
(4516, 292, 539),
(4517, 292, 728),
(4518, 292, 1527),
(4519, 292, 2154),
(4520, 293, 540),
(4521, 293, 731),
(4522, 293, 1528),
(4523, 293, 2155),
(4524, 294, 541),
(4525, 294, 732),
(4526, 294, 1529),
(4527, 294, 2156),
(4528, 295, 542),
(4529, 295, 733),
(4530, 295, 1530),
(4531, 295, 2157),
(4532, 296, 543),
(4533, 296, 736),
(4534, 296, 1531),
(4535, 296, 2158),
(4536, 297, 544),
(4537, 297, 737),
(4538, 297, 1532),
(4539, 297, 2159),
(4540, 298, 545),
(4541, 298, 739),
(4542, 298, 1533),
(4543, 298, 2160),
(4544, 299, 546),
(4545, 299, 742),
(4546, 299, 1534),
(4547, 299, 2161),
(4623, 878, 463),
(4624, 878, 789),
(4625, 878, 1379),
(4626, 878, 2181),
(4761, 585, 331),
(4762, 585, 851),
(4763, 585, 1346),
(4764, 585, 2217),
(4773, 590, 337),
(4774, 590, 858),
(4775, 590, 1350),
(4776, 590, 2220),
(4796, 593, 342),
(4797, 593, 866),
(4798, 593, 1355),
(4799, 593, 2226),
(4800, 594, 345),
(4801, 594, 868),
(4802, 594, 1356),
(4803, 594, 2227),
(4804, 595, 348),
(4805, 595, 869),
(4806, 595, 1357),
(4807, 595, 2228),
(4808, 596, 350),
(4809, 596, 872),
(4810, 596, 1358),
(4811, 596, 2229),
(4812, 597, 353),
(4813, 597, 874),
(4814, 597, 1359),
(4815, 597, 2230),
(5324, 511, 651),
(5325, 511, 1035),
(5326, 511, 1841),
(5327, 511, 2374),
(5328, 454, 190),
(5329, 454, 1088),
(5330, 454, 1733),
(5331, 454, 2375),
(5332, 469, 269),
(5333, 469, 1058),
(5334, 469, 1875),
(5335, 469, 2376),
(5336, 461, 169),
(5337, 461, 930),
(5338, 461, 1777),
(5339, 461, 2377),
(5340, 968, 2378),
(5341, 457, 186),
(5342, 457, 931),
(5343, 457, 1735),
(5344, 457, 2379),
(5349, 898, 939),
(5350, 898, 1736),
(5351, 898, 2381),
(5356, 463, 203),
(5357, 463, 941),
(5358, 463, 1737),
(5359, 463, 2383),
(5360, 429, 138),
(5361, 429, 970),
(5362, 429, 1743),
(5363, 429, 2384),
(5364, 468, 139),
(5365, 468, 967),
(5366, 468, 1745),
(5367, 468, 2385),
(5368, 455, 622),
(5369, 455, 971),
(5370, 455, 1744),
(5371, 455, 2386),
(5372, 722, 621),
(5373, 722, 965),
(5374, 722, 1873),
(5375, 722, 2387),
(5376, 402, 137),
(5377, 402, 944),
(5378, 402, 1738),
(5379, 402, 2388),
(5380, 467, 164),
(5381, 467, 994),
(5382, 467, 1739),
(5383, 467, 2389),
(5384, 921, 1017),
(5385, 921, 1746),
(5386, 921, 2390),
(5390, 947, 1748),
(5391, 947, 2392),
(5392, 504, 217),
(5393, 504, 940),
(5394, 504, 1854),
(5395, 504, 2393),
(5400, 460, 152),
(5401, 460, 933),
(5402, 460, 1883),
(5403, 460, 2395),
(5404, 459, 168),
(5405, 459, 937),
(5406, 459, 1740),
(5407, 459, 2396),
(5416, 502, 219),
(5417, 502, 1016),
(5418, 502, 1770),
(5419, 502, 2399),
(5420, 934, 1764),
(5421, 934, 2400),
(5422, 426, 208),
(5423, 426, 1014),
(5424, 426, 1769),
(5425, 426, 2401),
(5426, 486, 229),
(5427, 486, 929),
(5428, 486, 1732),
(5429, 486, 2402),
(5430, 456, 216),
(5431, 456, 974),
(5432, 456, 1734),
(5433, 456, 2403),
(5434, 473, 254),
(5435, 473, 1006),
(5436, 473, 1756),
(5437, 473, 2404),
(5438, 491, 148),
(5439, 491, 964),
(5440, 491, 1781),
(5441, 491, 2405),
(5446, 482, 197),
(5447, 482, 984),
(5448, 482, 1808),
(5449, 482, 2407),
(5458, 423, 153),
(5459, 423, 977),
(5460, 423, 1790),
(5461, 423, 2410),
(5462, 970, 2411),
(5471, 471, 625),
(5472, 471, 943),
(5473, 471, 1747),
(5474, 471, 2414),
(5479, 925, 978),
(5480, 925, 1753),
(5481, 925, 2416),
(5494, 444, 143),
(5495, 444, 997),
(5496, 444, 1773),
(5497, 444, 2420),
(5498, 484, 645),
(5499, 484, 998),
(5500, 484, 1774),
(5501, 484, 2421),
(5502, 475, 141),
(5503, 475, 985),
(5504, 475, 1765),
(5505, 475, 2422),
(5506, 443, 142),
(5507, 443, 986),
(5508, 443, 1766),
(5509, 443, 2423),
(5514, 487, 151),
(5515, 487, 1031),
(5516, 487, 1784),
(5517, 487, 2425),
(5530, 414, 131),
(5531, 414, 991),
(5532, 414, 1755),
(5533, 414, 2429),
(5534, 710, 231),
(5535, 710, 960),
(5536, 710, 1886),
(5537, 710, 2430),
(5538, 485, 266),
(5539, 485, 958),
(5540, 485, 1872),
(5541, 485, 2431),
(5545, 711, 234),
(5546, 711, 975),
(5547, 711, 1809),
(5548, 711, 2433),
(5569, 424, 160),
(5570, 424, 1076),
(5571, 424, 1822),
(5572, 424, 2439),
(5601, 435, 206),
(5602, 435, 1062),
(5603, 435, 1758),
(5604, 435, 2447),
(5605, 464, 218),
(5606, 464, 968),
(5607, 464, 1761),
(5608, 464, 2448),
(5613, 492, 175),
(5614, 492, 1060),
(5615, 492, 1844),
(5616, 492, 2450),
(5617, 709, 235),
(5618, 709, 959),
(5619, 709, 1760),
(5620, 709, 2451),
(5621, 466, 232),
(5622, 466, 962),
(5623, 466, 1762),
(5624, 466, 2452),
(5665, 416, 237),
(5666, 416, 1059),
(5667, 416, 1843),
(5668, 416, 2464),
(5669, 379, 239),
(5670, 379, 1061),
(5671, 379, 1759),
(5672, 379, 2465),
(5677, 493, 183),
(5678, 493, 973),
(5679, 493, 1750),
(5680, 493, 2467),
(5681, 478, 241),
(5682, 478, 1001),
(5683, 478, 1782),
(5684, 478, 2468),
(5689, 476, 210),
(5690, 476, 1029),
(5691, 476, 1860),
(5692, 476, 2470),
(5693, 472, 255),
(5694, 472, 1043),
(5695, 472, 1864),
(5696, 472, 2471),
(5697, 465, 215),
(5698, 465, 961),
(5699, 465, 1778),
(5700, 465, 2472),
(5701, 462, 166),
(5702, 462, 948),
(5703, 462, 1858),
(5704, 462, 2473),
(5709, 480, 155),
(5710, 480, 1000),
(5711, 480, 1780),
(5712, 480, 2475),
(5729, 497, 236),
(5730, 497, 1007),
(5731, 497, 1827),
(5732, 497, 2480),
(5733, 806, 233),
(5734, 806, 1008),
(5735, 806, 1828),
(5736, 806, 2481),
(5748, 420, 177),
(5749, 420, 1050),
(5750, 420, 1870),
(5751, 420, 2485),
(5752, 371, 178),
(5753, 371, 1049),
(5754, 371, 1869),
(5755, 371, 2486),
(5764, 512, 268),
(5765, 512, 957),
(5766, 512, 1772),
(5767, 512, 2489),
(5780, 483, 158),
(5781, 483, 981),
(5782, 483, 1826),
(5783, 483, 2493),
(5784, 489, 238),
(5785, 489, 980),
(5786, 489, 1867),
(5787, 489, 2494),
(5809, 915, 1044),
(5810, 915, 1897),
(5811, 915, 2501),
(5812, 479, 253),
(5813, 479, 1042),
(5814, 479, 1898),
(5815, 479, 2502),
(5822, 513, 227),
(5823, 513, 963),
(5824, 513, 1763),
(5825, 513, 2505),
(5847, 490, 136),
(5848, 490, 946),
(5849, 490, 1890),
(5850, 490, 2512),
(5855, 983, 2514),
(5871, 453, 252),
(5872, 453, 1070),
(5873, 453, 1866),
(5874, 453, 2519),
(5879, 446, 170),
(5880, 446, 936),
(5881, 446, 1776),
(5882, 446, 2521),
(5883, 449, 646),
(5884, 449, 1045),
(5885, 449, 1768),
(5886, 449, 2522),
(5899, 474, 243),
(5900, 474, 1039),
(5901, 474, 1856),
(5902, 474, 2526),
(5903, 501, 624),
(5904, 501, 976),
(5905, 501, 1751),
(5906, 501, 2527),
(5915, 380, 130),
(5916, 380, 1083),
(5917, 380, 1888),
(5918, 380, 2530),
(5919, 413, 220),
(5920, 413, 1081),
(5921, 413, 1884),
(5922, 413, 2531),
(5923, 450, 165),
(5924, 450, 953),
(5925, 450, 1887),
(5926, 450, 2532),
(5931, 505, 270),
(5932, 505, 932),
(5933, 505, 1859),
(5934, 505, 2534),
(5939, 477, 644),
(5940, 477, 1269),
(5941, 477, 1899),
(5942, 477, 2536),
(5943, 427, 263),
(5944, 427, 1015),
(5945, 427, 1805),
(5946, 427, 2537),
(5985, 458, 258),
(5986, 458, 1052),
(5987, 458, 1861),
(5988, 458, 2549),
(6004, 494, 171),
(6005, 494, 938),
(6006, 494, 1907),
(6007, 494, 2554),
(6010, 515, 1267),
(6011, 515, 1268),
(6012, 515, 1912),
(6013, 515, 2556),
(6359, 4, 662),
(6360, 4, 1971),
(6361, 4, 2652),
(6578, 60, 100),
(6579, 60, 721),
(6580, 60, 1539),
(6581, 60, 2016),
(6582, 60, 2698),
(6892, 43, 111),
(6893, 43, 913),
(6894, 43, 1607),
(6895, 43, 2360),
(6896, 43, 2763),
(7268, 283, 530),
(7269, 283, 713),
(7270, 283, 1518),
(7271, 283, 2145),
(7353, 39, 127),
(7354, 39, 1664),
(7355, 39, 2049),
(7356, 39, 2889),
(7780, 28, 274),
(7781, 28, 1301),
(7782, 28, 1966),
(7783, 28, 2093),
(7784, 28, 2988),
(8991, 64, 422),
(8992, 64, 828),
(8993, 64, 1672),
(8994, 64, 2582),
(8995, 64, 3321),
(9004, 31, 629),
(9005, 31, 1239),
(9006, 31, 1721),
(9007, 31, 2590),
(9008, 31, 3324),
(9009, 15, 657),
(9010, 15, 1297),
(9011, 15, 1476),
(9012, 15, 3325),
(9114, 24, 628),
(9115, 24, 1236),
(9116, 24, 1716),
(9117, 24, 2589),
(9118, 24, 3349),
(9177, 576, 489),
(9178, 576, 831),
(9179, 576, 1339),
(9180, 576, 2207),
(9181, 576, 2787),
(9182, 576, 3363),
(9568, 173, 84),
(9569, 173, 1256),
(9570, 173, 1426),
(9571, 173, 2349),
(9572, 173, 2774),
(9573, 173, 3471),
(9577, 174, 66),
(9578, 174, 900),
(9579, 174, 1430),
(9580, 174, 2350),
(9581, 174, 2769),
(9582, 174, 3475),
(9616, 16, 438),
(9617, 16, 890),
(9618, 16, 1440),
(9619, 16, 2072),
(9620, 16, 3008),
(9621, 16, 3484),
(9647, 109, 4),
(9648, 109, 897),
(9649, 109, 1469),
(9650, 109, 2092),
(9651, 109, 2758),
(9652, 109, 3490),
(9672, 33, 45),
(9673, 33, 1166),
(9674, 33, 1637),
(9675, 33, 2082),
(9676, 33, 2964),
(9677, 33, 3495),
(11139, 114, 443),
(11140, 114, 1216),
(11141, 114, 2636),
(11142, 114, 3357),
(11143, 114, 3809),
(11165, 2, 626),
(11166, 2, 1274),
(11167, 2, 1924),
(11168, 2, 2611),
(11169, 2, 3318),
(11170, 2, 3816),
(11203, 944, 2591),
(11204, 944, 2989),
(11205, 944, 3824),
(11408, 920, 680),
(11409, 920, 1817),
(11410, 920, 2559),
(11411, 920, 3077),
(11412, 920, 3887),
(11885, 363, 648),
(11886, 363, 1307),
(11887, 363, 1893),
(11888, 363, 2538),
(11889, 363, 3182),
(11890, 363, 3997),
(12097, 993, 2966),
(12098, 993, 4044),
(12168, 99, 663),
(12169, 99, 4061),
(12170, 71, 4062),
(12171, 119, 1958),
(12172, 119, 1959),
(12173, 119, 2610),
(12174, 119, 3322),
(12175, 119, 4063),
(12176, 134, 659),
(12177, 134, 1957),
(12178, 134, 2643),
(12179, 134, 3323),
(12180, 134, 4064),
(12183, 943, 4066),
(12184, 1255, 3506),
(12185, 1255, 4067),
(12193, 1254, 3498),
(12194, 1254, 4069),
(12195, 1253, 3499),
(12196, 1253, 4070),
(12197, 1252, 3508),
(12198, 1252, 4071),
(12213, 1257, 3505),
(12214, 1257, 4074),
(12215, 120, 619),
(12216, 120, 1195),
(12217, 120, 1581),
(12218, 120, 2103),
(12219, 120, 4024),
(12220, 120, 4075),
(12221, 122, 656),
(12222, 122, 870),
(12223, 122, 1417),
(12224, 122, 2608),
(12225, 122, 2707),
(12226, 122, 3442),
(12227, 122, 4076),
(12228, 1258, 3443),
(12229, 1258, 4077),
(12230, 81, 81),
(12231, 81, 1112),
(12232, 81, 1418),
(12233, 81, 2069),
(12234, 81, 2705),
(12235, 81, 3444),
(12236, 81, 4078),
(12237, 46, 351),
(12238, 46, 1299),
(12239, 46, 1955),
(12240, 46, 2090),
(12241, 46, 3002),
(12242, 46, 3549),
(12243, 46, 4079),
(12244, 1218, 3552),
(12245, 1218, 4080),
(12246, 1152, 3604),
(12247, 1152, 4081),
(12248, 973, 2029),
(12249, 973, 2931),
(12250, 973, 3436),
(12251, 973, 4082),
(12252, 1243, 3453),
(12253, 1243, 4083),
(12254, 1189, 3400),
(12255, 1189, 4084),
(12256, 1190, 3404),
(12257, 1190, 4085),
(12258, 1209, 3399),
(12259, 1209, 4086),
(12260, 762, 128),
(12261, 762, 901),
(12262, 762, 1642),
(12263, 762, 2580),
(12264, 762, 2703),
(12265, 762, 3463),
(12266, 762, 4087),
(12267, 1225, 3401),
(12268, 1225, 4088),
(12269, 1012, 2911),
(12270, 1012, 3470),
(12271, 1012, 4089),
(12272, 1247, 3468),
(12273, 1247, 4090),
(12274, 1200, 3390),
(12275, 1200, 4091),
(12276, 1224, 3754),
(12277, 1224, 4092),
(12278, 1233, 3523),
(12279, 1233, 4093),
(12280, 221, 346),
(12281, 221, 797),
(12282, 221, 1445),
(12283, 221, 2054),
(12284, 221, 2781),
(12285, 221, 3391),
(12286, 221, 4094),
(12287, 1158, 3393),
(12288, 1158, 4095),
(12289, 176, 358),
(12290, 176, 754),
(12291, 176, 1435),
(12292, 176, 2234),
(12293, 176, 2838),
(12294, 176, 4051),
(12295, 176, 4096),
(12296, 1172, 3418),
(12297, 1172, 4097),
(12298, 801, 83),
(12299, 801, 836),
(12300, 801, 1546),
(12301, 801, 2002),
(12302, 801, 2829),
(12303, 801, 4046),
(12304, 801, 4098),
(12305, 1159, 3396),
(12306, 1159, 4099),
(12307, 1161, 3466),
(12308, 1161, 4100),
(12309, 1235, 3785),
(12310, 1235, 4101),
(12311, 1213, 3474),
(12312, 1213, 4102),
(12313, 19, 126),
(12314, 19, 770),
(12315, 19, 1689),
(12316, 19, 2105),
(12317, 19, 2729),
(12318, 19, 4038),
(12319, 19, 4103),
(12320, 234, 123),
(12321, 234, 821),
(12322, 234, 1963),
(12323, 234, 2359),
(12324, 234, 3243),
(12325, 234, 4029),
(12326, 234, 4104),
(12327, 82, 57),
(12328, 82, 892),
(12329, 82, 1423),
(12330, 82, 2084),
(12331, 82, 2760),
(12332, 82, 3789),
(12333, 82, 4105),
(12334, 183, 90),
(12335, 183, 743),
(12336, 183, 1427),
(12337, 183, 2028),
(12338, 183, 2872),
(12339, 183, 3410),
(12340, 183, 4106),
(12341, 150, 94),
(12342, 150, 1419),
(12343, 150, 2055),
(12344, 150, 2857),
(12345, 150, 4023),
(12346, 150, 4107),
(12347, 1285, 4108),
(12348, 1244, 3415),
(12349, 1244, 4109),
(12350, 1215, 3524),
(12351, 1215, 4110),
(12352, 1171, 3434),
(12353, 1171, 4111),
(12354, 1181, 4028),
(12355, 1181, 4112),
(12356, 1183, 3435),
(12357, 1183, 4113),
(12358, 1195, 3407),
(12359, 1195, 4114),
(12360, 1220, 3419),
(12361, 1220, 4115),
(12362, 1219, 3429),
(12363, 1219, 4116),
(12364, 1170, 3430),
(12365, 1170, 4117),
(12366, 178, 608),
(12367, 178, 749),
(12368, 178, 1943),
(12369, 178, 2243),
(12370, 178, 3218),
(12371, 178, 3477),
(12372, 178, 4118),
(12373, 994, 2967),
(12374, 994, 3504),
(12375, 994, 4119),
(12376, 1168, 3473),
(12377, 1168, 4120),
(12378, 1231, 3433),
(12379, 1231, 4121),
(12380, 1193, 4043),
(12381, 1193, 4122),
(12382, 1211, 3426),
(12383, 1211, 4123),
(12384, 63, 308),
(12385, 63, 751),
(12386, 63, 1594),
(12387, 63, 2568),
(12388, 63, 2743),
(12389, 63, 3731),
(12390, 63, 4124),
(12391, 139, 103),
(12392, 139, 761),
(12393, 139, 1437),
(12394, 139, 2037),
(12395, 139, 2731),
(12396, 139, 3438),
(12397, 139, 4125),
(12398, 1196, 3405),
(12399, 1196, 4126),
(12400, 1217, 3613),
(12401, 1217, 4127),
(12402, 1229, 3450),
(12403, 1229, 4128),
(12404, 1216, 3449),
(12405, 1216, 4129),
(12413, 10, 326),
(12414, 10, 862),
(12415, 10, 1429),
(12416, 10, 2070),
(12417, 10, 3341),
(12418, 10, 3427),
(12419, 10, 4130),
(12421, 974, 2032),
(12422, 974, 2700),
(12423, 974, 3408),
(12424, 974, 4132),
(12425, 1146, 3780),
(12426, 1146, 4133),
(12427, 805, 68),
(12428, 805, 881),
(12429, 805, 1406),
(12430, 805, 2000),
(12431, 805, 2890),
(12432, 805, 3409),
(12433, 805, 4134),
(12434, 1166, 3493),
(12435, 1166, 4135),
(12436, 802, 340),
(12437, 802, 1161),
(12438, 802, 1468),
(12439, 802, 2057),
(12440, 802, 3003),
(12441, 802, 3432),
(12442, 802, 4136),
(12443, 76, 54),
(12444, 76, 777),
(12445, 76, 1942),
(12446, 76, 2027),
(12447, 76, 2993),
(12448, 76, 3440),
(12449, 76, 4137),
(12450, 1199, 4021),
(12451, 1199, 4138),
(12452, 72, 22),
(12453, 72, 804),
(12454, 72, 1666),
(12455, 72, 2050),
(12456, 72, 2943),
(12457, 72, 3777),
(12458, 72, 4139),
(12459, 1163, 4045),
(12460, 1163, 4140),
(12461, 1160, 3801),
(12462, 1160, 4141),
(12463, 901, 818),
(12464, 901, 1409),
(12465, 901, 2579),
(12466, 901, 2983),
(12467, 901, 3460),
(12468, 901, 4142),
(12469, 800, 89),
(12470, 800, 878),
(12471, 800, 1457),
(12472, 800, 2247),
(12473, 800, 2767),
(12474, 800, 3403),
(12475, 800, 4143),
(12476, 1148, 3394),
(12477, 1148, 4144),
(12478, 1177, 3395),
(12479, 1177, 4145),
(12480, 1192, 3497),
(12481, 1192, 4146),
(12482, 1179, 4034),
(12483, 1179, 4147),
(12484, 204, 72),
(12485, 204, 849),
(12486, 204, 1659),
(12487, 204, 2097),
(12488, 204, 2771),
(12489, 204, 3412),
(12490, 204, 4148),
(12491, 85, 95),
(12492, 85, 848),
(12493, 85, 1676),
(12494, 85, 2098),
(12495, 85, 2772),
(12496, 85, 3413),
(12497, 85, 4149),
(12498, 1107, 2973),
(12499, 1107, 3425),
(12500, 1107, 4150),
(12501, 37, 55),
(12502, 37, 823),
(12503, 37, 1549),
(12504, 37, 2001),
(12505, 37, 2994),
(12506, 37, 3456),
(12507, 37, 4151),
(12508, 92, 12),
(12509, 92, 782),
(12510, 92, 1446),
(12511, 92, 2297),
(12512, 92, 2699),
(12513, 92, 3406),
(12514, 92, 4152),
(12515, 798, 11),
(12516, 798, 842),
(12517, 798, 1433),
(12518, 798, 2071),
(12519, 798, 2759),
(12520, 798, 3402),
(12521, 798, 4153),
(12522, 225, 107),
(12523, 225, 1444),
(12524, 225, 2003),
(12525, 225, 2701),
(12526, 225, 3455),
(12527, 225, 4154),
(12528, 188, 354),
(12529, 188, 1162),
(12530, 188, 1408),
(12531, 188, 2598),
(12532, 188, 2745),
(12533, 188, 3781),
(12534, 188, 4155),
(12535, 66, 117),
(12536, 66, 864),
(12537, 66, 1411),
(12538, 66, 2066),
(12539, 66, 2697),
(12540, 66, 3494),
(12541, 66, 4156),
(12542, 1201, 3431),
(12543, 1201, 4157),
(12544, 1226, 4042),
(12545, 1226, 4158),
(12546, 938, 1456),
(12547, 938, 2035),
(12548, 938, 2948),
(12549, 938, 3422),
(12550, 938, 4159),
(12551, 937, 1432),
(12552, 937, 2023),
(12553, 937, 2946),
(12554, 937, 3421),
(12555, 937, 4160),
(12556, 939, 1454),
(12557, 939, 2022),
(12558, 939, 2947),
(12559, 939, 3420),
(12560, 939, 4161),
(12561, 1008, 2744),
(12562, 1008, 3461),
(12563, 1008, 4162),
(12564, 1246, 3482),
(12565, 1246, 4163),
(12566, 770, 1218),
(12567, 770, 1448),
(12568, 770, 2085),
(12569, 770, 3334),
(12570, 770, 3804),
(12571, 770, 4164),
(12572, 93, 41),
(12573, 93, 894),
(12574, 93, 1929),
(12575, 93, 2059),
(12576, 93, 2733),
(12577, 93, 3446),
(12578, 93, 4165),
(12579, 190, 118),
(12580, 190, 794),
(12581, 190, 1465),
(12582, 190, 2047),
(12583, 190, 2727),
(12584, 190, 3680),
(12585, 190, 4166),
(12586, 1239, 3397),
(12587, 1239, 4167),
(12588, 1228, 3517),
(12589, 1228, 4168),
(12590, 1210, 3398),
(12591, 1210, 4169),
(12592, 177, 120),
(12593, 177, 922),
(12594, 177, 1452),
(12595, 177, 2064),
(12596, 177, 2933),
(12597, 177, 3537),
(12598, 177, 4170),
(12599, 1191, 4033),
(12600, 1191, 4171),
(12601, 207, 122),
(12602, 207, 923),
(12603, 207, 1453),
(12604, 207, 2065),
(12605, 207, 2936),
(12606, 207, 3540),
(12607, 207, 4172),
(12608, 1009, 3344),
(12609, 1009, 4065),
(12610, 1009, 4173),
(12611, 9, 460),
(12612, 9, 876),
(12613, 9, 1447),
(12614, 9, 2062),
(12615, 9, 3211),
(12616, 9, 3483),
(12617, 9, 4174),
(12618, 1185, 3417),
(12619, 1185, 4175),
(12620, 797, 98),
(12621, 797, 921),
(12622, 797, 1459),
(12623, 797, 2094),
(12624, 797, 2751),
(12625, 797, 3479),
(12626, 797, 4176),
(12627, 1007, 3209),
(12628, 1007, 3799),
(12629, 1007, 4177),
(12630, 848, 121),
(12631, 848, 886),
(12632, 848, 1473),
(12633, 848, 2292),
(12634, 848, 2765),
(12635, 848, 3469),
(12636, 848, 4178),
(12637, 1156, 3485),
(12638, 1156, 4179),
(12639, 1197, 3813),
(12640, 1197, 4180),
(12641, 1164, 3620),
(12642, 1164, 4181),
(12643, 796, 109),
(12644, 796, 1227),
(12645, 796, 1463),
(12646, 796, 2086),
(12647, 796, 2756),
(12648, 796, 3496),
(12649, 796, 4182),
(12650, 1150, 3511),
(12651, 1150, 4183),
(12652, 1169, 3472),
(12653, 1169, 4184),
(12654, 1237, 3452),
(12655, 1237, 4185),
(12656, 232, 366),
(12657, 232, 1159),
(12658, 232, 1655),
(12659, 232, 2575),
(12660, 232, 2777),
(12661, 232, 3441),
(12662, 232, 4186),
(12663, 1278, 4187),
(12671, 1277, 4189),
(12672, 1279, 4190),
(12673, 1281, 4191),
(12674, 1249, 3787),
(12675, 1249, 4192),
(12676, 20, 440),
(12677, 20, 895),
(12678, 20, 1442),
(12679, 20, 2075),
(12680, 20, 3009),
(12681, 20, 3486),
(12682, 20, 4193),
(12683, 104, 119),
(12684, 104, 1185),
(12685, 104, 1480),
(12686, 104, 2043),
(12687, 104, 3212),
(12688, 104, 3778),
(12689, 104, 4194),
(12690, 902, 887),
(12691, 902, 1458),
(12692, 902, 2367),
(12693, 902, 2746),
(12694, 902, 4040),
(12695, 902, 4195),
(12696, 1222, 3439),
(12697, 1222, 4196),
(12698, 169, 19),
(12699, 169, 877),
(12700, 169, 1428),
(12701, 169, 2081),
(12702, 169, 2761),
(12703, 169, 3462),
(12704, 169, 4197),
(12705, 1241, 3424),
(12706, 1241, 4198),
(12707, 1002, 2768),
(12708, 1002, 3800),
(12709, 1002, 4199),
(12710, 872, 106),
(12711, 872, 925),
(12712, 872, 1478),
(12713, 872, 2104),
(12714, 872, 2773),
(12715, 872, 3507),
(12716, 872, 4200),
(12717, 167, 43),
(12718, 167, 928),
(12719, 167, 1692),
(12720, 167, 2366),
(12721, 167, 2940),
(12722, 167, 3414),
(12723, 167, 4201),
(12731, 248, 495),
(12732, 248, 667),
(12733, 248, 1483),
(12734, 248, 2109),
(12735, 248, 2815),
(12736, 248, 3565),
(12737, 248, 4203),
(12738, 249, 496),
(12739, 249, 668),
(12740, 249, 1484),
(12741, 249, 2110),
(12742, 249, 2816),
(12743, 249, 3566),
(12744, 249, 4204),
(12745, 250, 497),
(12746, 250, 669),
(12747, 250, 1485),
(12748, 250, 2111),
(12749, 250, 2818),
(12750, 250, 3567),
(12751, 250, 4205),
(12752, 251, 498),
(12753, 251, 670),
(12754, 251, 1486),
(12755, 251, 2112),
(12756, 251, 2819),
(12757, 251, 3568),
(12758, 251, 4206),
(12759, 252, 499),
(12760, 252, 671),
(12761, 252, 1487),
(12762, 252, 2113),
(12763, 252, 2820),
(12764, 252, 3569),
(12765, 252, 4207),
(12766, 253, 500),
(12767, 253, 672),
(12768, 253, 1488),
(12769, 253, 2114),
(12770, 253, 2821),
(12771, 253, 3570),
(12772, 253, 4208),
(12773, 254, 501),
(12774, 254, 1489),
(12775, 254, 2115),
(12776, 254, 2822),
(12777, 254, 3571),
(12778, 254, 4209),
(12779, 255, 502),
(12780, 255, 673),
(12781, 255, 1490),
(12782, 255, 2116),
(12783, 255, 2823),
(12784, 255, 3572),
(12785, 255, 4210),
(12786, 256, 503),
(12787, 256, 674),
(12788, 256, 1491),
(12789, 256, 2117),
(12790, 256, 2825),
(12791, 256, 3573),
(12792, 256, 4211),
(12793, 257, 504),
(12794, 257, 675),
(12795, 257, 2118),
(12796, 257, 2826),
(12797, 257, 3575),
(12798, 257, 4212),
(12799, 258, 505),
(12800, 258, 676),
(12801, 258, 1492),
(12802, 258, 2119),
(12803, 258, 2827),
(12804, 258, 3576),
(12805, 258, 4213),
(12806, 259, 506),
(12807, 259, 677),
(12808, 259, 1493),
(12809, 259, 2120),
(12810, 259, 2828),
(12811, 259, 3577),
(12812, 259, 4214),
(12813, 260, 507),
(12814, 260, 678),
(12815, 260, 1494),
(12816, 260, 2121),
(12817, 260, 2830),
(12818, 260, 3578),
(12819, 260, 4215),
(12820, 261, 508),
(12821, 261, 679),
(12822, 261, 1495),
(12823, 261, 2122),
(12824, 261, 2833),
(12825, 261, 3579),
(12826, 261, 4216),
(12827, 262, 509),
(12828, 262, 681),
(12829, 262, 1496),
(12830, 262, 2123),
(12831, 262, 2835),
(12832, 262, 3580),
(12833, 262, 4217),
(12834, 263, 510),
(12835, 263, 682),
(12836, 263, 1497),
(12837, 263, 2124),
(12838, 263, 2836),
(12839, 263, 3581),
(12840, 263, 4218),
(12841, 264, 511),
(12842, 264, 683),
(12843, 264, 1498),
(12844, 264, 2125),
(12845, 264, 2837),
(12846, 264, 3582),
(12847, 264, 4219),
(12848, 1295, 4220),
(12849, 270, 517),
(12850, 270, 690),
(12851, 270, 1504),
(12852, 270, 2131),
(12853, 270, 2839),
(12854, 270, 3583),
(12855, 270, 4221),
(12856, 271, 518),
(12857, 271, 691),
(12858, 271, 1505),
(12859, 271, 2132),
(12860, 271, 2840),
(12861, 271, 3584),
(12862, 271, 4222),
(12863, 273, 520),
(12864, 273, 693),
(12865, 273, 1507),
(12866, 273, 2134),
(12867, 273, 2841),
(12868, 273, 3585),
(12869, 273, 4223),
(12870, 927, 695),
(12871, 927, 699),
(12872, 927, 1508),
(12873, 927, 2135),
(12874, 927, 2842),
(12875, 927, 3586),
(12876, 927, 4224),
(12877, 1108, 2843),
(12878, 1108, 3587),
(12879, 1108, 4225),
(12880, 1109, 2845),
(12881, 1109, 3588),
(12882, 1109, 4226),
(12883, 1110, 2846),
(12884, 1110, 3589),
(12885, 1110, 4227),
(12886, 1266, 4228),
(12887, 274, 521),
(12888, 274, 700),
(12889, 274, 1509),
(12890, 274, 2136),
(12891, 274, 2847),
(12892, 274, 3590),
(12893, 274, 4229),
(12894, 275, 522),
(12895, 275, 702),
(12896, 275, 1510),
(12897, 275, 2137),
(12898, 275, 2849),
(12899, 275, 3591),
(12900, 275, 4230),
(12901, 1111, 2852),
(12902, 1111, 3592),
(12903, 1111, 4231),
(12904, 1112, 2853),
(12905, 1112, 3593),
(12906, 1112, 4232),
(12907, 1113, 2855),
(12908, 1113, 3594),
(12909, 1113, 4233),
(12910, 1114, 2856),
(12911, 1114, 3595),
(12912, 1114, 4234),
(12913, 1115, 2858),
(12914, 1115, 3596),
(12915, 1115, 4235),
(12916, 1116, 2859),
(12917, 1116, 3597),
(12918, 1116, 4236),
(12919, 1117, 2860),
(12920, 1117, 3598),
(12921, 1117, 4237),
(12925, 1119, 2861),
(12926, 1119, 3600),
(12928, 1119, 4239),
(12929, 1120, 2864),
(12930, 1120, 3601),
(12931, 1120, 4240),
(12932, 1121, 2865),
(12933, 1121, 3602),
(12934, 1121, 4241),
(12935, 1122, 2866),
(12936, 1122, 3603),
(12937, 1122, 4242),
(12938, 1123, 2867),
(12939, 1123, 3605),
(12940, 1123, 4243),
(12941, 1124, 2869),
(12942, 1124, 3606),
(12943, 1124, 4244),
(12944, 1125, 2870),
(12945, 1125, 3607),
(12946, 1125, 4245),
(12947, 1126, 2871),
(12948, 1126, 3608),
(12949, 1126, 4246),
(12950, 1127, 2873),
(12951, 1127, 3609),
(12952, 1127, 4247),
(12953, 1128, 2874),
(12954, 1128, 3610),
(12955, 1128, 4248),
(12956, 1129, 2875),
(12957, 1129, 3611),
(12958, 1129, 4249),
(12959, 1130, 2876),
(12960, 1130, 3612),
(12961, 1130, 4250),
(12962, 1131, 2877),
(12963, 1131, 3614),
(12964, 1131, 4251),
(12965, 1132, 2878),
(12966, 1132, 3615),
(12967, 1132, 4252),
(12968, 1133, 2880),
(12969, 1133, 3616),
(12970, 1133, 4253),
(12971, 1134, 2881),
(12972, 1134, 3617),
(12973, 1134, 4254),
(12974, 1135, 2882),
(12975, 1135, 3618),
(12976, 1135, 4255),
(12977, 1136, 2883),
(12978, 1136, 3619),
(12979, 1136, 4256),
(12980, 1137, 2884),
(12981, 1137, 3621),
(12982, 1137, 4257),
(12983, 1138, 2985),
(12984, 1138, 3622),
(12985, 1138, 4258),
(12986, 1250, 3623),
(12987, 1250, 4259),
(12988, 1264, 4047),
(12989, 1264, 4260),
(12991, 300, 278),
(12992, 300, 1095),
(12993, 300, 1564),
(12994, 300, 2305),
(12995, 300, 3235),
(12996, 300, 3626),
(12997, 300, 4262),
(12998, 301, 279),
(12999, 301, 1096),
(13000, 301, 1566),
(13001, 301, 2307),
(13002, 301, 3236),
(13003, 301, 3627),
(13004, 301, 4263),
(13005, 302, 281),
(13006, 302, 1104),
(13007, 302, 1567),
(13008, 302, 2309),
(13009, 302, 3237),
(13010, 302, 3628),
(13011, 302, 4264),
(13012, 303, 283),
(13013, 303, 1106),
(13014, 303, 1568),
(13015, 303, 2310),
(13016, 303, 3238),
(13017, 303, 3629),
(13018, 303, 4265),
(13019, 304, 284),
(13020, 304, 1108),
(13021, 304, 1728),
(13022, 304, 2311),
(13023, 304, 3239),
(13024, 304, 3630),
(13025, 304, 4266),
(13026, 977, 2313),
(13027, 977, 3240),
(13028, 977, 3631),
(13029, 977, 4267),
(13030, 305, 285),
(13031, 305, 1110),
(13032, 305, 1570),
(13033, 305, 2314),
(13034, 305, 3241),
(13035, 305, 3632),
(13036, 305, 4268),
(13037, 306, 286),
(13038, 306, 1111),
(13039, 306, 1571),
(13040, 306, 2315),
(13041, 306, 3244),
(13042, 306, 3633),
(13043, 306, 4269),
(13044, 307, 287),
(13045, 307, 1113),
(13046, 307, 1573),
(13047, 307, 2316),
(13048, 307, 3245),
(13049, 307, 3634),
(13050, 307, 4270),
(13051, 308, 288),
(13052, 308, 1115),
(13053, 308, 1574),
(13054, 308, 2317),
(13055, 308, 3246),
(13056, 308, 3635),
(13057, 308, 4271),
(13058, 309, 290),
(13059, 309, 1116),
(13060, 309, 1578),
(13061, 309, 2318),
(13062, 309, 3247),
(13063, 309, 3636),
(13064, 309, 4272),
(13065, 310, 291),
(13066, 310, 1117),
(13067, 310, 1580),
(13068, 310, 2320),
(13069, 310, 3248),
(13070, 310, 3637),
(13071, 310, 4273),
(13072, 311, 292),
(13073, 311, 1118),
(13074, 311, 1583),
(13075, 311, 2321),
(13076, 311, 3249),
(13077, 311, 3639),
(13078, 311, 4274),
(13079, 313, 293),
(13080, 313, 1119),
(13081, 313, 1584),
(13082, 313, 2322),
(13083, 313, 3250),
(13084, 313, 3640),
(13085, 313, 4275),
(13086, 314, 294),
(13087, 314, 1120),
(13088, 314, 1588),
(13089, 314, 2323),
(13090, 314, 3251),
(13091, 314, 3641),
(13092, 314, 4276),
(13093, 315, 296),
(13094, 315, 1122),
(13095, 315, 1589),
(13096, 315, 2324),
(13097, 315, 3252),
(13098, 315, 3642),
(13099, 315, 4277),
(13100, 316, 297),
(13101, 316, 1123),
(13102, 316, 1590),
(13103, 316, 2325),
(13104, 316, 3253),
(13105, 316, 3643),
(13106, 316, 4278),
(13107, 317, 298),
(13108, 317, 1124),
(13109, 317, 1591),
(13110, 317, 2326),
(13111, 317, 3255),
(13112, 317, 3644),
(13113, 317, 4279),
(13114, 318, 300),
(13115, 318, 1125),
(13116, 318, 1593),
(13117, 318, 2327),
(13118, 318, 3256),
(13119, 318, 3645),
(13120, 318, 4280),
(13121, 319, 301),
(13122, 319, 1127),
(13123, 319, 1595),
(13124, 319, 2328),
(13125, 319, 3257),
(13126, 319, 3646),
(13127, 319, 4281),
(13128, 320, 302),
(13129, 320, 1128),
(13130, 320, 1597),
(13131, 320, 2329),
(13132, 320, 3258),
(13133, 320, 3648),
(13134, 320, 4282),
(13135, 321, 304),
(13136, 321, 1129),
(13137, 321, 1598),
(13138, 321, 2330),
(13139, 321, 3259),
(13140, 321, 3649),
(13141, 321, 4283),
(13142, 986, 2241),
(13143, 986, 2831),
(13144, 986, 3650),
(13145, 986, 4284),
(13146, 807, 9),
(13147, 807, 1098),
(13148, 807, 1575),
(13149, 807, 1999),
(13150, 807, 2891),
(13151, 807, 3707),
(13152, 807, 4285),
(13153, 146, 405),
(13154, 146, 722),
(13155, 146, 1937),
(13156, 146, 2596),
(13157, 146, 3317),
(13158, 146, 4054),
(13159, 146, 4286),
(13160, 799, 271),
(13161, 799, 841),
(13162, 799, 1556),
(13163, 799, 2236),
(13164, 799, 2747),
(13165, 799, 3808),
(13166, 799, 4287),
(13167, 815, 359),
(13168, 815, 752),
(13169, 815, 1360),
(13170, 815, 2162),
(13171, 815, 2653),
(13172, 815, 3515),
(13173, 815, 4288),
(13174, 841, 362),
(13175, 841, 755),
(13176, 841, 1361),
(13177, 841, 2163),
(13178, 841, 2654),
(13179, 841, 3516),
(13180, 841, 4289),
(13181, 823, 364),
(13182, 823, 760),
(13183, 823, 1362),
(13184, 823, 2164),
(13185, 823, 2655),
(13186, 823, 3518),
(13187, 823, 4290),
(13188, 1251, 3519),
(13189, 1251, 4291),
(13190, 617, 585),
(13191, 617, 1184),
(13192, 617, 1311),
(13193, 617, 1972),
(13194, 617, 3289),
(13195, 617, 3744),
(13196, 617, 3745),
(13197, 617, 4292),
(13198, 618, 586),
(13199, 618, 1186),
(13200, 618, 1312),
(13201, 618, 1973),
(13202, 618, 3290),
(13203, 618, 3746),
(13204, 618, 4293),
(13205, 619, 587),
(13206, 619, 1187),
(13207, 619, 1313),
(13208, 619, 1974),
(13209, 619, 3291),
(13210, 619, 3747),
(13211, 619, 4294),
(13212, 620, 588),
(13213, 620, 1188),
(13214, 620, 1314),
(13215, 620, 1975),
(13216, 620, 3292),
(13217, 620, 3748),
(13218, 620, 4295),
(13219, 622, 590),
(13220, 622, 1191),
(13221, 622, 1316),
(13222, 622, 1976),
(13223, 622, 3293),
(13224, 622, 3750),
(13225, 622, 4296),
(13226, 68, 112),
(13227, 68, 1157),
(13228, 68, 1647),
(13229, 68, 2244),
(13230, 68, 2918),
(13231, 68, 3638),
(13232, 68, 4297),
(13233, 623, 591),
(13234, 623, 1192),
(13235, 623, 1317),
(13236, 623, 1977),
(13237, 623, 3294),
(13238, 623, 3751),
(13239, 623, 4298),
(13240, 624, 592),
(13241, 624, 1193),
(13242, 624, 1318),
(13243, 624, 1978),
(13244, 624, 3295),
(13245, 624, 3752),
(13246, 624, 4299),
(13247, 625, 593),
(13248, 625, 1194),
(13249, 625, 1319),
(13250, 625, 1979),
(13251, 625, 3296),
(13252, 625, 3753),
(13253, 625, 4300),
(13254, 626, 594),
(13255, 626, 1196),
(13256, 626, 1320),
(13257, 626, 1980),
(13258, 626, 3297),
(13259, 626, 3755),
(13260, 626, 4301),
(13261, 627, 595),
(13262, 627, 1197),
(13263, 627, 1321),
(13264, 627, 1981),
(13265, 627, 3298),
(13266, 627, 3756),
(13267, 627, 4302),
(13268, 628, 596),
(13269, 628, 1198),
(13270, 628, 1322),
(13271, 628, 1982),
(13272, 628, 3299),
(13273, 628, 3758),
(13274, 628, 4303),
(13275, 975, 1983),
(13276, 975, 3300),
(13277, 975, 3760),
(13278, 975, 3761),
(13279, 975, 4304),
(13280, 991, 1985),
(13281, 991, 3301),
(13282, 991, 3762),
(13283, 991, 4305),
(13284, 883, 467),
(13285, 883, 763),
(13286, 883, 1363),
(13287, 883, 2165),
(13288, 883, 2656),
(13289, 883, 3520),
(13290, 883, 4306),
(13291, 113, 276),
(13292, 113, 1140),
(13293, 113, 1471),
(13294, 113, 2096),
(13295, 113, 2879),
(13296, 113, 4037),
(13297, 113, 4307),
(13298, 822, 377),
(13299, 822, 765),
(13300, 822, 1364),
(13301, 822, 2166),
(13302, 822, 2657),
(13303, 822, 3521),
(13304, 822, 4308),
(13305, 789, 8),
(13306, 789, 833),
(13307, 789, 1407),
(13308, 789, 2276),
(13309, 789, 2922),
(13310, 789, 3705),
(13311, 789, 4309),
(13318, 1175, 3675),
(13319, 1175, 4311),
(13320, 1, 360),
(13321, 1, 717),
(13322, 1, 1700),
(13323, 1, 2569),
(13324, 1, 2887),
(13325, 1, 3659),
(13326, 1, 4312),
(13327, 1269, 4313),
(13328, 1004, 2997),
(13329, 1004, 3716),
(13330, 1004, 4314),
(13331, 1205, 3467),
(13332, 1205, 4315),
(13333, 760, 23),
(13334, 760, 800),
(13335, 760, 1622),
(13336, 760, 2361),
(13337, 760, 2959),
(13338, 760, 3696),
(13339, 760, 4316),
(13340, 837, 378),
(13341, 837, 766),
(13342, 837, 1365),
(13343, 837, 2167),
(13344, 837, 2658),
(13345, 837, 3522),
(13346, 837, 4317),
(13347, 880, 464),
(13348, 880, 767),
(13349, 880, 1366),
(13350, 880, 2168),
(13351, 880, 2659),
(13352, 880, 3525),
(13353, 880, 4318),
(13354, 42, 382),
(13355, 42, 1151),
(13356, 42, 1605),
(13357, 42, 2282),
(13358, 42, 3355),
(13359, 42, 3784),
(13360, 42, 4319),
(13361, 992, 2607),
(13362, 992, 3302),
(13363, 992, 3764),
(13364, 992, 4320),
(13365, 629, 597),
(13366, 629, 1200),
(13367, 629, 1323),
(13368, 629, 1986),
(13369, 629, 3303),
(13370, 629, 3765),
(13371, 629, 4321),
(13372, 630, 598),
(13373, 630, 1201),
(13374, 630, 1324),
(13375, 630, 1987),
(13376, 630, 3304),
(13377, 630, 3766),
(13378, 630, 4322),
(13386, 912, 771),
(13387, 912, 1368),
(13388, 912, 2170),
(13389, 912, 2661),
(13390, 912, 3527),
(13391, 912, 4324),
(13392, 79, 101),
(13393, 79, 1133),
(13394, 79, 1424),
(13395, 79, 2565),
(13396, 79, 2766),
(13397, 79, 3624),
(13398, 79, 4325),
(13399, 809, 379),
(13400, 809, 773),
(13401, 809, 1369),
(13402, 809, 2171),
(13403, 809, 2662),
(13404, 809, 3528),
(13405, 809, 4326),
(13406, 812, 380),
(13407, 812, 774),
(13408, 812, 1370),
(13409, 812, 2172),
(13410, 812, 2663),
(13411, 812, 3529),
(13412, 812, 4327),
(13413, 631, 599),
(13414, 631, 1203),
(13415, 631, 1988),
(13416, 631, 3305),
(13417, 631, 3767),
(13418, 631, 4328),
(13419, 220, 313),
(13420, 220, 1126),
(13421, 220, 1665),
(13422, 220, 2106),
(13423, 220, 2778),
(13424, 220, 3509),
(13425, 220, 4329),
(13426, 632, 600),
(13427, 632, 1204),
(13428, 632, 1325),
(13429, 632, 1989),
(13430, 632, 3306),
(13431, 632, 3768),
(13432, 632, 4330),
(13433, 633, 601),
(13434, 633, 1205),
(13435, 633, 1326),
(13436, 633, 1990),
(13437, 633, 3307),
(13438, 633, 3770),
(13439, 633, 4331),
(13440, 634, 602),
(13441, 634, 1206),
(13442, 634, 1327),
(13443, 634, 1991),
(13444, 634, 3308),
(13445, 634, 3771),
(13446, 634, 4332),
(13447, 635, 613),
(13448, 635, 1208),
(13449, 635, 1328),
(13450, 635, 1992),
(13451, 635, 3309),
(13452, 635, 3772),
(13453, 635, 4333),
(13454, 636, 603),
(13455, 636, 1209),
(13456, 636, 1329),
(13457, 636, 1993),
(13458, 636, 3310),
(13459, 636, 3773),
(13460, 636, 4334),
(13461, 637, 604),
(13462, 637, 1210),
(13463, 637, 1330),
(13464, 637, 1994),
(13465, 637, 3311),
(13466, 637, 3774),
(13467, 637, 4335),
(13468, 1270, 4336),
(13469, 905, 1211),
(13470, 905, 1331),
(13471, 905, 1995),
(13472, 905, 3312),
(13473, 905, 3776),
(13474, 905, 4337),
(13475, 231, 113),
(13476, 231, 796),
(13477, 231, 1554),
(13478, 231, 2651),
(13479, 231, 2807),
(13480, 231, 3775),
(13481, 231, 4338),
(13482, 240, 280),
(13483, 240, 753),
(13484, 240, 1585),
(13485, 240, 2301),
(13486, 240, 2885),
(13487, 240, 3686),
(13488, 240, 4339),
(13489, 1186, 3793),
(13490, 1186, 4340),
(13491, 1289, 4341),
(13492, 813, 381),
(13493, 813, 775),
(13494, 813, 1371),
(13495, 813, 2173),
(13496, 813, 2664),
(13497, 813, 3530),
(13498, 813, 4342),
(13499, 1154, 3411),
(13500, 1154, 4343),
(13501, 570, 307),
(13502, 570, 822),
(13503, 570, 1334),
(13504, 570, 2203),
(13505, 570, 2782),
(13506, 570, 3358),
(13507, 570, 4344),
(13508, 817, 384),
(13509, 817, 778),
(13510, 817, 1372),
(13511, 817, 2174),
(13512, 817, 2665),
(13513, 817, 3531),
(13514, 817, 4345),
(13515, 572, 312),
(13516, 572, 824),
(13517, 572, 1335),
(13518, 572, 2204),
(13519, 572, 2783),
(13520, 572, 3359),
(13521, 572, 4346),
(13522, 573, 314),
(13523, 573, 825),
(13524, 573, 1336),
(13525, 573, 2231),
(13526, 573, 2784),
(13527, 573, 3360),
(13528, 573, 4347),
(13529, 854, 273),
(13530, 854, 1222),
(13531, 854, 1613),
(13532, 854, 2363),
(13533, 854, 3273),
(13534, 854, 3742),
(13535, 854, 4348),
(13536, 574, 316),
(13537, 574, 826),
(13538, 574, 1337),
(13539, 574, 2205),
(13540, 574, 2785),
(13541, 574, 3361),
(13542, 574, 4349),
(13543, 575, 317),
(13544, 575, 829),
(13545, 575, 1338),
(13546, 575, 2206),
(13547, 575, 2786),
(13548, 575, 3362),
(13549, 575, 4350),
(13550, 577, 319),
(13551, 577, 832),
(13552, 577, 1340),
(13553, 577, 2208),
(13554, 577, 2788),
(13555, 577, 3364),
(13556, 577, 4351),
(13557, 578, 320),
(13558, 578, 834),
(13559, 578, 1341),
(13560, 578, 2209),
(13561, 578, 2789),
(13562, 578, 3365),
(13563, 578, 4352),
(13564, 819, 385),
(13565, 819, 779),
(13566, 819, 1373),
(13567, 819, 2175),
(13568, 819, 2666),
(13569, 819, 3532),
(13570, 819, 4353),
(13571, 579, 321),
(13572, 579, 837),
(13573, 579, 1342),
(13574, 579, 2210),
(13575, 579, 2790),
(13576, 579, 3366),
(13577, 579, 4354),
(13578, 865, 324),
(13579, 865, 839),
(13580, 865, 1343),
(13581, 865, 2211),
(13582, 865, 2791),
(13583, 865, 3367),
(13584, 865, 4355),
(13585, 971, 2212),
(13586, 971, 2792),
(13587, 971, 3368),
(13588, 971, 4356),
(13589, 59, 392),
(13590, 59, 855),
(13591, 59, 1649),
(13592, 59, 2585),
(13593, 59, 3342),
(13594, 59, 4031),
(13595, 59, 4357),
(13596, 581, 325),
(13597, 581, 840),
(13598, 581, 1344),
(13599, 581, 2213),
(13600, 581, 2793),
(13601, 581, 3369),
(13602, 581, 4358),
(13603, 1276, 4359),
(13604, 582, 327),
(13605, 582, 843),
(13606, 582, 1332),
(13607, 582, 2214),
(13608, 582, 2794),
(13609, 582, 3370),
(13610, 582, 4360),
(13611, 583, 329),
(13612, 583, 845),
(13613, 583, 1333),
(13614, 583, 2215),
(13615, 583, 2795),
(13616, 583, 3371),
(13617, 583, 4361),
(13618, 584, 330),
(13619, 584, 850),
(13620, 584, 1345),
(13621, 584, 2216),
(13622, 584, 2796),
(13623, 584, 3372),
(13624, 584, 4362),
(13625, 86, 347),
(13626, 86, 1156),
(13627, 86, 1651),
(13628, 86, 2586),
(13629, 86, 2919),
(13630, 86, 3647),
(13631, 86, 4363),
(13632, 587, 333),
(13633, 587, 852),
(13634, 587, 1347),
(13635, 587, 2218),
(13636, 587, 2797),
(13637, 587, 3373),
(13638, 587, 4364),
(13639, 588, 334),
(13640, 588, 854),
(13641, 588, 1348),
(13642, 588, 2219),
(13643, 588, 2798),
(13644, 588, 3374),
(13645, 588, 4365),
(13646, 589, 335),
(13647, 589, 856),
(13648, 589, 1349),
(13649, 589, 2221),
(13650, 589, 2799),
(13651, 589, 3375),
(13652, 589, 4366),
(13653, 591, 338),
(13654, 591, 859),
(13655, 591, 1351),
(13656, 591, 2222),
(13657, 591, 2800),
(13658, 591, 3376),
(13659, 591, 4367),
(13660, 205, 1),
(13661, 205, 792),
(13662, 205, 1414),
(13663, 205, 2696),
(13664, 205, 3423),
(13665, 205, 4368),
(13666, 592, 341),
(13667, 592, 861),
(13668, 592, 1352),
(13669, 592, 2223),
(13670, 592, 2801),
(13671, 592, 3377),
(13672, 592, 4369),
(13673, 896, 652),
(13674, 896, 863),
(13675, 896, 1353),
(13676, 896, 2224),
(13677, 896, 2802),
(13678, 896, 3378),
(13679, 896, 4370),
(13680, 907, 865),
(13681, 907, 1354),
(13682, 907, 2225),
(13683, 907, 2803),
(13684, 907, 3379),
(13685, 907, 4371),
(13686, 1098, 2804),
(13687, 1098, 3380),
(13688, 1098, 4372),
(13689, 1101, 2805),
(13690, 1101, 3381),
(13691, 1101, 4373),
(13692, 1095, 2806),
(13693, 1095, 3382),
(13694, 1095, 4374),
(13695, 116, 343),
(13696, 116, 1101),
(13697, 116, 1474),
(13698, 116, 2365),
(13699, 116, 2844),
(13700, 116, 3757),
(13701, 116, 4375),
(13705, 1096, 2808),
(13706, 1096, 3383),
(13708, 1096, 4377),
(13709, 141, 450),
(13710, 141, 1697),
(13711, 141, 2351),
(13712, 141, 3286),
(13713, 141, 3428),
(13714, 141, 4378),
(13715, 1097, 2809),
(13716, 1097, 3384),
(13717, 1097, 4379),
(13718, 1099, 2810),
(13719, 1099, 3385),
(13720, 1099, 4380),
(13721, 1100, 2811),
(13722, 1100, 3386),
(13723, 1100, 4381),
(13724, 908, 1969),
(13725, 908, 2238),
(13726, 908, 2925),
(13727, 908, 3711),
(13728, 908, 4382),
(13729, 1297, 4383),
(13730, 519, 547),
(13731, 519, 1217),
(13732, 519, 1543),
(13733, 519, 2275),
(13734, 519, 2892),
(13735, 519, 3687),
(13736, 519, 4384),
(13737, 218, 344),
(13738, 218, 857),
(13739, 218, 1472),
(13740, 218, 2584),
(13741, 218, 2920),
(13742, 218, 3726),
(13743, 218, 4385),
(13744, 520, 548),
(13745, 520, 1037),
(13746, 520, 1545),
(13747, 520, 2277),
(13748, 520, 2894),
(13749, 520, 3688),
(13750, 520, 4386),
(13751, 211, 315),
(13752, 211, 1230),
(13753, 211, 1475),
(13754, 211, 2335),
(13755, 211, 2929),
(13756, 211, 3720),
(13757, 211, 4387),
(13758, 521, 549),
(13759, 521, 1038),
(13760, 521, 1547),
(13761, 521, 2278),
(13762, 521, 2895),
(13763, 521, 3689),
(13764, 521, 4388),
(13765, 522, 550),
(13766, 522, 1219),
(13767, 522, 1548),
(13768, 522, 2279),
(13769, 522, 2897),
(13770, 522, 3690),
(13771, 522, 4389),
(13772, 523, 551),
(13773, 523, 1220),
(13774, 523, 1551),
(13775, 523, 2280),
(13776, 523, 2899),
(13777, 523, 3691),
(13778, 523, 4390),
(13779, 524, 552),
(13780, 524, 1221),
(13781, 524, 1552),
(13782, 524, 2281),
(13783, 524, 2901),
(13784, 524, 3692),
(13785, 524, 4391),
(13786, 525, 553),
(13787, 525, 1223),
(13788, 525, 1553),
(13789, 525, 2283),
(13790, 525, 2902),
(13791, 525, 3693),
(13792, 525, 4392),
(13793, 526, 554),
(13794, 526, 1224),
(13795, 526, 2284),
(13796, 526, 2906),
(13797, 526, 3694),
(13798, 526, 4393),
(13806, 528, 556),
(13807, 528, 1226),
(13808, 528, 1557),
(13809, 528, 2287),
(13810, 528, 2908),
(13811, 528, 3698),
(13812, 528, 4395),
(13813, 1206, 3478),
(13814, 1206, 4396),
(13815, 529, 557),
(13816, 529, 1228),
(13817, 529, 1558),
(13818, 529, 2288),
(13819, 529, 2910),
(13820, 529, 3699),
(13821, 529, 4397),
(13822, 530, 558),
(13823, 530, 1012),
(13824, 530, 1559),
(13825, 530, 2289),
(13826, 530, 2912),
(13827, 530, 3701),
(13828, 530, 4398),
(13829, 531, 559),
(13830, 531, 1069),
(13831, 531, 1561),
(13832, 531, 2290),
(13833, 531, 2913),
(13834, 531, 3702),
(13835, 531, 4399),
(13836, 532, 560),
(13837, 532, 1229),
(13838, 532, 1562),
(13839, 532, 2291),
(13840, 532, 2914),
(13841, 532, 3703),
(13842, 532, 4400),
(13843, 958, 2293),
(13844, 958, 2915),
(13845, 958, 3704),
(13846, 958, 4401),
(13847, 1102, 2917),
(13848, 1102, 3706),
(13849, 1102, 4402),
(13850, 1212, 3560),
(13851, 1212, 4403),
(13852, 1268, 4404),
(13853, 984, 2246),
(13854, 984, 3005),
(13855, 984, 3740),
(13856, 984, 4405),
(13857, 117, 349),
(13858, 117, 1215),
(13859, 117, 1702),
(13860, 117, 2088),
(13861, 117, 3314),
(13862, 117, 3454),
(13863, 117, 4406),
(13864, 26, 434),
(13865, 26, 889),
(13866, 26, 1443),
(13867, 26, 2073),
(13868, 26, 3010),
(13869, 26, 3487),
(13870, 26, 4407),
(13871, 32, 441),
(13872, 32, 891),
(13873, 32, 1441),
(13874, 32, 2074),
(13875, 32, 3011),
(13876, 32, 3489),
(13877, 32, 4408),
(13878, 820, 386),
(13879, 820, 781),
(13880, 820, 1374),
(13881, 820, 2176),
(13882, 820, 2667),
(13883, 820, 3533),
(13884, 820, 4409),
(13885, 821, 389),
(13886, 821, 783),
(13887, 821, 1375),
(13888, 821, 2177),
(13889, 821, 2668),
(13890, 821, 3534),
(13891, 821, 4410),
(13892, 839, 390),
(13893, 839, 785),
(13894, 839, 1376),
(13895, 839, 2178),
(13896, 839, 2669),
(13897, 839, 3535),
(13898, 839, 4411),
(13899, 1202, 3783),
(13900, 1202, 4412),
(13901, 873, 456),
(13902, 873, 786),
(13903, 873, 1377),
(13904, 873, 2179),
(13905, 873, 2670),
(13906, 873, 3536),
(13907, 873, 4413),
(13908, 1208, 3794),
(13909, 1208, 4414),
(13910, 875, 459),
(13911, 875, 787),
(13912, 875, 1378),
(13913, 875, 2180),
(13914, 875, 2671),
(13915, 875, 3538),
(13916, 875, 4415),
(13924, 1207, 3574),
(13925, 1207, 4417),
(13926, 827, 391),
(13927, 827, 793),
(13928, 827, 1381),
(13929, 827, 2183),
(13930, 827, 2673),
(13931, 827, 3541),
(13932, 827, 4418),
(13933, 850, 462),
(13934, 850, 885),
(13935, 850, 1464),
(13936, 850, 2083),
(13937, 850, 3315),
(13938, 850, 3795),
(13939, 850, 4419),
(13940, 758, 393),
(13941, 758, 795),
(13942, 758, 1383),
(13943, 758, 2184),
(13944, 758, 2674),
(13945, 758, 3542),
(13946, 758, 4420),
(13947, 816, 395),
(13948, 816, 798),
(13949, 816, 1384),
(13950, 816, 2185),
(13951, 816, 2675),
(13952, 816, 3543),
(13953, 816, 4421),
(13954, 818, 397),
(13955, 818, 799),
(13956, 818, 1385),
(13957, 818, 2186),
(13958, 818, 2676),
(13959, 818, 3544),
(13960, 818, 4422),
(13961, 200, 10),
(13962, 200, 1181),
(13963, 200, 1410),
(13964, 200, 2339),
(13965, 200, 2905),
(13966, 200, 3465),
(13967, 200, 4423),
(13968, 824, 398),
(13969, 824, 802),
(13970, 824, 1386),
(13971, 824, 2187),
(13972, 824, 2677),
(13973, 824, 3545),
(13974, 824, 4424),
(13975, 1286, 4425),
(13976, 825, 400),
(13977, 825, 803),
(13978, 825, 1387),
(13979, 825, 2188),
(13980, 825, 2678),
(13981, 825, 3546),
(13982, 825, 4426),
(13983, 105, 306),
(13984, 105, 875),
(13985, 105, 1705),
(13986, 105, 2358),
(13987, 105, 3284),
(13988, 105, 3790),
(13989, 105, 4427),
(13990, 826, 402),
(13991, 826, 805),
(13992, 826, 1388),
(13993, 826, 2189),
(13994, 826, 2679),
(13995, 826, 3547),
(13996, 826, 4428),
(13997, 75, 612),
(13998, 75, 1158),
(13999, 75, 1711),
(14000, 75, 2254),
(14001, 75, 3242),
(14002, 75, 3458),
(14003, 75, 4429),
(14004, 828, 404),
(14005, 828, 806),
(14006, 828, 1389),
(14007, 828, 2190),
(14008, 828, 2680),
(14009, 828, 3548),
(14010, 828, 4430),
(14011, 830, 406),
(14012, 830, 808),
(14013, 830, 1390),
(14014, 830, 2191),
(14015, 830, 2681),
(14016, 830, 3550),
(14017, 830, 4431),
(14018, 88, 322),
(14019, 88, 927),
(14020, 88, 1425),
(14021, 88, 2067),
(14022, 88, 3320),
(14023, 88, 3625),
(14024, 88, 4432),
(14025, 831, 407),
(14026, 831, 809),
(14027, 831, 1391),
(14028, 831, 2192),
(14029, 831, 2682),
(14030, 831, 3551),
(14031, 831, 4433),
(14032, 832, 409),
(14033, 832, 811),
(14034, 832, 1392),
(14035, 832, 2193),
(14036, 832, 2683),
(14037, 832, 3553),
(14038, 832, 4434),
(14039, 1167, 3791),
(14040, 1167, 4435),
(14041, 833, 410),
(14042, 833, 812),
(14043, 833, 1393),
(14044, 833, 2194),
(14045, 833, 2684),
(14046, 833, 3554),
(14047, 833, 4436),
(14048, 834, 413),
(14049, 834, 813),
(14050, 834, 1394),
(14051, 834, 2195),
(14052, 834, 2685),
(14053, 834, 3555),
(14054, 834, 4437),
(14055, 756, 42),
(14056, 756, 914),
(14057, 756, 1438),
(14058, 756, 2060),
(14059, 756, 2715),
(14060, 756, 3481),
(14061, 756, 4438),
(14062, 12, 63),
(14063, 12, 807),
(14064, 12, 1916),
(14065, 12, 2005),
(14066, 12, 2904),
(14067, 12, 3492),
(14068, 12, 4439),
(14069, 835, 415),
(14070, 835, 814),
(14071, 835, 1395),
(14072, 835, 2196),
(14073, 835, 2686),
(14074, 835, 3556),
(14075, 835, 4440),
(14076, 838, 416),
(14077, 838, 815),
(14078, 838, 1396),
(14079, 838, 2197),
(14080, 838, 2687),
(14081, 838, 3557),
(14082, 838, 4441),
(14083, 804, 429),
(14084, 804, 1304),
(14085, 804, 1930),
(14086, 804, 2606),
(14087, 804, 3288),
(14088, 804, 3798),
(14089, 804, 4442),
(14090, 840, 417),
(14091, 840, 816),
(14092, 840, 1397),
(14093, 840, 2198),
(14094, 840, 2688),
(14095, 840, 3558),
(14096, 840, 4443),
(14097, 842, 418),
(14098, 842, 817),
(14099, 842, 1398),
(14100, 842, 2199),
(14101, 842, 2689),
(14102, 842, 3559),
(14103, 842, 4444),
(14104, 843, 419),
(14105, 843, 819),
(14106, 843, 1399),
(14107, 843, 2200),
(14108, 843, 2690),
(14109, 843, 3561),
(14110, 843, 4445),
(14111, 844, 420),
(14112, 844, 820),
(14113, 844, 1400),
(14114, 844, 2201),
(14115, 844, 2691),
(14116, 844, 3562),
(14117, 844, 4446),
(14118, 189, 88),
(14119, 189, 830),
(14120, 189, 1460),
(14121, 189, 2107),
(14122, 189, 2762),
(14123, 189, 3457),
(14124, 189, 4447),
(14125, 1106, 2693),
(14126, 1106, 3563),
(14127, 1106, 4448),
(14128, 18, 125),
(14129, 18, 768),
(14130, 18, 1690),
(14131, 18, 2356),
(14132, 18, 2730),
(14133, 18, 3805),
(14134, 18, 4449),
(14135, 89, 411),
(14136, 89, 1214),
(14137, 89, 1632),
(14138, 89, 2605),
(14139, 89, 2978),
(14140, 89, 3807),
(14141, 89, 4450),
(14142, 918, 1262),
(14143, 918, 1652),
(14144, 918, 2357),
(14145, 918, 2979),
(14146, 918, 3803),
(14147, 918, 4451),
(14148, 916, 853),
(14149, 916, 1636),
(14150, 916, 2572),
(14151, 916, 2981),
(14152, 916, 3797),
(14153, 916, 4452),
(14154, 102, 64),
(14155, 102, 710),
(14156, 102, 1403),
(14157, 102, 1998),
(14158, 102, 2694),
(14159, 102, 3670),
(14160, 102, 4453),
(14161, 868, 442),
(14162, 868, 1138),
(14163, 868, 1653),
(14164, 868, 2249),
(14165, 868, 3213),
(14166, 868, 3664),
(14167, 868, 4454),
(14168, 869, 444),
(14169, 869, 1141),
(14170, 869, 1654),
(14171, 869, 2250),
(14172, 869, 3214),
(14173, 869, 3665),
(14174, 869, 4455),
(14175, 187, 46),
(14176, 187, 835),
(14177, 187, 1449),
(14178, 187, 2259),
(14179, 187, 2728),
(14180, 187, 3749),
(14181, 187, 4456),
(14182, 870, 445),
(14183, 870, 1139),
(14184, 870, 1656),
(14185, 870, 2251),
(14186, 870, 3215),
(14187, 870, 3666),
(14188, 870, 4457),
(14189, 931, 1130),
(14190, 931, 1565),
(14191, 931, 2348),
(14192, 931, 2817),
(14193, 931, 3743),
(14194, 931, 4458),
(14195, 900, 1142),
(14196, 900, 1657),
(14197, 900, 2252),
(14198, 900, 3216),
(14199, 900, 3667),
(14200, 900, 4459),
(14201, 960, 2253),
(14202, 960, 3217),
(14203, 960, 3668),
(14204, 960, 4460),
(14205, 961, 2255),
(14206, 961, 3220),
(14207, 961, 3669),
(14208, 961, 4461),
(14209, 962, 2256),
(14210, 962, 3221),
(14211, 962, 3671),
(14212, 962, 4462),
(14213, 963, 2257),
(14214, 963, 2258),
(14215, 963, 3222),
(14216, 963, 3672),
(14217, 963, 4463),
(14218, 964, 2260),
(14219, 964, 3223),
(14220, 964, 3673),
(14221, 964, 4464),
(14222, 965, 2261),
(14223, 965, 3224),
(14224, 965, 3674),
(14225, 965, 4465),
(14226, 866, 448),
(14227, 866, 1144),
(14228, 866, 1660),
(14229, 866, 2262),
(14230, 866, 3225),
(14231, 866, 3676),
(14232, 866, 4466),
(14233, 867, 449),
(14234, 867, 1145),
(14235, 867, 1661),
(14236, 867, 2263),
(14237, 867, 3226),
(14238, 867, 3677),
(14239, 867, 4467),
(14240, 614, 465),
(14241, 614, 1147),
(14242, 614, 1668),
(14243, 614, 2265),
(14244, 614, 3227),
(14245, 614, 3678),
(14246, 614, 4468),
(14247, 886, 486),
(14248, 886, 1148),
(14249, 886, 1669),
(14250, 886, 2266),
(14251, 886, 3228),
(14252, 886, 3679),
(14253, 886, 4469),
(14254, 888, 487),
(14255, 888, 1149),
(14256, 888, 1670),
(14257, 888, 2267),
(14258, 888, 3229),
(14259, 888, 3681),
(14260, 888, 4470),
(14261, 890, 491),
(14262, 890, 1150),
(14263, 890, 1671),
(14264, 890, 2269),
(14265, 890, 3230),
(14266, 890, 3682),
(14267, 890, 4471),
(14268, 1245, 3464),
(14269, 1245, 4472),
(14270, 222, 277),
(14271, 222, 756),
(14272, 222, 1560),
(14273, 222, 2295),
(14274, 222, 2970),
(14275, 222, 4032),
(14276, 222, 4473),
(14277, 985, 2564),
(14278, 985, 3329),
(14279, 985, 3697),
(14280, 985, 4474),
(14281, 909, 1183),
(14282, 909, 1675),
(14283, 909, 2294),
(14284, 909, 2921),
(14285, 909, 3503),
(14286, 909, 4475),
(14287, 767, 356),
(14288, 767, 903),
(14289, 767, 1691),
(14290, 767, 2622),
(14291, 767, 3316),
(14292, 767, 3502),
(14293, 767, 4476),
(14294, 892, 493),
(14295, 892, 1152),
(14296, 892, 1673),
(14297, 892, 2270),
(14298, 892, 3231),
(14299, 892, 3683),
(14300, 892, 4477),
(14301, 959, 2271),
(14302, 959, 3232),
(14303, 959, 3685),
(14304, 959, 4478),
(14305, 8, 374),
(14306, 8, 1213),
(14307, 8, 1701),
(14308, 8, 2308),
(14309, 8, 3261),
(14310, 8, 3788),
(14311, 8, 4479),
(14312, 154, 388),
(14313, 154, 924),
(14314, 154, 1967),
(14315, 154, 2578),
(14316, 154, 3260),
(14317, 154, 3802),
(14318, 154, 4480),
(14319, 182, 369),
(14320, 182, 1231),
(14321, 182, 1680),
(14322, 182, 2370),
(14323, 182, 3331),
(14324, 182, 3488),
(14325, 182, 4481),
(14326, 1214, 3806),
(14327, 1214, 4482),
(14328, 237, 272),
(14329, 237, 701),
(14330, 237, 1481),
(14331, 237, 2235),
(14332, 237, 2854),
(14333, 237, 3514),
(14334, 237, 4483),
(14335, 1105, 2968),
(14336, 1105, 3811),
(14337, 1105, 4484),
(14338, 118, 454),
(14339, 118, 1280),
(14340, 118, 1945),
(14341, 118, 2646),
(14342, 118, 3351),
(14343, 118, 4052),
(14344, 118, 4485),
(14350, 940, 1961),
(14351, 940, 2273),
(14352, 940, 3234),
(14353, 940, 3812),
(14355, 940, 4487),
(14356, 111, 399),
(14357, 111, 1155),
(14358, 111, 1936),
(14359, 111, 2574),
(14360, 111, 2863),
(14361, 111, 3825),
(14362, 111, 4488),
(14363, 527, 555),
(14364, 527, 1225),
(14365, 527, 1555),
(14366, 527, 2285),
(14367, 527, 2907),
(14368, 527, 3695),
(14370, 527, 4489),
(14371, 1176, 3512),
(14372, 1176, 4490),
(14373, 124, 470),
(14374, 124, 1291),
(14375, 124, 1610),
(14376, 124, 2600),
(14377, 124, 3208),
(14378, 124, 3718),
(14379, 124, 4491),
(14380, 1173, 3510),
(14381, 1173, 4492),
(14382, 856, 44),
(14383, 856, 1132),
(14384, 856, 1462),
(14385, 856, 2248),
(14386, 856, 2851),
(14387, 856, 3501),
(14388, 856, 4493),
(14389, 942, 1729),
(14390, 942, 2264),
(14391, 942, 2963),
(14392, 942, 3448),
(14393, 942, 4494),
(14394, 792, 75),
(14395, 792, 1190),
(14396, 792, 1431),
(14397, 792, 2077),
(14398, 792, 2752),
(14399, 792, 3480),
(14400, 792, 4495),
(14401, 61, 394),
(14402, 61, 1278),
(14403, 61, 1920),
(14404, 61, 2286),
(14405, 61, 2984),
(14406, 61, 3786),
(14407, 61, 4496),
(14408, 881, 466),
(14409, 881, 769),
(14410, 881, 1367),
(14411, 881, 2169),
(14412, 881, 2660),
(14413, 881, 3392),
(14414, 881, 4323),
(14416, 1174, 3759),
(14417, 1174, 4498),
(14418, 803, 336),
(14419, 803, 838),
(14420, 803, 1544),
(14421, 803, 2601),
(14422, 803, 3279),
(14423, 803, 3823),
(14424, 803, 4499),
(14425, 13, 3513),
(14426, 13, 4500),
(14427, 83, 282),
(14428, 83, 1121),
(14429, 83, 1606),
(14430, 83, 2239),
(14431, 83, 2824),
(14432, 83, 3796),
(14433, 83, 4501),
(14434, 1162, 4048),
(14435, 1162, 4502),
(14441, 1194, 3736),
(14443, 1194, 4504),
(14445, 1139, 3287),
(14446, 1139, 3792),
(14447, 1139, 4506),
(14448, 226, 74),
(14449, 226, 1285),
(14450, 226, 1708),
(14451, 226, 2355),
(14452, 226, 3313),
(14453, 226, 3459),
(14454, 226, 4507),
(14455, 1187, 3389),
(14456, 1187, 4508),
(14459, 217, 311),
(14460, 217, 896),
(14461, 217, 1621),
(14462, 217, 2331),
(14463, 217, 2898),
(14464, 217, 3763),
(14465, 217, 4510),
(14466, 979, 2344),
(14467, 979, 2937),
(14468, 979, 3814),
(14469, 979, 4511),
(14470, 1064, 3016),
(14471, 1064, 3828),
(14472, 1064, 4512),
(14473, 1034, 3025),
(14474, 1034, 3837),
(14475, 1034, 4513),
(14476, 1026, 3022),
(14477, 1026, 3868),
(14478, 1026, 4514),
(14479, 1056, 3021),
(14480, 1056, 3866),
(14481, 1056, 4515),
(14482, 1069, 3023);
INSERT INTO `cuotabeneficio` (`cuotabeneficio_id`, `compuesto`, `compositor`) VALUES
(14483, 1069, 3867),
(14484, 1069, 4516),
(14485, 1017, 3019),
(14486, 1017, 3835),
(14487, 1017, 4517),
(14488, 1016, 3024),
(14489, 1016, 3880),
(14490, 1016, 4518),
(14491, 510, 147),
(14492, 510, 945),
(14493, 510, 1852),
(14494, 510, 2417),
(14495, 510, 3062),
(14496, 510, 3957),
(14497, 510, 4519),
(14498, 732, 134),
(14499, 732, 942),
(14500, 732, 1752),
(14501, 732, 2382),
(14502, 732, 3056),
(14503, 732, 3834),
(14504, 732, 4520),
(14505, 1050, 3175),
(14506, 1050, 3981),
(14507, 1050, 4521),
(14508, 509, 209),
(14509, 509, 1080),
(14510, 509, 1885),
(14511, 509, 2533),
(14512, 509, 3179),
(14513, 509, 3902),
(14514, 509, 4522),
(14515, 1018, 3197),
(14516, 1018, 3903),
(14517, 1018, 4523),
(14518, 516, 214),
(14519, 516, 1036),
(14520, 516, 1840),
(14521, 516, 2413),
(14522, 516, 3061),
(14523, 516, 3850),
(14524, 516, 4524),
(14525, 1035, 3038),
(14526, 1035, 3936),
(14527, 1035, 4525),
(14528, 1060, 3041),
(14529, 1060, 3847),
(14530, 1060, 4526),
(14531, 1062, 3052),
(14532, 1062, 3839),
(14533, 1062, 4527),
(14534, 1094, 3018),
(14535, 1094, 3938),
(14536, 1094, 4528),
(14537, 1051, 3058),
(14538, 1051, 3872),
(14539, 1051, 4529),
(14540, 1057, 3049),
(14541, 1057, 3869),
(14542, 1057, 4530),
(14543, 788, 264),
(14544, 788, 950),
(14545, 788, 1877),
(14546, 788, 2539),
(14547, 788, 3194),
(14548, 788, 3877),
(14549, 788, 4531),
(14550, 365, 265),
(14551, 365, 951),
(14552, 365, 1878),
(14553, 365, 2540),
(14554, 365, 3183),
(14555, 365, 3876),
(14556, 365, 4532),
(14557, 378, 132),
(14558, 378, 935),
(14559, 378, 1742),
(14560, 378, 2397),
(14561, 378, 3031),
(14562, 378, 3832),
(14563, 378, 4533),
(14564, 481, 133),
(14565, 481, 934),
(14566, 481, 1741),
(14567, 481, 2398),
(14568, 481, 3033),
(14569, 481, 3831),
(14570, 481, 4534),
(14571, 1031, 3174),
(14572, 1031, 3842),
(14573, 1031, 4535),
(14574, 507, 230),
(14575, 507, 969),
(14576, 507, 1865),
(14577, 507, 2437),
(14578, 507, 3173),
(14579, 507, 3946),
(14580, 507, 4536),
(14581, 1047, 3042),
(14582, 1047, 3829),
(14583, 1047, 4537),
(14584, 1084, 3043),
(14585, 1084, 3830),
(14586, 1084, 4538),
(14587, 421, 157),
(14588, 421, 990),
(14589, 421, 1754),
(14590, 421, 2428),
(14591, 421, 3093),
(14592, 421, 3849),
(14593, 421, 4539),
(14594, 1019, 3074),
(14595, 1019, 3851),
(14596, 1019, 4540),
(14597, 495, 202),
(14598, 495, 979),
(14599, 495, 1771),
(14600, 495, 2453),
(14601, 495, 3103),
(14602, 495, 3892),
(14603, 495, 4541),
(14604, 1065, 3045),
(14605, 1065, 3870),
(14606, 1065, 4542),
(14607, 1066, 3205),
(14608, 1066, 3900),
(14609, 1066, 4543),
(14610, 1085, 3046),
(14611, 1085, 3878),
(14612, 1085, 4544),
(14613, 1049, 3047),
(14614, 1049, 3871),
(14615, 1049, 4545),
(14616, 1067, 3057),
(14617, 1067, 3881),
(14618, 1067, 4546),
(14619, 1023, 3063),
(14620, 1023, 3858),
(14621, 1023, 4547),
(14622, 1087, 3064),
(14623, 1087, 3840),
(14624, 1087, 4548),
(14625, 1261, 3873),
(14626, 1261, 4549),
(14627, 928, 1009),
(14628, 928, 1810),
(14629, 928, 2432),
(14630, 928, 3059),
(14631, 928, 3861),
(14632, 928, 4550),
(14633, 417, 649),
(14634, 417, 1306),
(14635, 417, 1849),
(14636, 417, 2542),
(14637, 417, 3193),
(14638, 417, 4008),
(14639, 417, 4551),
(14640, 438, 223),
(14641, 438, 1075),
(14642, 438, 1792),
(14643, 438, 2488),
(14644, 438, 3084),
(14645, 438, 4011),
(14646, 438, 4552),
(14647, 361, 222),
(14648, 361, 1074),
(14649, 361, 1791),
(14650, 361, 2487),
(14651, 361, 3085),
(14652, 361, 3995),
(14653, 361, 4553),
(14654, 1045, 3039),
(14655, 1045, 3934),
(14656, 1045, 4554),
(14657, 1024, 3040),
(14658, 1024, 3935),
(14659, 1024, 4555),
(14660, 1040, 3070),
(14661, 1040, 3827),
(14662, 1040, 4556),
(14663, 1039, 3048),
(14664, 1039, 3848),
(14665, 1039, 4557),
(14666, 1090, 3127),
(14667, 1090, 3922),
(14668, 1090, 4558),
(14669, 932, 1913),
(14670, 932, 2507),
(14671, 932, 3079),
(14672, 932, 3865),
(14673, 932, 4559),
(14674, 360, 636),
(14675, 360, 1270),
(14676, 360, 1892),
(14677, 360, 2547),
(14678, 360, 3181),
(14679, 360, 3994),
(14680, 360, 4560),
(14681, 1029, 3067),
(14682, 1029, 3864),
(14683, 1029, 4561),
(14684, 445, 200),
(14685, 445, 996),
(14686, 445, 1818),
(14687, 445, 2419),
(14688, 445, 3065),
(14689, 445, 3955),
(14690, 445, 4562),
(14691, 1075, 3027),
(14692, 1075, 3855),
(14693, 1075, 4563),
(14694, 1028, 3029),
(14695, 1028, 3856),
(14696, 1028, 4564),
(14697, 1061, 3072),
(14698, 1061, 3859),
(14699, 1061, 4565),
(14700, 1086, 3069),
(14701, 1086, 3854),
(14702, 1086, 4566),
(14703, 498, 245),
(14704, 498, 1026),
(14705, 498, 1909),
(14706, 498, 2551),
(14707, 498, 3097),
(14708, 498, 4015),
(14709, 498, 4567),
(14710, 862, 146),
(14711, 862, 999),
(14712, 862, 1793),
(14713, 862, 2457),
(14714, 862, 3073),
(14715, 862, 3898),
(14716, 862, 4568),
(14717, 403, 187),
(14718, 403, 1030),
(14719, 403, 1904),
(14720, 403, 2463),
(14721, 403, 3130),
(14722, 403, 3883),
(14723, 403, 4569),
(14724, 1020, 3155),
(14725, 1020, 3860),
(14726, 1020, 4570),
(14727, 362, 240),
(14728, 362, 1064),
(14729, 362, 1836),
(14730, 362, 2466),
(14731, 362, 3137),
(14732, 362, 3996),
(14733, 362, 4571),
(14734, 1037, 3153),
(14735, 1037, 3863),
(14736, 1037, 4572),
(14737, 400, 224),
(14738, 400, 1308),
(14739, 400, 1767),
(14740, 400, 2477),
(14741, 400, 3105),
(14742, 400, 3884),
(14743, 400, 4573),
(14744, 1011, 3088),
(14745, 1011, 3833),
(14746, 1011, 4574),
(14747, 1054, 3106),
(14748, 1054, 3843),
(14749, 1054, 4575),
(14750, 1043, 3201),
(14751, 1043, 4013),
(14752, 1043, 4576),
(14753, 425, 161),
(14754, 425, 1077),
(14755, 425, 1821),
(14756, 425, 2440),
(14757, 425, 3075),
(14758, 425, 3853),
(14759, 425, 4577),
(14760, 399, 162),
(14761, 399, 1078),
(14762, 399, 1823),
(14763, 399, 2441),
(14764, 399, 3076),
(14765, 399, 3852),
(14766, 399, 4578),
(14767, 1091, 3145),
(14768, 1091, 3945),
(14769, 1091, 4579),
(14770, 1292, 4580),
(14771, 1088, 3036),
(14772, 1088, 3923),
(14773, 1088, 4581),
(14774, 398, 135),
(14775, 398, 947),
(14776, 398, 1891),
(14777, 398, 2513),
(14778, 398, 3037),
(14779, 398, 3924),
(14780, 398, 4582),
(14781, 1073, 3108),
(14782, 1073, 3951),
(14783, 1073, 4583),
(14784, 1078, 3095),
(14785, 1078, 3894),
(14786, 1078, 4584),
(14787, 373, 242),
(14788, 373, 1002),
(14789, 373, 1783),
(14790, 373, 2469),
(14791, 373, 3094),
(14792, 373, 3893),
(14793, 373, 4585),
(14794, 1044, 3066),
(14795, 1044, 4016),
(14796, 1044, 4586),
(14797, 440, 213),
(14798, 440, 1022),
(14799, 440, 1779),
(14800, 440, 2474),
(14801, 440, 3096),
(14802, 440, 3895),
(14803, 440, 4587),
(14804, 1104, 3190),
(14805, 1104, 4000),
(14806, 1104, 4588),
(14807, 372, 257),
(14808, 372, 1055),
(14809, 372, 1789),
(14810, 372, 2503),
(14811, 372, 3147),
(14812, 372, 3905),
(14813, 372, 4589),
(14814, 514, 256),
(14815, 514, 1079),
(14816, 514, 1837),
(14817, 514, 2418),
(14818, 514, 3156),
(14819, 514, 3904),
(14820, 514, 4590),
(14821, 1027, 3132),
(14822, 1027, 3910),
(14823, 1027, 4591),
(14824, 388, 207),
(14825, 388, 992),
(14826, 388, 1850),
(14827, 388, 2449),
(14828, 388, 3136),
(14829, 388, 3911),
(14830, 388, 4592),
(14831, 411, 150),
(14832, 411, 1003),
(14833, 411, 1749),
(14834, 411, 2415),
(14835, 411, 3113),
(14836, 411, 3950),
(14837, 411, 4593),
(14838, 1265, 4594),
(14839, 448, 228),
(14840, 448, 1091),
(14841, 448, 1775),
(14842, 448, 2560),
(14843, 448, 3107),
(14844, 448, 3891),
(14845, 448, 4595),
(14846, 376, 188),
(14847, 376, 995),
(14848, 376, 1815),
(14849, 376, 2445),
(14850, 376, 3109),
(14851, 376, 3909),
(14852, 376, 4596),
(14853, 1059, 3172),
(14854, 1059, 3932),
(14855, 1059, 4597),
(14856, 368, 260),
(14857, 368, 1072),
(14858, 368, 1862),
(14859, 368, 2550),
(14860, 368, 3187),
(14861, 368, 3933),
(14862, 368, 4598),
(14866, 1030, 3044),
(14867, 1030, 3915),
(14868, 1030, 4600),
(14869, 439, 623),
(14870, 439, 972),
(14871, 439, 1894),
(14872, 439, 2394),
(14873, 439, 3129),
(14874, 439, 3838),
(14875, 439, 4601),
(14876, 1022, 3115),
(14877, 1022, 3925),
(14878, 1022, 4602),
(14879, 1025, 3098),
(14880, 1025, 3888),
(14881, 1025, 4599),
(14882, 1025, 4603),
(14883, 452, 196),
(14884, 452, 983),
(14885, 452, 1807),
(14886, 452, 2406),
(14887, 452, 3082),
(14888, 452, 3897),
(14889, 452, 4604),
(14890, 415, 246),
(14891, 415, 1033),
(14892, 415, 1895),
(14893, 415, 2515),
(14894, 415, 3159),
(14895, 415, 3959),
(14896, 415, 4605),
(14897, 1081, 3083),
(14898, 1081, 3896),
(14899, 1081, 4606),
(14900, 1068, 3020),
(14901, 1068, 3836),
(14902, 1068, 4607),
(14903, 904, 1905),
(14904, 904, 2544),
(14905, 904, 3089),
(14906, 904, 4009),
(14907, 904, 4608),
(14908, 1014, 3154),
(14909, 1014, 3841),
(14910, 1014, 4609),
(14911, 1083, 3060),
(14912, 1083, 3914),
(14913, 1083, 4610),
(14914, 752, 192),
(14915, 752, 952),
(14916, 752, 1876),
(14917, 752, 2523),
(14918, 752, 3090),
(14919, 752, 3998),
(14920, 752, 4611),
(14921, 442, 201),
(14922, 442, 1040),
(14923, 442, 1816),
(14924, 442, 2518),
(14925, 442, 3196),
(14926, 442, 3956),
(14927, 442, 4612),
(14928, 787, 205),
(14929, 787, 1004),
(14930, 787, 1832),
(14931, 787, 2442),
(14932, 787, 3034),
(14933, 787, 3845),
(14934, 787, 4613),
(14935, 748, 204),
(14936, 748, 1005),
(14937, 748, 1831),
(14938, 748, 2443),
(14939, 748, 3035),
(14940, 748, 3844),
(14941, 748, 4614),
(14942, 860, 182),
(14943, 860, 1018),
(14944, 860, 1819),
(14945, 860, 2444),
(14946, 860, 3177),
(14947, 860, 3846),
(14948, 860, 4615),
(14949, 396, 653),
(14950, 396, 1027),
(14951, 396, 1825),
(14952, 396, 2491),
(14953, 396, 3091),
(14954, 396, 3931),
(14955, 396, 4616),
(14956, 395, 654),
(14957, 395, 1028),
(14958, 395, 1824),
(14959, 395, 2490),
(14960, 395, 3092),
(14961, 395, 3930),
(14962, 395, 4617),
(14963, 750, 184),
(14964, 750, 1024),
(14965, 750, 1834),
(14966, 750, 2520),
(14967, 750, 3110),
(14968, 750, 3947),
(14969, 750, 4618),
(14970, 749, 185),
(14971, 749, 1073),
(14972, 749, 1835),
(14973, 749, 2380),
(14974, 749, 3112),
(14975, 749, 3948),
(14976, 749, 4619),
(14977, 1058, 3111),
(14978, 1058, 3949),
(14979, 1058, 4620),
(14980, 410, 154),
(14981, 410, 1013),
(14982, 410, 1794),
(14983, 410, 2462),
(14984, 410, 3143),
(14985, 410, 3899),
(14986, 410, 4621),
(14987, 1041, 3053),
(14988, 1041, 3912),
(14989, 1041, 4622),
(14990, 433, 149),
(14991, 433, 956),
(14992, 433, 1812),
(14993, 433, 2553),
(14994, 433, 3054),
(14995, 433, 3919),
(14996, 433, 4623),
(14997, 422, 194),
(14998, 422, 1084),
(14999, 422, 1880),
(15000, 422, 2409),
(15001, 422, 3080),
(15002, 422, 3939),
(15003, 422, 4624),
(15004, 397, 195),
(15005, 397, 1085),
(15006, 397, 1879),
(15007, 397, 2408),
(15008, 397, 3081),
(15009, 397, 3940),
(15010, 397, 4625),
(15011, 405, 248),
(15012, 405, 1020),
(15013, 405, 1814),
(15014, 405, 2495),
(15015, 405, 3122),
(15016, 405, 3908),
(15017, 405, 4626),
(15018, 1082, 3028),
(15019, 1082, 3886),
(15020, 1082, 4627),
(15021, 418, 163),
(15022, 418, 1034),
(15023, 418, 1806),
(15024, 418, 2497),
(15025, 418, 3116),
(15026, 418, 3920),
(15027, 418, 4628),
(15028, 1089, 3139),
(15029, 1089, 3885),
(15030, 1089, 4629),
(15031, 1063, 3102),
(15032, 1063, 3916),
(15033, 1063, 4630),
(15034, 1076, 3158),
(15035, 1076, 3929),
(15036, 1076, 4631),
(15037, 1080, 3068),
(15038, 1080, 3857),
(15039, 1080, 4632),
(15040, 385, 176),
(15041, 385, 954),
(15042, 385, 1845),
(15043, 385, 2548),
(15044, 385, 3131),
(15045, 385, 3972),
(15046, 385, 4633),
(15047, 382, 180),
(15048, 382, 1053),
(15049, 382, 1848),
(15050, 382, 2454),
(15051, 382, 3165),
(15052, 382, 3993),
(15053, 382, 4634),
(15054, 387, 172),
(15055, 387, 1054),
(15056, 387, 1846),
(15057, 387, 2456),
(15058, 387, 3166),
(15059, 387, 3962),
(15060, 387, 4635),
(15061, 386, 181),
(15062, 386, 955),
(15063, 386, 1847),
(15064, 386, 2455),
(15065, 386, 3167),
(15066, 386, 3971),
(15067, 386, 4636),
(15068, 384, 174),
(15069, 384, 989),
(15070, 384, 1796),
(15071, 384, 2427),
(15072, 384, 3171),
(15073, 384, 3970),
(15074, 384, 4637),
(15075, 383, 173),
(15076, 383, 987),
(15077, 383, 1795),
(15078, 383, 2426),
(15079, 383, 3170),
(15080, 383, 3969),
(15081, 383, 4638),
(15082, 389, 1266),
(15083, 389, 1855),
(15084, 389, 2482),
(15085, 389, 3151),
(15086, 389, 3963),
(15087, 389, 4639),
(15088, 381, 212),
(15089, 381, 1057),
(15090, 381, 1853),
(15091, 381, 2483),
(15092, 381, 3152),
(15093, 381, 3992),
(15094, 381, 4640),
(15095, 436, 647),
(15096, 436, 1065),
(15097, 436, 1801),
(15098, 436, 2508),
(15099, 436, 3169),
(15100, 436, 3966),
(15101, 436, 4641),
(15102, 391, 639),
(15103, 391, 1066),
(15104, 391, 1799),
(15105, 391, 2510),
(15106, 391, 3124),
(15107, 391, 4004),
(15108, 391, 4642),
(15109, 392, 640),
(15110, 392, 1067),
(15111, 392, 1797),
(15112, 392, 2509),
(15113, 392, 3123),
(15114, 392, 4005),
(15115, 392, 4643),
(15116, 1071, 3017),
(15117, 1071, 3960),
(15118, 1071, 4644),
(15119, 447, 159),
(15120, 447, 1090),
(15121, 447, 1757),
(15122, 447, 2479),
(15123, 447, 3078),
(15124, 447, 3980),
(15125, 447, 4645),
(15126, 969, 2498),
(15127, 969, 3086),
(15128, 969, 3918),
(15129, 969, 4646),
(15130, 1038, 3141),
(15131, 1038, 3928),
(15132, 1038, 4647),
(15133, 1036, 3142),
(15134, 1036, 3927),
(15135, 1036, 4648),
(15136, 390, 638),
(15137, 390, 1068),
(15138, 390, 1798),
(15139, 390, 2528),
(15140, 390, 3168),
(15141, 390, 4003),
(15142, 390, 4649),
(15143, 419, 156),
(15144, 419, 1087),
(15145, 419, 1830),
(15146, 419, 2476),
(15147, 419, 3138),
(15148, 419, 3889),
(15149, 419, 4650),
(15150, 1015, 3176),
(15151, 1015, 3984),
(15152, 1015, 4651),
(15153, 518, 129),
(15154, 518, 1082),
(15155, 518, 1889),
(15156, 518, 2529),
(15157, 518, 3178),
(15158, 518, 3983),
(15159, 518, 4652),
(15160, 945, 1787),
(15161, 945, 2461),
(15162, 945, 3162),
(15163, 945, 3977),
(15164, 945, 4653),
(15165, 946, 1788),
(15166, 946, 2459),
(15167, 946, 3164),
(15168, 946, 3978),
(15169, 946, 4654),
(15170, 374, 261),
(15171, 374, 1047),
(15172, 374, 1786),
(15173, 374, 2460),
(15174, 374, 3160),
(15175, 374, 3990),
(15176, 374, 4655),
(15177, 430, 262),
(15178, 430, 1046),
(15179, 430, 1785),
(15180, 430, 2458),
(15181, 430, 3161),
(15182, 430, 3979),
(15183, 430, 4656),
(15184, 517, 199),
(15185, 517, 982),
(15186, 517, 1803),
(15187, 517, 2436),
(15188, 517, 3030),
(15189, 517, 3953),
(15190, 517, 4657),
(15191, 499, 249),
(15192, 499, 1032),
(15193, 499, 1842),
(15194, 499, 2435),
(15195, 499, 3114),
(15196, 499, 3890),
(15197, 499, 4658),
(15198, 1294, 4659),
(15199, 370, 179),
(15200, 370, 1051),
(15201, 370, 1868),
(15202, 370, 2484),
(15203, 370, 3133),
(15204, 370, 3988),
(15205, 370, 4660),
(15206, 1021, 3134),
(15207, 1021, 3987),
(15208, 1021, 4661),
(15209, 1013, 3135),
(15210, 1013, 3986),
(15211, 1013, 4662),
(15212, 1032, 3203),
(15213, 1032, 3937),
(15214, 1032, 4663),
(15215, 508, 225),
(15216, 508, 1071),
(15217, 508, 1863),
(15218, 508, 2524),
(15219, 508, 3150),
(15220, 508, 3952),
(15221, 508, 4664),
(15222, 1092, 3014),
(15223, 1092, 3968),
(15224, 1092, 4665),
(15225, 1273, 4666),
(15226, 1053, 3128),
(15227, 1053, 3965),
(15228, 1053, 4667),
(15229, 1079, 3144),
(15230, 1079, 3964),
(15231, 1079, 4668),
(15232, 1046, 3032),
(15233, 1046, 3944),
(15234, 1046, 4669),
(15235, 1074, 3157),
(15236, 1074, 3982),
(15237, 1074, 4670),
(15238, 1293, 4671),
(15239, 1260, 3874),
(15240, 1260, 4672),
(15241, 1072, 3140),
(15242, 1072, 3901),
(15243, 1072, 4673),
(15244, 1070, 3055),
(15245, 1070, 3961),
(15246, 1070, 4674),
(15247, 409, 226),
(15248, 409, 1089),
(15249, 409, 1901),
(15250, 409, 2478),
(15251, 409, 3104),
(15252, 409, 3943),
(15253, 409, 4675),
(15254, 783, 251),
(15255, 783, 1041),
(15256, 783, 1833),
(15257, 783, 2446),
(15258, 783, 3163),
(15259, 783, 3906),
(15260, 783, 4676),
(15261, 913, 1093),
(15262, 913, 1882),
(15263, 913, 2517),
(15264, 913, 3120),
(15265, 913, 3942),
(15266, 913, 4677),
(15267, 500, 655),
(15268, 500, 1092),
(15269, 500, 1881),
(15270, 500, 2516),
(15271, 500, 3119),
(15272, 500, 3941),
(15273, 500, 4678),
(15274, 1055, 3050),
(15275, 1055, 3921),
(15276, 1055, 4679),
(15277, 933, 1871),
(15278, 933, 2555),
(15279, 933, 3146),
(15280, 933, 3875),
(15281, 933, 4680),
(15282, 1042, 3149),
(15283, 1042, 3967),
(15284, 1042, 4681),
(15285, 1033, 3148),
(15286, 1033, 3879),
(15287, 1033, 4682),
(15288, 751, 221),
(15289, 751, 1900),
(15290, 751, 2541),
(15291, 751, 3188),
(15292, 751, 3991),
(15293, 751, 4683),
(15294, 861, 250),
(15295, 861, 988),
(15296, 861, 1838),
(15297, 861, 2434),
(15298, 861, 3087),
(15299, 861, 3913),
(15300, 861, 4684),
(15301, 1267, 4685),
(15302, 1103, 3199),
(15303, 1103, 3989),
(15304, 1103, 4686),
(15305, 431, 650),
(15306, 431, 1086),
(15307, 431, 1896),
(15308, 431, 2546),
(15309, 431, 3195),
(15310, 431, 4010),
(15311, 431, 4687),
(15312, 488, 140),
(15313, 488, 1010),
(15314, 488, 1804),
(15315, 488, 2424),
(15316, 488, 3198),
(15317, 488, 3958),
(15318, 488, 4688),
(15319, 1052, 3015),
(15320, 1052, 4017),
(15321, 1052, 4689),
(15322, 914, 966),
(15323, 914, 1906),
(15324, 914, 2506),
(15325, 914, 3200),
(15326, 914, 4012),
(15327, 914, 4690),
(15328, 1291, 4691),
(15329, 1077, 3207),
(15330, 1077, 4018),
(15331, 1077, 4692),
(15332, 966, 2561),
(15333, 966, 3184),
(15334, 966, 3974),
(15335, 966, 4693),
(15336, 967, 2562),
(15337, 967, 3186),
(15338, 967, 3975),
(15339, 967, 4694),
(15340, 922, 1914),
(15341, 922, 2504),
(15342, 922, 3185),
(15343, 922, 3976),
(15344, 922, 4695),
(15347, 1283, 4697),
(15348, 1282, 4698),
(15349, 1272, 4699),
(15350, 772, 1903),
(15351, 772, 2557),
(15352, 772, 3189),
(15353, 772, 3999),
(15354, 772, 4700),
(15355, 1271, 4701),
(15356, 496, 607),
(15357, 496, 1275),
(15358, 496, 1908),
(15359, 496, 2558),
(15360, 496, 3202),
(15361, 496, 4014),
(15362, 496, 4702),
(15363, 408, 642),
(15364, 408, 1305),
(15365, 408, 1874),
(15366, 408, 2525),
(15367, 408, 3192),
(15368, 408, 4007),
(15369, 408, 4703),
(15370, 506, 144),
(15371, 506, 1048),
(15372, 506, 1910),
(15373, 506, 2543),
(15374, 506, 3118),
(15375, 506, 3862),
(15376, 506, 4704),
(15377, 428, 191),
(15378, 428, 1025),
(15379, 428, 1851),
(15380, 428, 2535),
(15381, 428, 3117),
(15382, 428, 3926),
(15383, 428, 4705),
(15384, 437, 247),
(15385, 437, 1019),
(15386, 437, 1813),
(15387, 437, 2412),
(15388, 437, 3121),
(15389, 437, 3907),
(15390, 437, 4706),
(15391, 791, 145),
(15392, 791, 1263),
(15393, 791, 1911),
(15394, 791, 2438),
(15395, 791, 3204),
(15396, 791, 3882),
(15397, 791, 4707),
(15398, 982, 2545),
(15399, 982, 3191),
(15400, 982, 3954),
(15401, 982, 4708),
(15402, 1298, 4709),
(15403, 1093, 3206),
(15404, 1093, 4019),
(15405, 1093, 4710),
(15406, 393, 641),
(15407, 393, 1265),
(15408, 393, 1800),
(15409, 393, 2511),
(15410, 393, 3125),
(15411, 393, 4006),
(15412, 393, 4711),
(15413, 859, 193),
(15414, 859, 1011),
(15415, 859, 1839),
(15416, 859, 2499),
(15417, 859, 3180),
(15418, 859, 3917),
(15419, 859, 4712),
(15420, 1203, 3821),
(15421, 1203, 4713),
(15422, 347, 471),
(15423, 347, 1163),
(15424, 347, 1611),
(15425, 347, 2333),
(15426, 347, 3268),
(15427, 347, 3651),
(15428, 347, 4714),
(15429, 348, 472),
(15430, 348, 1164),
(15431, 348, 1612),
(15432, 348, 2334),
(15433, 348, 3269),
(15434, 348, 3652),
(15435, 348, 4715),
(15436, 349, 474),
(15437, 349, 1165),
(15438, 349, 1614),
(15439, 349, 2336),
(15440, 349, 3270),
(15441, 349, 3653),
(15442, 349, 4716),
(15443, 350, 475),
(15444, 350, 1169),
(15445, 350, 1615),
(15446, 350, 2337),
(15447, 350, 3271),
(15448, 350, 3654),
(15449, 350, 4717),
(15450, 351, 476),
(15451, 351, 1170),
(15452, 351, 1617),
(15453, 351, 2338),
(15454, 351, 3272),
(15455, 351, 3655),
(15456, 351, 4718),
(15457, 352, 477),
(15458, 352, 1171),
(15459, 352, 1618),
(15460, 352, 2340),
(15461, 352, 3274),
(15462, 352, 3656),
(15463, 352, 4719),
(15464, 353, 478),
(15465, 353, 1172),
(15466, 353, 1619),
(15467, 353, 2341),
(15468, 353, 3275),
(15469, 353, 3657),
(15470, 353, 4720),
(15471, 179, 615),
(15472, 179, 1271),
(15473, 179, 1965),
(15474, 179, 2602),
(15475, 179, 3348),
(15476, 179, 4022),
(15477, 179, 4721),
(15478, 1153, 3769),
(15479, 1153, 4722),
(15480, 354, 479),
(15481, 354, 1173),
(15482, 354, 1624),
(15483, 354, 3276),
(15484, 354, 3658),
(15485, 354, 4723),
(15486, 355, 480),
(15487, 355, 1175),
(15488, 355, 1625),
(15489, 355, 2342),
(15490, 355, 3277),
(15491, 355, 3660),
(15492, 355, 4724),
(15493, 356, 482),
(15494, 356, 1176),
(15495, 356, 1627),
(15496, 356, 2343),
(15497, 356, 3280),
(15498, 356, 3661),
(15499, 356, 4725),
(15500, 357, 483),
(15501, 357, 1179),
(15502, 357, 1629),
(15503, 357, 2345),
(15504, 357, 3281),
(15505, 357, 3662),
(15506, 357, 4726),
(15507, 358, 484),
(15508, 358, 1180),
(15509, 358, 1630),
(15510, 358, 2347),
(15511, 358, 3283),
(15512, 358, 3663),
(15513, 358, 4727),
(15514, 1287, 4728),
(15515, 1288, 4729),
(15516, 733, 2),
(15517, 733, 1131),
(15518, 733, 1604),
(15519, 733, 2274),
(15520, 733, 2975),
(15521, 733, 3819),
(15522, 733, 4730),
(15523, 1157, 3723),
(15524, 1157, 4731),
(15525, 197, 355),
(15526, 197, 1153),
(15527, 197, 1450),
(15528, 197, 2577),
(15529, 197, 3254),
(15530, 197, 3782),
(15531, 197, 4732),
(15532, 765, 13),
(15533, 765, 910),
(15534, 765, 1401),
(15535, 765, 2268),
(15536, 765, 2896),
(15537, 765, 3388),
(15538, 765, 4733),
(15539, 766, 71),
(15540, 766, 908),
(15541, 766, 1402),
(15542, 766, 2272),
(15543, 766, 2893),
(15544, 766, 3387),
(15545, 766, 4734),
(15546, 1198, 3684),
(15547, 1198, 4735),
(15548, 1003, 3233),
(15549, 1003, 3822),
(15550, 1003, 4736),
(15551, 87, 481),
(15552, 87, 1233),
(15553, 87, 1451),
(15554, 87, 2599),
(15555, 87, 3319),
(15556, 87, 3817),
(15557, 87, 4737),
(15558, 1274, 4738),
(15559, 1144, 3500),
(15560, 1144, 4739),
(15561, 359, 211),
(15562, 359, 993),
(15563, 359, 1811),
(15564, 359, 2496),
(15565, 359, 3071),
(15566, 359, 3985),
(15567, 359, 4740),
(15568, 375, 1282),
(15569, 375, 1902),
(15570, 375, 2391),
(15571, 375, 3026),
(15572, 375, 4001),
(15573, 375, 4741),
(15574, 899, 1056),
(15575, 899, 1802),
(15576, 899, 2552),
(15577, 899, 3126),
(15578, 899, 3973),
(15579, 899, 4742),
(15580, 377, 637),
(15581, 377, 1021),
(15582, 377, 1829),
(15583, 377, 2500),
(15584, 377, 3099),
(15585, 377, 4002),
(15586, 377, 4743),
(15587, 110, 634),
(15589, 110, 1939),
(15590, 110, 2583),
(15591, 110, 3006),
(15592, 110, 3451),
(15593, 110, 4744),
(15594, 322, 562),
(15595, 322, 1232),
(15596, 322, 1693),
(15597, 322, 2625),
(15598, 322, 2923),
(15599, 322, 3708),
(15600, 322, 4745),
(15601, 323, 563),
(15602, 323, 1234),
(15603, 323, 1694),
(15604, 323, 2628),
(15605, 323, 2924),
(15606, 323, 3709),
(15607, 323, 4746),
(15608, 324, 564),
(15609, 324, 1235),
(15610, 324, 1695),
(15611, 324, 2629),
(15612, 324, 2926),
(15613, 324, 3710),
(15614, 324, 4747),
(15615, 325, 565),
(15616, 325, 1237),
(15617, 325, 1698),
(15618, 325, 2630),
(15619, 325, 2927),
(15620, 325, 3712),
(15621, 325, 4748),
(15622, 326, 658),
(15623, 326, 1238),
(15624, 326, 1699),
(15625, 326, 2631),
(15626, 326, 2934),
(15627, 326, 3713),
(15628, 326, 4749),
(15629, 327, 566),
(15630, 327, 1240),
(15631, 327, 1703),
(15632, 327, 2632),
(15633, 327, 2935),
(15634, 327, 3714),
(15635, 327, 4750),
(15636, 328, 567),
(15637, 328, 1241),
(15638, 328, 1704),
(15639, 328, 2637),
(15640, 328, 2938),
(15641, 328, 3715),
(15642, 328, 4751),
(15643, 1263, 3717),
(15644, 1263, 4752),
(15645, 329, 561),
(15646, 329, 1242),
(15647, 329, 1706),
(15648, 329, 2612),
(15649, 329, 2939),
(15650, 329, 3721),
(15651, 329, 4753),
(15652, 330, 568),
(15653, 330, 1243),
(15654, 330, 1707),
(15655, 330, 2617),
(15656, 330, 2941),
(15657, 330, 3719),
(15658, 330, 4754),
(15659, 331, 569),
(15660, 331, 1244),
(15661, 331, 1709),
(15662, 331, 2618),
(15663, 331, 2942),
(15664, 331, 3722),
(15665, 331, 4755),
(15666, 332, 570),
(15667, 332, 1245),
(15668, 332, 1710),
(15669, 332, 2621),
(15670, 332, 2944),
(15671, 332, 3724),
(15672, 332, 4756),
(15673, 333, 571),
(15674, 333, 1246),
(15675, 333, 1712),
(15676, 333, 2623),
(15677, 333, 2945),
(15678, 333, 3725),
(15679, 333, 4757),
(15680, 334, 572),
(15681, 334, 1247),
(15682, 334, 1713),
(15683, 334, 2626),
(15684, 334, 2949),
(15685, 334, 3727),
(15686, 334, 4758),
(15687, 335, 573),
(15688, 335, 1248),
(15689, 335, 1714),
(15690, 335, 2627),
(15691, 335, 2950),
(15692, 335, 3728),
(15693, 335, 4759),
(15694, 337, 575),
(15695, 337, 1250),
(15696, 337, 1717),
(15697, 337, 2634),
(15698, 337, 2952),
(15699, 337, 3729),
(15700, 337, 4760),
(15701, 338, 577),
(15702, 338, 1251),
(15703, 338, 1718),
(15704, 338, 2613),
(15705, 338, 2953),
(15706, 338, 3730),
(15707, 338, 4761),
(15708, 339, 576),
(15709, 339, 1252),
(15710, 339, 2614),
(15711, 339, 2954),
(15712, 339, 3732),
(15713, 339, 4762),
(15714, 340, 578),
(15715, 340, 1253),
(15716, 340, 1719),
(15717, 340, 2615),
(15718, 340, 2955),
(15719, 340, 3733),
(15720, 340, 4763),
(15721, 341, 579),
(15722, 341, 1254),
(15723, 341, 1720),
(15724, 341, 2616),
(15725, 341, 2956),
(15726, 341, 3734),
(15727, 341, 4764),
(15728, 342, 580),
(15729, 342, 1255),
(15730, 342, 1722),
(15731, 342, 2620),
(15732, 342, 2957),
(15733, 342, 3735),
(15734, 342, 4765),
(15735, 344, 582),
(15736, 344, 1258),
(15737, 344, 1725),
(15738, 344, 2638),
(15739, 344, 2960),
(15740, 344, 3737),
(15741, 344, 4766),
(15742, 345, 583),
(15743, 345, 1259),
(15744, 345, 1726),
(15745, 345, 2619),
(15746, 345, 2961),
(15747, 345, 3738),
(15748, 345, 4767),
(15749, 346, 584),
(15750, 346, 1261),
(15751, 346, 1727),
(15752, 346, 2624),
(15753, 346, 2962),
(15754, 346, 3739),
(15755, 346, 4768),
(15756, 1262, 3741),
(15757, 1262, 4769),
(15758, 1275, 4770),
(15759, 1142, 3779),
(15760, 1142, 4771),
(15761, 38, 620),
(15762, 38, 1300),
(15763, 38, 1436),
(15764, 38, 2068),
(15765, 38, 3330),
(15766, 38, 4025),
(15767, 38, 4772),
(15768, 127, 1279),
(15769, 127, 1944),
(15770, 127, 2013),
(15771, 127, 2999),
(15772, 127, 4053),
(15773, 127, 4773),
(15774, 100, 21),
(15775, 100, 1277),
(15776, 100, 1970),
(15777, 100, 2080),
(15778, 100, 2704),
(15779, 100, 3447),
(15780, 100, 4774),
(15781, 911, 1284),
(15782, 911, 1952),
(15783, 911, 1953),
(15784, 911, 2566),
(15785, 911, 3219),
(15786, 911, 3818),
(15787, 911, 4775),
(15788, 6, 617),
(15789, 6, 1264),
(15790, 6, 1730),
(15791, 6, 2603),
(15792, 6, 3285),
(15793, 6, 4026),
(15794, 6, 4776),
(15795, 25, 383),
(15796, 25, 1136),
(15797, 25, 1662),
(15798, 25, 2296),
(15799, 25, 4020),
(15800, 25, 4777),
(15801, 846, 289),
(15802, 846, 1272),
(15803, 846, 1477),
(15804, 846, 2352),
(15805, 846, 3820),
(15806, 846, 4778),
(15807, 90, 20),
(15808, 90, 915),
(15809, 90, 1439),
(15810, 90, 2039),
(15811, 90, 2714),
(15812, 90, 4036),
(15813, 90, 4779),
(15814, 1188, 3445),
(15815, 1188, 4780),
(15816, 78, 632),
(15817, 78, 1182),
(15818, 78, 1950),
(15819, 78, 2319),
(15820, 78, 2916),
(15821, 78, 4058),
(15822, 78, 4781),
(15823, 1204, 4027),
(15824, 1204, 4782),
(15825, 919, 1283),
(15826, 919, 1951),
(15827, 919, 2644),
(15828, 919, 3210),
(15829, 919, 4035),
(15830, 919, 4783),
(15831, 73, 660),
(15832, 73, 1303),
(15833, 73, 1968),
(15834, 73, 2647),
(15835, 73, 3007),
(15836, 73, 4041),
(15837, 73, 4784),
(15838, 1184, 3416),
(15839, 1184, 4785),
(15840, 17, 618),
(15841, 17, 1273),
(15842, 17, 1927),
(15843, 17, 2650),
(15844, 17, 3356),
(15845, 17, 4039),
(15846, 17, 4786),
(15847, 936, 1921),
(15848, 936, 2640),
(15849, 936, 3013),
(15850, 936, 4055),
(15851, 936, 4787),
(15852, 103, 115),
(15853, 103, 1289),
(15854, 103, 1479),
(15855, 103, 2597),
(15856, 103, 4049),
(15857, 103, 4788),
(15858, 976, 2369),
(15859, 976, 2886),
(15860, 976, 3826),
(15861, 976, 4789),
(15862, 793, 468),
(15863, 793, 1167),
(15864, 793, 1922),
(15865, 793, 2076),
(15866, 793, 2753),
(15867, 793, 3815),
(15868, 793, 4790),
(15869, 1280, 4791),
(15870, 235, 387),
(15871, 235, 705),
(15872, 235, 1938),
(15873, 235, 2595),
(15874, 235, 3350),
(15875, 235, 4030),
(15876, 235, 4792),
(15877, 54, 635),
(15878, 54, 1154),
(15879, 54, 1918),
(15880, 54, 2641),
(15881, 54, 3335),
(15882, 54, 4056),
(15883, 54, 4793),
(15884, 1284, 4794),
(15885, 48, 609),
(15886, 48, 1292),
(15887, 48, 1956),
(15888, 48, 2609),
(15889, 48, 3343),
(15890, 48, 4050),
(15891, 48, 4795),
(15892, 917, 1207),
(15893, 917, 1934),
(15894, 917, 2588),
(15895, 917, 2770),
(15896, 917, 3810),
(15897, 917, 4796),
(15898, 794, 1107),
(15899, 794, 1412),
(15900, 794, 2041),
(15901, 794, 2749),
(15902, 794, 3700),
(15903, 794, 4310),
(15904, 897, 665),
(15905, 897, 1290),
(15906, 897, 1470),
(15907, 897, 2030),
(15908, 897, 2932),
(15909, 897, 3437),
(15910, 897, 4797),
(15911, 1140, 4060),
(15912, 1140, 4798),
(15913, 1005, 3353),
(15914, 1005, 4059),
(15915, 1005, 4799),
(15916, 1296, 4800),
(15925, 247, 494),
(15926, 247, 666),
(15927, 247, 1482),
(15928, 247, 2108),
(15929, 247, 2813),
(15930, 247, 3564),
(15931, 247, 4202),
(15932, 247, 4802),
(15933, 894, 614),
(15934, 894, 790),
(15935, 894, 1380),
(15936, 894, 2182),
(15937, 894, 2672),
(15938, 894, 3539),
(15939, 894, 4416);

-- --------------------------------------------------------

--
-- Estructura de tabla para la tabla `item`
--

CREATE TABLE `item` (
  `item_id` int(11) NOT NULL,
  `denominacion` varchar(50) COLLATE utf8_spanish_ci DEFAULT NULL,
  `detalle` varchar(100) COLLATE utf8_spanish_ci DEFAULT NULL,
  `url` varchar(50) COLLATE utf8_spanish_ci DEFAULT NULL,
  `submenu` int(11) NOT NULL
) ENGINE=InnoDB DEFAULT CHARSET=utf8 COLLATE=utf8_spanish_ci;

--
-- Volcado de datos para la tabla `item`
--

INSERT INTO `item` (`item_id`, `denominacion`, `detalle`, `url`, `submenu`) VALUES
(1, 'Panel', 'Menú', '/menu/panel', 8),
(2, 'Agregar Ítems', 'Agregar Ítems', '/menu/agregar', 8);

-- --------------------------------------------------------

--
-- Estructura de tabla para la tabla `itemconfiguracionmenu`
--

CREATE TABLE `itemconfiguracionmenu` (
  `itemconfiguracionmenu_id` int(11) NOT NULL,
  `compuesto` int(11) DEFAULT NULL,
  `compositor` int(11) DEFAULT NULL
) ENGINE=InnoDB DEFAULT CHARSET=utf8 COLLATE=utf8_spanish_ci;

--
-- Volcado de datos para la tabla `itemconfiguracionmenu`
--

INSERT INTO `itemconfiguracionmenu` (`itemconfiguracionmenu_id`, `compuesto`, `compositor`) VALUES
(16, 1, 1),
(17, 1, 2);

-- --------------------------------------------------------

--
-- Estructura de tabla para la tabla `localidad`
--

CREATE TABLE `localidad` (
  `localidad_id` int(11) NOT NULL,
  `denominacion` varchar(150) COLLATE utf8_spanish_ci DEFAULT NULL,
  `detalle` text COLLATE utf8_spanish_ci NOT NULL
) ENGINE=InnoDB DEFAULT CHARSET=utf8 COLLATE=utf8_spanish_ci;

--
-- Volcado de datos para la tabla `localidad`
--

INSERT INTO `localidad` (`localidad_id`, `denominacion`, `detalle`) VALUES
(1, 'Pagancillo', ''),
(2, 'Los Palacios', ''),
(3, 'Villa Unión', ''),
(4, 'Guandacol', ''),
(5, 'Banda Florida', ''),
(6, 'Aicuña', ''),
(7, 'Los Patillos', ''),
(8, 'Los Tambillos', ''),
(9, 'Santa Clara', ''),
(10, 'El Zapallar', ''),
(11, 'El Cardón', '');

-- --------------------------------------------------------

--
-- Estructura de tabla para la tabla `menu`
--

CREATE TABLE `menu` (
  `menu_id` int(11) NOT NULL,
  `denominacion` varchar(50) COLLATE utf8_spanish_ci DEFAULT NULL,
  `icon` varchar(50) COLLATE utf8_spanish_ci DEFAULT NULL,
  `url` varchar(50) COLLATE utf8_spanish_ci DEFAULT NULL
) ENGINE=InnoDB DEFAULT CHARSET=utf8 COLLATE=utf8_spanish_ci;

--
-- Volcado de datos para la tabla `menu`
--

INSERT INTO `menu` (`menu_id`, `denominacion`, `icon`, `url`) VALUES
(3, 'BENEFICIARIOS', 'fa-address-book', '#'),
(4, 'CONFIGURACIÓN', 'fa-cogs', '#'),
(5, 'OTROS', 'fa-cogs', '#'),
(6, 'BECAS', 'fa-file-text-o', '#');

-- --------------------------------------------------------

--
-- Estructura de tabla para la tabla `plan`
--

CREATE TABLE `plan` (
  `plan_id` int(11) NOT NULL,
  `denominacion` varchar(150) COLLATE utf8_spanish_ci DEFAULT NULL,
  `fecha` date DEFAULT NULL,
  `detalle` text COLLATE utf8_spanish_ci,
  `conf_panel` int(11) NOT NULL
) ENGINE=InnoDB DEFAULT CHARSET=utf8 COLLATE=utf8_spanish_ci;

--
-- Volcado de datos para la tabla `plan`
--

INSERT INTO `plan` (`plan_id`, `denominacion`, `fecha`, `detalle`, `conf_panel`) VALUES
(1, 'Becas Laborales', '2018-05-01', NULL, 1);

-- --------------------------------------------------------

--
-- Estructura de tabla para la tabla `proveedor`
--

CREATE TABLE `proveedor` (
  `proveedor_id` int(11) NOT NULL,
  `denominacion` varchar(150) COLLATE utf8_spanish_ci DEFAULT NULL,
  `cuit` bigint(15) DEFAULT NULL,
  `detalle` text COLLATE utf8_spanish_ci
) ENGINE=InnoDB DEFAULT CHARSET=utf8 COLLATE=utf8_spanish_ci;

--
-- Volcado de datos para la tabla `proveedor`
--

INSERT INTO `proveedor` (`proveedor_id`, `denominacion`, `cuit`, `detalle`) VALUES
(0, 'ALBA GUSTAVO', 23255071599, 'TRANSPORTE ESCOLAR');

-- --------------------------------------------------------

--
-- Estructura de tabla para la tabla `submenu`
--

CREATE TABLE `submenu` (
  `submenu_id` int(11) NOT NULL,
  `denominacion` varchar(50) COLLATE utf8_spanish_ci DEFAULT NULL,
  `icon` varchar(50) COLLATE utf8_spanish_ci DEFAULT NULL,
  `url` varchar(50) COLLATE utf8_spanish_ci DEFAULT NULL,
  `detalle` varchar(250) COLLATE utf8_spanish_ci NOT NULL,
  `menu` int(11) NOT NULL
) ENGINE=InnoDB DEFAULT CHARSET=utf8 COLLATE=utf8_spanish_ci;

--
-- Volcado de datos para la tabla `submenu`
--

INSERT INTO `submenu` (`submenu_id`, `denominacion`, `icon`, `url`, `detalle`, `menu`) VALUES
(6, 'Listado', 'fa-table', '/beneficiario/listado', '', 3),
(7, 'Agregar', 'fa-plus-square', '/beneficiario/agregar', '', 3),
(8, 'Menú', 'fa-cogs', '#', '', 4),
(9, 'Usuarios', 'fa-users', '/usuario/agregar', '', 4),
(10, 'Localidades', 'fa-photo', '/localidad/panel', '', 5),
(11, 'Panel', 'fa-cube', '/plan/panel', '', 6),
(12, 'Tipos de Becas', 'fa-file-text', '/tipobeca/panel', '', 6),
(15, 'Resguardo Información', 'fa-download', '/backup/panel', '', 5),
(16, 'Proveedores', 'fa-user-secret', '/proveedor/panel', '', 5),
(17, 'Facturas', 'fa-usd', '/comprobante/listado', '', 5);

-- --------------------------------------------------------

--
-- Estructura de tabla para la tabla `submenuconfiguracionmenu`
--

CREATE TABLE `submenuconfiguracionmenu` (
  `submenuconfiguracionmenu_id` int(11) NOT NULL,
  `compuesto` int(11) DEFAULT NULL,
  `compositor` int(11) DEFAULT NULL
) ENGINE=InnoDB DEFAULT CHARSET=utf8 COLLATE=utf8_spanish_ci;

--
-- Volcado de datos para la tabla `submenuconfiguracionmenu`
--

INSERT INTO `submenuconfiguracionmenu` (`submenuconfiguracionmenu_id`, `compuesto`, `compositor`) VALUES
(174, 1, 11),
(175, 1, 12),
(176, 1, 6),
(177, 1, 7),
(178, 1, 17),
(179, 1, 16),
(180, 1, 10),
(181, 1, 8),
(182, 1, 9),
(183, 1, 15),
(201, 2, 11),
(202, 2, 12),
(203, 2, 6),
(204, 2, 7),
(205, 2, 17),
(206, 2, 16),
(207, 2, 10),
(208, 2, 9),
(209, 3, 6);

-- --------------------------------------------------------

--
-- Estructura de tabla para la tabla `tipobeca`
--

CREATE TABLE `tipobeca` (
  `tipobeca_id` int(11) NOT NULL,
  `denominacion` varchar(150) COLLATE utf8_spanish_ci DEFAULT NULL,
  `detalle` text COLLATE utf8_spanish_ci
) ENGINE=InnoDB DEFAULT CHARSET=utf8 COLLATE=utf8_spanish_ci;

--
-- Volcado de datos para la tabla `tipobeca`
--

INSERT INTO `tipobeca` (`tipobeca_id`, `denominacion`, `detalle`) VALUES
(1, 'Laboral', ''),
(2, 'Estudiantil', '');

-- --------------------------------------------------------

--
-- Estructura de tabla para la tabla `usuario`
--

CREATE TABLE `usuario` (
  `usuario_id` int(11) NOT NULL,
  `denominacion` varchar(50) COLLATE utf8_spanish_ci DEFAULT NULL,
  `nivel` int(1) DEFAULT NULL,
  `usuariodetalle` int(11) DEFAULT NULL,
  `configuracionmenu` int(11) DEFAULT NULL
) ENGINE=InnoDB DEFAULT CHARSET=utf8 COLLATE=utf8_spanish_ci;

--
-- Volcado de datos para la tabla `usuario`
--

INSERT INTO `usuario` (`usuario_id`, `denominacion`, `nivel`, `usuariodetalle`, `configuracionmenu`) VALUES
(1, 'admin', 3, 1, 2),
(2, 'desarrollador', 9, 2, 1),
(3, 'operador', 3, 3, 3),
(4, 'lvergara', 3, 4, 2);

-- --------------------------------------------------------

--
-- Estructura de tabla para la tabla `usuariodetalle`
--

CREATE TABLE `usuariodetalle` (
  `usuariodetalle_id` int(11) NOT NULL,
  `apellido` varchar(50) COLLATE utf8_spanish_ci DEFAULT NULL,
  `nombre` varchar(50) COLLATE utf8_spanish_ci DEFAULT NULL,
  `correoelectronico` varchar(250) COLLATE utf8_spanish_ci DEFAULT NULL,
  `token` text COLLATE utf8_spanish_ci
) ENGINE=InnoDB DEFAULT CHARSET=utf8 COLLATE=utf8_spanish_ci;

--
-- Volcado de datos para la tabla `usuariodetalle`
--

INSERT INTO `usuariodetalle` (`usuariodetalle_id`, `apellido`, `nombre`, `correoelectronico`, `token`) VALUES
(1, 'Gallegos', 'Eric', 'admin@admin.com', 'ff050c2a6dd7bc3e4602e9702de81d21'),
(2, 'Desarrollador', 'Admin', 'infozamba@gmail.com', '1a092790480ffafdd87c38ad89eb6653'),
(3, 'Operador', 'Operador', 'operador@operador', '3fe0a7e76ffa68cfcbf814d66e875d42'),
(4, 'Vergara', 'Luis Federico', '', 'ece342b5c8657f5e7055e71031c04bcf');

--
-- Índices para tablas volcadas
--

--
-- Indices de la tabla `anexo`
--
ALTER TABLE `anexo`
  ADD PRIMARY KEY (`anexo_id`);

--
-- Indices de la tabla `anexobeca`
--
ALTER TABLE `anexobeca`
  ADD PRIMARY KEY (`anexobeca_id`),
  ADD KEY `compuesto` (`compuesto`),
  ADD KEY `compositor` (`compositor`);

--
-- Indices de la tabla `archivo`
--
ALTER TABLE `archivo`
  ADD PRIMARY KEY (`archivo_id`);

--
-- Indices de la tabla `backup`
--
ALTER TABLE `backup`
  ADD PRIMARY KEY (`backup_id`);

--
-- Indices de la tabla `beca`
--
ALTER TABLE `beca`
  ADD PRIMARY KEY (`beca_id`),
  ADD KEY `tipobeca` (`tipobeca`),
  ADD KEY `localidad` (`localidad`),
  ADD KEY `plan` (`plan`);

--
-- Indices de la tabla `beneficiario`
--
ALTER TABLE `beneficiario`
  ADD PRIMARY KEY (`beneficiario_id`),
  ADD KEY `localidad` (`localidad`);

--
-- Indices de la tabla `beneficio`
--
ALTER TABLE `beneficio`
  ADD PRIMARY KEY (`beneficio_id`),
  ADD KEY `anexo` (`anexo`);

--
-- Indices de la tabla `beneficiobeneficiario`
--
ALTER TABLE `beneficiobeneficiario`
  ADD PRIMARY KEY (`beneficiobeneficiario_id`),
  ADD KEY `compuesto` (`compuesto`),
  ADD KEY `compositor` (`compositor`);

--
-- Indices de la tabla `comprobante`
--
ALTER TABLE `comprobante`
  ADD PRIMARY KEY (`comprobante_id`),
  ADD KEY `proveedor` (`proveedor`);

--
-- Indices de la tabla `configuracionmenu`
--
ALTER TABLE `configuracionmenu`
  ADD PRIMARY KEY (`configuracionmenu_id`);

--
-- Indices de la tabla `cuota`
--
ALTER TABLE `cuota`
  ADD PRIMARY KEY (`cuota_id`);

--
-- Indices de la tabla `cuotabeneficio`
--
ALTER TABLE `cuotabeneficio`
  ADD PRIMARY KEY (`cuotabeneficio_id`),
  ADD KEY `compuesto` (`compuesto`),
  ADD KEY `compositor` (`compositor`);

--
-- Indices de la tabla `item`
--
ALTER TABLE `item`
  ADD PRIMARY KEY (`item_id`),
  ADD KEY `submenu` (`submenu`);

--
-- Indices de la tabla `itemconfiguracionmenu`
--
ALTER TABLE `itemconfiguracionmenu`
  ADD PRIMARY KEY (`itemconfiguracionmenu_id`),
  ADD KEY `compuesto` (`compuesto`),
  ADD KEY `compositor` (`compositor`);

--
-- Indices de la tabla `localidad`
--
ALTER TABLE `localidad`
  ADD PRIMARY KEY (`localidad_id`);

--
-- Indices de la tabla `menu`
--
ALTER TABLE `menu`
  ADD PRIMARY KEY (`menu_id`);

--
-- Indices de la tabla `plan`
--
ALTER TABLE `plan`
  ADD PRIMARY KEY (`plan_id`);

--
-- Indices de la tabla `proveedor`
--
ALTER TABLE `proveedor`
  ADD PRIMARY KEY (`proveedor_id`);

--
-- Indices de la tabla `submenu`
--
ALTER TABLE `submenu`
  ADD PRIMARY KEY (`submenu_id`),
  ADD KEY `submenu` (`menu`);

--
-- Indices de la tabla `submenuconfiguracionmenu`
--
ALTER TABLE `submenuconfiguracionmenu`
  ADD PRIMARY KEY (`submenuconfiguracionmenu_id`),
  ADD KEY `compuesto` (`compuesto`),
  ADD KEY `compositor` (`compositor`);

--
-- Indices de la tabla `tipobeca`
--
ALTER TABLE `tipobeca`
  ADD PRIMARY KEY (`tipobeca_id`);

--
-- Indices de la tabla `usuario`
--
ALTER TABLE `usuario`
  ADD PRIMARY KEY (`usuario_id`),
  ADD KEY `usuariodetalle` (`usuariodetalle`),
  ADD KEY `configuracionmenu` (`configuracionmenu`);

--
-- Indices de la tabla `usuariodetalle`
--
ALTER TABLE `usuariodetalle`
  ADD PRIMARY KEY (`usuariodetalle_id`);

--
-- AUTO_INCREMENT de las tablas volcadas
--

--
-- AUTO_INCREMENT de la tabla `anexo`
--
ALTER TABLE `anexo`
  MODIFY `anexo_id` int(11) NOT NULL AUTO_INCREMENT, AUTO_INCREMENT=92;

--
-- AUTO_INCREMENT de la tabla `anexobeca`
--
ALTER TABLE `anexobeca`
  MODIFY `anexobeca_id` int(11) NOT NULL AUTO_INCREMENT, AUTO_INCREMENT=193;

--
-- AUTO_INCREMENT de la tabla `archivo`
--
ALTER TABLE `archivo`
  MODIFY `archivo_id` int(11) NOT NULL AUTO_INCREMENT;

--
-- AUTO_INCREMENT de la tabla `backup`
--
ALTER TABLE `backup`
  MODIFY `backup_id` int(11) NOT NULL AUTO_INCREMENT;

--
-- AUTO_INCREMENT de la tabla `beca`
--
ALTER TABLE `beca`
  MODIFY `beca_id` int(11) NOT NULL AUTO_INCREMENT, AUTO_INCREMENT=13;

--
-- AUTO_INCREMENT de la tabla `beneficiario`
--
ALTER TABLE `beneficiario`
  MODIFY `beneficiario_id` int(11) NOT NULL AUTO_INCREMENT, AUTO_INCREMENT=795;

--
-- AUTO_INCREMENT de la tabla `beneficio`
--
ALTER TABLE `beneficio`
  MODIFY `beneficio_id` int(11) NOT NULL AUTO_INCREMENT, AUTO_INCREMENT=1311;

--
-- AUTO_INCREMENT de la tabla `beneficiobeneficiario`
--
ALTER TABLE `beneficiobeneficiario`
  MODIFY `beneficiobeneficiario_id` int(11) NOT NULL AUTO_INCREMENT, AUTO_INCREMENT=1695;

--
-- AUTO_INCREMENT de la tabla `comprobante`
--
ALTER TABLE `comprobante`
  MODIFY `comprobante_id` int(11) NOT NULL AUTO_INCREMENT;

--
-- AUTO_INCREMENT de la tabla `configuracionmenu`
--
ALTER TABLE `configuracionmenu`
  MODIFY `configuracionmenu_id` int(11) NOT NULL AUTO_INCREMENT, AUTO_INCREMENT=4;

--
-- AUTO_INCREMENT de la tabla `cuota`
--
ALTER TABLE `cuota`
  MODIFY `cuota_id` int(11) NOT NULL AUTO_INCREMENT, AUTO_INCREMENT=4803;

--
-- AUTO_INCREMENT de la tabla `cuotabeneficio`
--
ALTER TABLE `cuotabeneficio`
  MODIFY `cuotabeneficio_id` int(11) NOT NULL AUTO_INCREMENT, AUTO_INCREMENT=15940;

--
-- AUTO_INCREMENT de la tabla `item`
--
ALTER TABLE `item`
  MODIFY `item_id` int(11) NOT NULL AUTO_INCREMENT, AUTO_INCREMENT=3;

--
-- AUTO_INCREMENT de la tabla `itemconfiguracionmenu`
--
ALTER TABLE `itemconfiguracionmenu`
  MODIFY `itemconfiguracionmenu_id` int(11) NOT NULL AUTO_INCREMENT, AUTO_INCREMENT=18;

--
-- AUTO_INCREMENT de la tabla `localidad`
--
ALTER TABLE `localidad`
  MODIFY `localidad_id` int(11) NOT NULL AUTO_INCREMENT, AUTO_INCREMENT=12;

--
-- AUTO_INCREMENT de la tabla `menu`
--
ALTER TABLE `menu`
  MODIFY `menu_id` int(11) NOT NULL AUTO_INCREMENT, AUTO_INCREMENT=7;

--
-- AUTO_INCREMENT de la tabla `plan`
--
ALTER TABLE `plan`
  MODIFY `plan_id` int(11) NOT NULL AUTO_INCREMENT, AUTO_INCREMENT=2;

--
-- AUTO_INCREMENT de la tabla `submenu`
--
ALTER TABLE `submenu`
  MODIFY `submenu_id` int(11) NOT NULL AUTO_INCREMENT, AUTO_INCREMENT=18;

--
-- AUTO_INCREMENT de la tabla `submenuconfiguracionmenu`
--
ALTER TABLE `submenuconfiguracionmenu`
  MODIFY `submenuconfiguracionmenu_id` int(11) NOT NULL AUTO_INCREMENT, AUTO_INCREMENT=210;

--
-- AUTO_INCREMENT de la tabla `tipobeca`
--
ALTER TABLE `tipobeca`
  MODIFY `tipobeca_id` int(11) NOT NULL AUTO_INCREMENT, AUTO_INCREMENT=3;

--
-- AUTO_INCREMENT de la tabla `usuario`
--
ALTER TABLE `usuario`
  MODIFY `usuario_id` int(11) NOT NULL AUTO_INCREMENT, AUTO_INCREMENT=5;

--
-- AUTO_INCREMENT de la tabla `usuariodetalle`
--
ALTER TABLE `usuariodetalle`
  MODIFY `usuariodetalle_id` int(11) NOT NULL AUTO_INCREMENT, AUTO_INCREMENT=5;

--
-- Restricciones para tablas volcadas
--

--
-- Filtros para la tabla `anexobeca`
--
ALTER TABLE `anexobeca`
  ADD CONSTRAINT `anexobeca_ibfk_1` FOREIGN KEY (`compuesto`) REFERENCES `beca` (`beca_id`) ON DELETE CASCADE,
  ADD CONSTRAINT `anexobeca_ibfk_2` FOREIGN KEY (`compositor`) REFERENCES `anexo` (`anexo_id`) ON DELETE CASCADE;

--
-- Filtros para la tabla `beca`
--
ALTER TABLE `beca`
  ADD CONSTRAINT `beca_ibfk_1` FOREIGN KEY (`tipobeca`) REFERENCES `tipobeca` (`tipobeca_id`) ON DELETE CASCADE,
  ADD CONSTRAINT `beca_ibfk_2` FOREIGN KEY (`localidad`) REFERENCES `localidad` (`localidad_id`) ON DELETE CASCADE,
  ADD CONSTRAINT `beca_ibfk_3` FOREIGN KEY (`plan`) REFERENCES `plan` (`plan_id`) ON DELETE SET NULL;

--
-- Filtros para la tabla `beneficiario`
--
ALTER TABLE `beneficiario`
  ADD CONSTRAINT `beneficiario_ibfk_1` FOREIGN KEY (`localidad`) REFERENCES `localidad` (`localidad_id`) ON DELETE CASCADE;

--
-- Filtros para la tabla `beneficio`
--
ALTER TABLE `beneficio`
  ADD CONSTRAINT `beneficio_ibfk_1` FOREIGN KEY (`anexo`) REFERENCES `anexo` (`anexo_id`) ON DELETE CASCADE;

--
-- Filtros para la tabla `beneficiobeneficiario`
--
ALTER TABLE `beneficiobeneficiario`
  ADD CONSTRAINT `beneficiobeneficiario_ibfk_1` FOREIGN KEY (`compuesto`) REFERENCES `beneficiario` (`beneficiario_id`) ON DELETE CASCADE,
  ADD CONSTRAINT `beneficiobeneficiario_ibfk_2` FOREIGN KEY (`compositor`) REFERENCES `beneficio` (`beneficio_id`) ON DELETE CASCADE;

--
-- Filtros para la tabla `comprobante`
--
ALTER TABLE `comprobante`
  ADD CONSTRAINT `comprobante_ibfk_1` FOREIGN KEY (`proveedor`) REFERENCES `proveedor` (`proveedor_id`) ON DELETE SET NULL;

--
-- Filtros para la tabla `cuotabeneficio`
--
ALTER TABLE `cuotabeneficio`
  ADD CONSTRAINT `cuotabeneficio_ibfk_1` FOREIGN KEY (`compuesto`) REFERENCES `beneficio` (`beneficio_id`) ON DELETE CASCADE,
  ADD CONSTRAINT `cuotabeneficio_ibfk_2` FOREIGN KEY (`compositor`) REFERENCES `cuota` (`cuota_id`) ON DELETE CASCADE;

--
-- Filtros para la tabla `item`
--
ALTER TABLE `item`
  ADD CONSTRAINT `item_ibfk_1` FOREIGN KEY (`submenu`) REFERENCES `submenu` (`submenu_id`) ON DELETE CASCADE ON UPDATE CASCADE;

--
-- Filtros para la tabla `itemconfiguracionmenu`
--
ALTER TABLE `itemconfiguracionmenu`
  ADD CONSTRAINT `itemconfiguracionmenu_ibfk_1` FOREIGN KEY (`compuesto`) REFERENCES `configuracionmenu` (`configuracionmenu_id`) ON DELETE CASCADE,
  ADD CONSTRAINT `itemconfiguracionmenu_ibfk_2` FOREIGN KEY (`compositor`) REFERENCES `item` (`item_id`) ON DELETE CASCADE;

--
-- Filtros para la tabla `submenu`
--
ALTER TABLE `submenu`
  ADD CONSTRAINT `submenu_ibfk_1` FOREIGN KEY (`menu`) REFERENCES `menu` (`menu_id`) ON DELETE CASCADE ON UPDATE CASCADE;

--
-- Filtros para la tabla `submenuconfiguracionmenu`
--
ALTER TABLE `submenuconfiguracionmenu`
  ADD CONSTRAINT `submenuconfiguracionmenu_ibfk_1` FOREIGN KEY (`compuesto`) REFERENCES `configuracionmenu` (`configuracionmenu_id`) ON DELETE CASCADE,
  ADD CONSTRAINT `submenuconfiguracionmenu_ibfk_2` FOREIGN KEY (`compositor`) REFERENCES `submenu` (`submenu_id`) ON DELETE CASCADE;

--
-- Filtros para la tabla `usuario`
--
ALTER TABLE `usuario`
  ADD CONSTRAINT `usuario_ibfk_1` FOREIGN KEY (`usuariodetalle`) REFERENCES `usuariodetalle` (`usuariodetalle_id`) ON DELETE CASCADE;
COMMIT;

/*!40101 SET CHARACTER_SET_CLIENT=@OLD_CHARACTER_SET_CLIENT */;
/*!40101 SET CHARACTER_SET_RESULTS=@OLD_CHARACTER_SET_RESULTS */;
/*!40101 SET COLLATION_CONNECTION=@OLD_COLLATION_CONNECTION */;
